date,actual,predicted,reference,count
2019-01-02,0.0007420363721763201,0.00059509560910976,0.00040547844746972335,5
2019-01-03,0.0005878933098732401,0.00086208309146074,0.0004076470949109818,5
2019-01-04,0.0007577054774514801,0.00074245735597656,0.00041049807456559705,5
2019-01-07,0.00049338190732306,0.00085487705366216,0.0004126815734817256,5
2019-01-08,0.0006931554938057,0.00068594945371588,0.000415691596914776,5
2019-01-09,0.00033025704274703457,0.0007746206474859399,0.0004178533192998356,5
2019-01-10,0.00034160901095379537,0.00051004144645348,0.0004203397395264938,5
2019-01-11,0.00029645149605848155,0.00050432964350618,0.00042189278741990716,5
2019-01-14,0.0002658648486570087,0.00045203631500068,0.0004232611218534934,5
2019-01-15,0.0002386382540965,0.0003849298881200403,0.0004248073870700843,5
2019-01-16,0.00019985433535470873,0.0003488771571723,0.00042581510850802485,5
2019-01-17,0.0003209147459093421,0.00031846282109786,0.0004250738845507829,5
2019-01-18,0.00030239886237722085,0.00040074849541893995,0.00042536347597084916,5
2019-01-22,0.00053699827173626,0.0003760287717224,0.00042648459330299796,5
2019-01-23,0.00048739392469668004,0.0005385812254735,0.000427586653017459,5
2019-01-24,0.0002681504402025038,0.0005344218332600399,0.00042921274379714963,5
2019-01-25,0.0004361498662118675,0.00038714654825628,0.00043057777772678745,5
2019-01-28,0.0007394016750253199,0.00046866957939366,0.00043072515032378816,5
2019-01-29,0.00035251039134384,0.00062858731746662,0.0004316003013026408,5
2019-01-30,0.00046536541395404,0.00046265848535432,0.0004336486192981018,5
2019-01-31,0.00047383898504306,0.00054695943337888,0.0004344589673027104,5
2019-02-01,0.00032766662552816,0.00057879412228458,0.0004353203484642841,5
2019-02-04,0.00026425942182254,0.00046626951389243994,0.00043696836085494915,5
2019-02-05,0.00015278286291626277,0.00038789257633924,0.0004371604885994581,5
2019-02-06,0.00025055931925824,0.00028076207070378,0.00043680126343978584,5
2019-02-07,0.00026820682672893997,0.00035768017381346,0.0004252050517141074,5
2019-02-08,0.00011455447472057806,0.000370523581239,0.00042239764950345956,5
2019-02-11,0.00015767977249273897,0.00022108658415159141,0.00042253105758548355,5
2019-02-12,0.0001596122866107523,0.00024505745220295934,0.000420970033529609,5
2019-02-13,0.00016766885565684702,0.0002450692646204089,0.00041141423144936426,5
2019-02-14,0.00023554300391734464,0.000249062479127,0.00041038904963112635,5
2019-02-15,0.00022216072959915694,0.0003061579140540685,0.00041041165255032797,5
2019-02-19,0.0001435950207435681,0.0002978132496838998,0.00041044699811002006,5
2019-02-20,0.00018234406389235243,0.00023765131341018362,0.0004103495004047921,5
2019-02-21,0.0001704998041928424,0.00027246529143122,0.0004105675227405235,5
2019-02-22,6.95635818967816e-05,0.00026027543827101315,0.00041043769243298155,5
2019-02-25,0.00021671143750699186,0.00015856538986940322,0.00041060586811935497,5
2019-02-26,0.00018066861093206588,0.0002748224270852532,0.0004103134889534451,5
2019-02-27,0.000180526106404898,0.00025049358593008214,0.0004109268366918761,5
2019-02-28,0.00010972990531853296,0.0002518747649414536,0.0004114708794881382,5
2019-03-01,0.00014859558133655388,0.0001901229725507351,0.0004120398843293242,5
2019-03-04,0.00033278118935118,0.0002135618915779719,0.0004122935215017342,5
2019-03-05,0.0001626094371728792,0.00034000912584334004,0.00041001755774923204,5
2019-03-06,9.152547480444976e-05,0.00023694167025210678,0.0004090231769269389,5
2019-03-07,0.00023137058541379245,0.00016917048729738295,0.0004079024425557729,5
2019-03-08,0.0002267372327072,0.00026507224533143213,0.0004080443468248059,5
2019-03-11,0.0004346739894442512,0.000277047774436,0.00040839461345816406,5
2019-03-12,0.0002001230636484961,0.00038125179575976005,0.0004091138258807044,5
2019-03-13,0.00016230283953050213,0.00028512827936986,0.00041021202099051913,5
2019-03-14,8.017435238810018e-05,0.00024817382199738663,0.00041047408593734196,5
2019-03-15,0.00013290440330162965,0.00015892432374119882,0.0004100202661561891,5
2019-03-18,0.00019282627714329952,0.00019125643846170507,0.00041024565552081536,5
2019-03-19,0.00017512247103316508,0.00023994261538955037,0.00041044711625470783,5
2019-03-20,0.00031474512567354607,0.00025565778984143396,0.0004110732510795062,5
2019-03-21,0.0002645571439507478,0.00032320470362342,0.00041035837787678454,5
2019-03-22,0.00035539131797791997,0.00031248346204752715,0.00041090619364321393,5
2019-03-25,0.00032773521619592,0.00038439523880634004,0.0004116077124581884,5
2019-03-26,0.00040000148285812,0.00037611754954294,0.0004121672970658281,5
2019-03-27,0.00031888713503118,0.00043704580484662007,0.0004123091854546017,5
2019-03-28,0.0001498413839589908,0.00038114271526261997,0.0004109691008264452,5
2019-03-29,7.005543121078403e-05,0.00024685271735115107,0.00040523272007377193,5
2019-04-01,0.00010652566538276703,0.00014925505921324603,0.00040223553125145377,5
2019-04-02,9.497319263404692e-05,0.00017184094869225993,0.000397711589661596,5
2019-04-03,0.00016707828421125398,0.00015608268611049894,0.0003938618922978782,5
2019-04-04,0.00016596964340733245,0.00021875048082054368,0.0003918365352563265,5
2019-04-05,4.956613424301425e-05,0.00021560564111637815,0.00039045407467580594,5
2019-04-08,8.409725490926087e-05,0.00011155342187627085,0.00038988026316596705,5
2019-04-09,0.00011147813575202192,0.00013556522334018227,0.00038808327881922276,5
2019-04-10,8.167474115029536e-05,0.00015141474931747325,0.00038711069739148383,5
2019-04-11,0.00011774501530924662,0.00013191814100821765,0.0003867890886054981,5
2019-04-12,0.00012647501854027153,0.0001570571390852084,0.00038656372515166954,5
2019-04-15,0.0002033474162842944,0.00015830579166577094,0.0003866439340495458,5
2019-04-16,0.00017102641983548686,0.00022625974412429037,0.0003863375180216771,5
2019-04-17,0.0002741970905741852,0.0002216442433838715,0.00038645487409407354,5
2019-04-18,9.122684158285361e-05,0.00028448133024518385,0.00038594581601558264,5
2019-04-22,0.00019218377293001872,0.0001632017702599004,0.0003863659658490407,5
2019-04-23,0.00013439980492932174,0.000232343521959203,0.00038614610598561425,5
2019-04-24,0.00010251666012706117,0.00019715061218430002,0.0003860006886565345,5
2019-04-25,0.0001892656037428986,0.0001600763339792729,0.0003854960762296428,5
2019-04-26,0.00029651961782182676,0.00020611139299729278,0.0003830312044724133,5
2019-04-29,0.00013994614840192237,0.00028362596701022745,0.00038071717108392413,5
2019-04-30,0.00015495735651654,0.0001993311776935471,0.00038052859043989173,5
2019-05-01,0.0002522168279458658,0.00020730376361291998,0.0003800704365151776,5
2019-05-02,0.00025401436472666,0.00025562848415071424,0.0003799119868771666,5
2019-05-03,9.638266581539059e-05,0.00028766163309758,0.00038014956075897065,5
2019-05-06,0.00019113748881718017,0.00016178660749984665,0.00038066965813823503,5
2019-05-07,0.00040705476516734,0.00021992624965971557,0.0003803423611061341,5
2019-05-08,0.00019171487059348137,0.00035026640948888,0.0003804423702295198,5
2019-05-09,0.00035017712198466,0.0002476731182281,0.0003810441412583296,5
2019-05-10,0.0005470006549673,0.00034549565141606,0.0003817267379495664,5
2019-05-13,0.00034768549374630716,0.00046929716233984006,0.00038271570895595703,5
2019-05-14,0.0002219600586179987,0.00039494371234775997,0.00038436677982726605,5
2019-05-15,0.0003349245014788,0.0003019970680473,0.0003851870510319726,5
2019-05-16,0.00023746946560834,0.00036475849630514,0.00038616051166812945,5
2019-05-17,0.00042131553074627995,0.00031815969985832,0.0003867742671668847,5
2019-05-20,0.00019658065168756867,0.00038122715084562,0.00038763276552717524,5
2019-05-21,0.00013246473734837772,0.00028179508003203996,0.00038854587714009305,5
2019-05-22,0.00019947207656099853,0.00021830994265055999,0.00038934494853850134,5
2019-05-23,0.00023711326990504003,0.0002308430920170234,0.00038951209269045005,5
2019-05-24,0.0001537386784059146,0.00028053485318622,0.0003900061106991958,5
2019-05-28,0.0001551858889547657,0.00022560525027640003,0.0003904908385014773,5
2019-05-29,0.00018638458558999056,0.00021791201143042,0.00039058804131860797,5
2019-05-30,0.00015308808344933382,0.00023768760978840005,0.00039121059574106695,5
2019-05-31,0.0001611311050723463,0.00020468327494414188,0.0003915376932582539,5
2019-06-03,0.00072691489510356,0.00021139256921094126,0.00039212018892296926,5
2019-06-04,0.00032443232262962,0.00048646928582844,0.00039249814480428653,5
2019-06-05,0.00030428960406649996,0.00035149020857606005,0.0003942172394774122,5
2019-06-06,0.0001334900870439249,0.00034664766327676,0.00039509147311727374,5
2019-06-07,0.00025149530451457996,0.00021609355423916,0.00039607268367918106,5
2019-06-10,0.000381082188182,0.00028763238408782,0.00039652222273872954,5
2019-06-11,0.00018038296593272439,0.00036315794807868004,0.00039701346150239954,5
2019-06-12,0.00014294483724656574,0.00025534713240522,0.00039809042912207005,5
2019-06-13,0.0001427684371991323,0.00021080059918853999,0.00039884656728947897,5
2019-06-14,0.0001239233976205083,0.00020527871474125997,0.0003995410220100884,5
2019-06-17,0.00011598198942641177,0.00018534313344608787,0.00039936019048352476,5
2019-06-18,0.00032038144245151516,0.0001661127516681145,0.00039965111067478634,5
2019-06-19,0.00012646728845704247,0.00029149558825250233,0.0003998134951142167,5
2019-06-20,0.00014463151077922777,0.00018437232931330002,0.0004006517152953257,5
2019-06-21,0.00011545224059357527,0.00019581998606479998,0.00040043935866313114,5
2019-06-24,8.375103295661056e-05,0.0001638697583123344,0.00040074073852173174,5
2019-06-25,0.00022508443468625998,0.0001359413081433786,0.000400252974794669,5
2019-06-26,0.00018989917412705543,0.00023796559560674,0.00040035373147671947,5
2019-06-27,6.606402387790285e-05,0.00021768335987258077,0.00039888622825355006,5
2019-06-28,9.61048058605823e-05,0.00012112473221590298,0.0003985954617464852,5
2019-07-01,0.00025881621059106714,0.00013995891416070002,0.0003975978131241519,5
2019-07-02,0.00010395239495761171,0.00022726522326310976,0.0003973698496386194,5
2019-07-03,6.826102820236202e-05,0.00015666380598404773,0.00039764106080725193,5
2019-07-05,8.182757219519144e-05,0.00011593004090927851,0.0003971516677060782,5
2019-07-08,7.702328249181076e-05,0.00012129470244560911,0.00039707937620256487,5
2019-07-09,0.00013160039375818226,0.00010608383623110351,0.0003970616058721307,5
2019-07-10,0.00041544198434643006,0.00014628136227791644,0.0003969576418919522,5
2019-07-11,0.00019807173841232228,0.00024421301396605635,0.0003971813680690796,5
2019-07-12,6.708918097214614e-05,0.00020634108184386656,0.00039781059610363625,5
2019-07-15,0.00012716483840522782,0.00012248387710424687,0.00039822715010675387,5
2019-07-16,0.00010265779540944429,0.00015087775040268088,0.000398234015036207,5
2019-07-17,7.131396300512607e-05,0.00014493794540235946,0.00039842643040399544,5
2019-07-18,0.00022150701806490335,0.0001141626238584109,0.00039845023274004106,5
2019-07-19,0.00015350164624827742,0.00020540611451853424,0.0003956282058778288,5
2019-07-22,0.00013876442966414803,0.00017985035756559387,0.000395934135002121,5
2019-07-23,0.00010365571361669676,0.00016471842940043738,0.0003960251955271987,5
2019-07-24,0.0002244189300210419,0.0001386811766517087,0.0003961818633107781,5
2019-07-25,0.00017932401895064034,0.0002101746625855952,0.00039575607754930897,5
2019-07-26,0.0001606600301821862,0.00020015188627817035,0.0003957129021088966,5
2019-07-29,0.00017718963584304278,0.00018101261668658484,0.00039603881865160433,5
2019-07-30,0.00010279944201429426,0.0001984411453580311,0.00039621163874974834,5
2019-07-31,0.00055393991854324,0.00014203616159702142,0.00039567316101710143,5
2019-08-01,0.00073957799650062,0.00035870608575,0.0003951040571667696,5
2019-08-02,0.00024560760639854,0.0004942254631467001,0.0003949702053554271,5
2019-08-05,0.00032463813515657997,0.00029806843272873996,0.000396114665528333,5
2019-08-06,0.00027309605872288,0.0003337690613735,0.0003962506372414658,5
2019-08-07,0.00028266490728116,0.00030527402800138,0.0003971374159828468,5
2019-08-08,0.00023703802122926,0.00032553328440687997,0.000397954065877129,5
2019-08-09,0.00024311842798750987,0.00029103543873899997,0.0003988448856689114,5
2019-08-12,0.00018443537177769998,0.0002960070195591,0.00039955745192753417,5
2019-08-13,0.00055683841886222,0.00024291909051436003,0.0004003608762440314,5
2019-08-14,0.00021243475148059998,0.00044076059035906003,0.00040105050545007276,5
2019-08-15,0.00033898559072622454,0.00028579848658614,0.00040211470045126006,5
2019-08-16,0.0001671508387661462,0.00033768476594176,0.0004028358614779551,5
2019-08-19,0.00018445410247245475,0.00024220484803447298,0.00040290615965403123,5
2019-08-20,8.739314513013611e-05,0.0002449606917184606,0.0004033226218103754,5
2019-08-21,0.00010912338060298983,0.00015394245374896262,0.0004032578670951449,5
2019-08-22,0.00016404125327132787,0.00016180197227380258,0.0004012451587333763,5
2019-08-23,0.0006379061093893999,0.00020539821630753734,0.0004012384759432281,5
2019-08-26,9.386567792956685e-05,0.00045160902265244004,0.00040157152086533137,5
2019-08-27,0.00026280622659036,0.00016544500545694,0.0004025932334178721,5
2019-08-28,0.00014515047309202845,0.00027483741269494,0.00040281692488573496,5
2019-08-29,9.566731439908916e-05,0.0002121681861992,0.00040298571251616794,5
2019-08-30,0.00016453356880873543,0.00015883120952342854,0.00040323486409944405,5
2019-09-03,0.00014147401320402294,0.0002097395727085725,0.0004033887362822234,5
2019-09-04,7.283994157074025e-05,0.00019648072580584,0.000403141463140671,5
2019-09-05,0.0001753717254381053,0.00012676969033825454,0.0004034333626843914,5
2019-09-06,0.00010546013011396163,0.0001914807561027617,0.0004033619292537172,5
2019-09-09,0.0003183999642418678,0.00015504019190331226,0.0004015625722891385,5
2019-09-10,0.00035946578990996047,0.0002808178850987021,0.0004005486021584941,5
2019-09-11,0.00016406781794590415,0.00031508210214619884,0.00040021742551654216,5
2019-09-12,0.00014216677659630923,0.00022546652132536985,0.00040075977535838176,5
2019-09-13,0.00010395861998360187,0.00019653094656592389,0.0004007573332792818,5
2019-09-16,0.00012602684131599414,0.00016363754273840837,0.00040031865508571103,5
2019-09-17,8.772404933742485e-05,0.0001713026114141934,0.0004003827575305728,5
2019-09-18,0.00021410977863341884,0.00013600806483238508,0.0004005357704556467,5
2019-09-19,0.00017916295688041292,0.00022041179797500002,0.0003998786803295889,5
2019-09-20,0.00044298406621983994,0.0002098773592319186,0.000399677392627787,5
2019-09-23,0.00026222691730933034,0.00034450383319748,0.00039915738908316047,5
2019-09-24,0.0004233592984062,0.0002825194444787643,0.000400113161118594,5
2019-09-25,0.00044557360766471997,0.00041282575145044,0.0004004941830883416,5
2019-09-26,0.00014374156200744307,0.00043149615282463995,0.0004002422924453991,5
2019-09-27,0.0003487632306546,0.0002379820791384828,0.0004015154959638123,5
2019-09-30,0.00011454793912834696,0.00032595940658056,0.000401738311092027,5
2019-10-01,0.00034359407629806,0.00019492240008116,0.0004026568204598781,5
2019-10-02,0.0001691217243538167,0.00033644631563386,0.00040292856244666594,5
2019-10-03,0.00049572479048132,0.00023720096817026002,0.00040346568155884434,5
2019-10-04,0.00019768714272710213,0.00042021887741734,0.00040346508412810985,5
2019-10-07,0.00014532323785418848,0.0002740868205321829,0.0004046002360229485,5
2019-10-08,0.00010159374128376349,0.00021564761245682,0.00040416281424116105,5
2019-10-09,0.00011346617147907256,0.0001675580992418964,0.0004021816390449635,5
2019-10-10,0.00020432216237282517,0.00017147957622369445,0.00040024125752448537,5
2019-10-11,0.00012611986519841078,0.00022672513603170375,0.000400001742365932,5
2019-10-14,9.645671184345235e-05,0.00017953301135860937,0.00039827681241537177,5
2019-10-15,0.0002801901717065044,0.00014900495523945204,0.00039524125594787775,5
2019-10-16,0.00016530174114084514,0.0002446120265701149,0.0003935773294564345,5
2019-10-17,0.0004726714800165689,0.0002128158021326243,0.0003933185063856412,5
2019-10-18,0.0004176817627985376,0.0003344883583756092,0.0003923604442386709,5
2019-10-21,0.00019271780897404286,0.0003639431510997742,0.00039167261815909815,5
2019-10-22,0.000248449911071353,0.0002491784550510012,0.0003912939633108034,5
2019-10-23,0.0001399132434342561,0.0002798220851636076,0.00038996171792031394,5
2019-10-24,0.00010093308037151241,0.00020283382015347075,0.00038906552408586153,5
2019-10-25,0.00015602711581324294,0.00015402382468212306,0.0003875354699645674,5
2019-10-28,0.0001694371760819712,0.0001840660528694259,0.0003835942737899071,5
2019-10-29,0.00016701257832769074,0.00019129882126008984,0.0003808588048123466,5
2019-10-30,0.00017058272550839114,0.0002017307818007027,0.0003749161510714642,5
2019-10-31,0.0003743322575309703,0.00022094336067839714,0.0003594433051136699,5
2019-11-01,0.00013170313110037128,0.00028974521880092296,0.0003566893772011596,5
2019-11-04,0.00012879586504947787,0.00018295113937386145,0.00035517894479359806,5
2019-11-05,7.316169407799245e-05,0.00017786001259503453,0.0003526251069734491,5
2019-11-06,0.00011636661374226291,0.0001246887293821059,0.00035064669401487105,5
2019-11-07,0.00021851774834714404,0.00014478964061159593,0.0003483162999766202,5
2019-11-08,9.555942266179671e-05,0.0002189494124308104,0.0003472471544329484,5
2019-11-11,0.00012053664617023405,0.00014817981057973112,0.0003463502683052935,5
2019-11-12,9.355014435172876e-05,0.0001570995031042924,0.0003453469665388017,5
2019-11-13,0.00018107431448922208,0.00013699807077810185,0.00034415601749419064,5
2019-11-14,8.998520106755559e-05,0.00019594524582249088,0.00034247205277183673,5
2019-11-15,0.0003352483167526832,0.00013842694340178581,0.0003402528561946874,5
2019-11-18,0.00025343020826291724,0.00024753552505839385,0.0003364706251927841,5
2019-11-19,0.0001525822947471928,0.0002607958159190687,0.00033482981811513654,5
2019-11-20,0.00025295680925131996,0.0001982185343391724,0.0003335208911322963,5
2019-11-21,0.00012022864037986494,0.00027143824072176,0.00033147716271600305,5
2019-11-22,9.723154322300399e-05,0.0001880643809351298,0.00032162783965528535,5
2019-11-25,0.00013068539151611688,0.0001525523320758628,0.00032059038590590125,5
2019-11-26,6.342547620365898e-05,0.00017327799484909942,0.000319508429345715,5
2019-11-27,5.456220463114911e-05,0.0001107451260502731,0.00031785475001732354,5
2019-11-29,3.9963245859218316e-05,9.457698723535417e-05,0.00031641148950435714,5
2019-12-02,0.00026734686028586,7.561014026797558e-05,0.0003128159829592578,5
2019-12-03,0.00013524159231232652,0.0002124449510093,0.00031128867780493745,5
2019-12-04,8.90426540894205e-05,0.00016151148532095322,0.00031089340707647585,5
2019-12-05,0.00010677456044203777,0.00013363980994474388,0.00030943242479646905,5
2019-12-06,5.395597823402002e-05,0.00013527642449899684,0.00030646038083867466,5
2019-12-09,0.00016976327011229727,9.849464275905838e-05,0.0003052849296326229,5
2019-12-10,0.0001380940888137888,0.00016828816207523943,0.00030164908886692735,5
2019-12-11,3.545383668917481e-05,0.0001639548905634733,0.0003001094467958323,5
2019-12-12,0.00012317181854374872,7.530905499503215e-05,0.00029820909163484074,5
2019-12-13,0.00014602978957452834,0.0001278412780258642,0.0002958653441625141,5
2019-12-16,8.791288780164819e-05,0.00014917976243226794,0.00029486335911856244,5
2019-12-17,9.318160248428348e-05,0.00012616393013630637,0.00029375537048031964,5
2019-12-18,0.00010857331852998557,0.00011743993812747193,0.0002910096819890637,5
2019-12-19,6.644016633482006e-05,0.0001330971549466954,0.0002894994530731929,5
2019-12-20,8.68247020897322e-05,0.00010137946504682365,0.00028353516650559475,5
2019-12-23,6.090234839856706e-05,0.00011188539603533784,0.00027840995632808836,5
2019-12-24,3.351686848190187e-05,9.523522134590164e-05,0.00027303422589598054,5
2019-12-26,8.489947285996204e-05,6.526644844427147e-05,0.000268498207193377,5
2019-12-27,0.00014776083334794405,8.349581170004241e-05,0.00026344879131910627,5
2019-12-30,0.0001554939678969323,0.0001409457810210628,0.00025854903795579607,5
2019-12-31,6.39333673777532e-05,0.00014566980989071622,0.00025604824149108644,5
2020-01-02,8.11129377456953e-05,9.852336370687407e-05,0.0002553647680700154,5
2020-01-03,0.000102596182546802,0.0001084138394984086,0.0002533942432866706,5
2020-01-06,0.00020751556084361013,0.00011872791253616263,0.0002504034922868201,5
2020-01-07,9.234167665443187e-05,0.00018124769397185177,0.0002479283754477709,5
2020-01-08,0.00016321092442010614,0.00012008492456789712,0.00024525524306804746,5
2020-01-09,0.00012327993011886925,0.00016532721205358985,0.0002430097489047618,5
2020-01-10,0.00013796766519035556,0.00014826220505809436,0.0002405919178117763,5
2020-01-13,0.00011318844868378351,0.00016449857979338825,0.00023915628590147716,5
2020-01-14,0.00012472070550614435,0.00014877733299242576,0.0002378077499343629,5
2020-01-15,0.00011243259082127034,0.0001618626182190397,0.0002366043412756,5
2020-01-16,6.97702777533564e-05,0.00014761338805217684,0.00023571915369662776,5
2020-01-17,6.286751725067855e-05,0.00011512197267336966,0.00023492048794615108,5
2020-01-21,0.00011654367276025805,0.00010037898928445669,0.00023411357981748248,5
2020-01-22,0.0001800366436086327,0.0001309151865493017,0.0002329216373328218,5
2020-01-23,0.00023691645502093125,0.0001745637665019895,0.0002319489643757857,5
2020-01-24,0.0003700110139738098,0.00020852112176713726,0.0002305044506497083,5
2020-01-27,0.0003463883381300553,0.0003070667236682906,0.00022921119385806979,5
2020-01-28,0.00022195625034630222,0.0003071728402507603,0.00022889341677637142,5
2020-01-29,0.0001792963015559797,0.00027036484895581997,0.00022825255670040753,5
2020-01-30,0.00013964647106330902,0.00022689125291597704,0.00022683103896822178,5
2020-01-31,0.00029923234099442,0.00018853818048041485,0.00022589545471251408,5
2020-02-03,0.00029662826621636,0.000267204328074,0.00022447314815339324,5
2020-02-04,0.00027603888896678,0.00027986637450436,0.00022323668071604964,5
2020-02-05,0.00023813625384303715,0.00027910529299774003,0.00022249698571847788,5
2020-02-06,0.0001623750574604205,0.00026421240538404003,0.0002220652901496624,5
2020-02-07,0.00015752572424154,0.00021395987041421998,0.0002219996168745841,5
2020-02-10,0.00018282757351973113,0.00019965094655774001,0.0002214292982103014,5
2020-02-11,0.0002238297599607226,0.00021590582462494,0.00022075123219966148,5
2020-02-12,5.733151187885656e-05,0.00024794109429014,0.00022073067363011126,5
2020-02-13,0.00011544211496437962,0.00012046847061405668,0.0002207421166542667,5
2020-02-14,0.00014410300841970008,0.00015240497882278907,0.0002202476690590034,5
2020-02-18,0.0001622229198528473,0.00016603399501888955,0.00021986410754985973,5
2020-02-19,0.0001298222866918058,0.00018543977102519434,0.0002193080602521011,5
2020-02-20,0.00063149501302056,0.00016362121811359698,0.00021886213374948719,5
2020-02-21,0.00033300834059288005,0.00039306575501977994,0.0002185683635300563,5
2020-02-24,0.00068850806427902,0.00032663805567346,0.00021904693679826486,5
2020-02-25,0.0008759674183116,0.0005033069221367399,0.00021931028051811586,5
2020-02-26,0.00058903617844556,0.0006479469686630201,0.00022067830247155762,5
2020-02-27,0.00120666200940074,0.0005776186659574,0.00022215895541432656,5
2020-02-28,0.0013949413474995,0.00084921627113926,0.00022345707081126038,5
2020-03-02,0.00128433156193334,0.0010102302439910199,0.00022582747361363258,5
2020-03-03,0.0012951435131296402,0.00100326330270958,0.00022908186754791947,5
2020-03-04,0.0005416514511851799,0.0010492453529631798,0.00023221560330637824,5
2020-03-05,0.0007476467272035,0.00068535814919808,0.00023503003277907598,5
2020-03-06,0.00051410403979468,0.00073139835872978,0.00023680946325108383,5
2020-03-09,0.0016815318102298999,0.00060998189888902,0.00023904052623295843,5
2020-03-10,0.00121466188712888,0.00113265290376648,0.00024040921533437744,5
2020-03-11,0.0008748543785460202,0.0010803797290922,0.00024380447378410152,5
2020-03-12,0.00271300446755388,0.0009000563727056399,0.00024657879097986517,5
2020-03-13,0.0033875745579756804,0.0017853055559106199,0.00024901898182643574,5
2020-03-16,0.005032019634225821,0.00229136290516782,0.000255118710929266,5
2020-03-17,0.00449622433246584,0.0029945032402905803,0.00026358076879207006,5
2020-03-18,0.0037651374002782402,0.00319289312411142,0.00027470476403742276,5
2020-03-19,0.00320146009585782,0.00278886997849488,0.0002864228216117159,5
2020-03-20,0.0024545782969930202,0.00262143710110918,0.0002964752509317692,5
2020-03-23,0.00209044584767326,0.00226096337482934,0.00030559522076306194,5
2020-03-24,0.00104719022769292,0.0020313375389483,0.0003133272839090216,5
2020-03-25,0.00128359536709486,0.00132814481997424,0.0003198627692270452,5
2020-03-26,0.00082074204458182,0.00136714706176412,0.0003236406552208202,5
2020-03-27,0.00075207735913948,0.00110518842242248,0.00032733153322446105,5
2020-03-30,0.00059001171749416,0.00097527971006912,0.0003302047304750954,5
2020-03-31,0.00089934934365018,0.00078127012744674,0.0003330953137795318,5
2020-04-01,0.00088172283235208,0.00095823377327326,0.00033560331008204567,5
2020-04-02,0.0003797456963661,0.0009388947915920001,0.00033872391652879565,5
2020-04-03,0.00071946247294026,0.00062173201015894,0.0003418303137727698,5
2020-04-06,0.0006950905170839,0.00080976519294468,0.0003434294468257,5
2020-04-07,0.00050835872293612,0.0007660769870346999,0.0003457872228250187,5
2020-04-08,0.0002559598606185974,0.0006789242315865,0.00034838453855977434,5
2020-04-09,0.00031044758987808,0.00043799065325170005,0.0003505407251004344,5
2020-04-13,0.0008420807311788601,0.00044506133196806004,0.00035167793106842733,5
2020-04-14,0.00058636760516332,0.00072120161764466,0.0003529205627785854,5
2020-04-15,0.0005262793236288601,0.0006590730038895599,0.00035515923134429747,5
2020-04-16,0.000634055064217,0.0006097745113696999,0.00035714640282137605,5
2020-04-17,0.00056076295438894,0.0006700964184808,0.00035866828681838163,5
2020-04-20,0.00029266300671664,0.0006299346462232799,0.00036044785894178213,5
2020-04-21,0.0009354093849750601,0.00042720964895160004,0.00036181870543375874,5
2020-04-22,0.00048562457231764004,0.00080506555795098,0.0003628663557460274,5
2020-04-23,0.0004223782173537,0.0006058411334449,0.0003651390622380583,5
2020-04-24,0.00022159974793411192,0.0005474399715052,0.0003667608500208384,5
2020-04-27,0.00023498100320246,0.0003606224296649,0.00036829800731260796,5
2020-04-28,0.00026928079258624,0.00034070717266848003,0.00036891114634700323,5
2020-04-29,0.00047589182479808,0.00036784266130435997,0.0003691376590678693,5
2020-04-30,0.00027898057501238,0.0005034793156175,0.0003698063554314043,5
2020-05-01,0.0006810312827162199,0.00037829441795126,0.00037098165524094624,5
2020-05-04,0.00022760765191584,0.00062940785317862,0.0003714684248195198,5
2020-05-05,0.00027123788054204,0.00036537269685676,0.00037282456061349227,5
2020-05-06,0.00019529317484836837,0.00036876964323894,0.00037363244192046413,5
2020-05-07,0.0001283888089231661,0.00029896666421846,0.00037422309030768323,5
2020-05-08,0.00012474250236195136,0.00022800130708408004,0.00037401951988994344,5
2020-05-11,0.00027154676843176,0.00020809331824363998,0.0003739414571473085,5
2020-05-12,0.0002647182739039,0.0002986265759459,0.00037339620979344966,5
2020-05-13,0.0009436287276569999,0.00031264052852364,0.00037271894556172773,5
2020-05-14,0.00045583236133893206,0.00067769732979554,0.0003723923456259177,5
2020-05-15,0.0003473145279609678,0.0005125836148982,0.0003738832196804742,5
2020-05-18,0.00028282476653174,0.00044030026734554004,0.00037446982729393875,5
2020-05-19,0.0002502820531062854,0.00040332463219816,0.00037495451208555467,5
2020-05-20,0.0001137476788051649,0.00034858410785118,0.00037504220050362034,5
2020-05-21,0.00029411095930924,0.0002131653667173921,0.00037530723632829945,5
2020-05-22,0.0002385688762967885,0.00032815200827817997,0.0003752868213444376,5
2020-05-26,0.00027037392044552,0.00029561693037051756,0.0003756729678375375,5
2020-05-27,0.00102778301450494,0.00033472238340445995,0.00037573281735017364,5
2020-05-28,0.00045178361760873996,0.00070275515012812,0.00037616582184671354,5
2020-05-29,0.0001937627171675521,0.00051647534317682,0.0003780898025558314,5
2020-06-01,0.00010902450721202888,0.00031934847329579996,0.0003791961030851505,5
2020-06-02,0.00012296134966841604,0.00020948939305044,0.0003796511237135301,5
2020-06-03,0.00010645777729982166,0.00020253468447518002,0.00037964357142717894,5
2020-06-04,0.00037410268062393413,0.00018402907008501027,0.0003785168468186342,5
2020-06-05,0.0002686679834835548,0.00035469034491708,0.0003778523184912888,5
2020-06-08,0.00022354087611175903,0.00030861572171406003,0.0003778842338946234,5
2020-06-09,0.00033751150073044,0.00028565553021344,0.0003782513853528571,5
2020-06-10,0.0003343097543824271,0.00035185417817692,0.0003782435406946254,5
2020-06-11,0.00080815320403088,0.00036318369990284,0.0003781986844648566,5
2020-06-12,0.00088500698583774,0.00061619877951202,0.00037862660735175186,5
2020-06-15,0.00036337275341078,0.00079037865763144,0.00038023533028954347,5
2020-06-16,0.00037184404179078,0.00049732258316532,0.0003825571554597426,5
2020-06-17,0.00015122791488608465,0.00048041600417570004,0.00038379516914910464,5
2020-06-18,0.0001263374737242434,0.00028087643044518,0.00038504240427810296,5
2020-06-19,0.00022024228336409998,0.00023182079683619085,0.00038500026476299455,5
2020-06-22,0.00012882393998350777,0.00029626201544416,0.0003851885523325298,5
2020-06-23,0.0002475138000346,0.00023030865686862,0.000385587131814194,5
2020-06-24,0.00044393061880202,0.00031764439046396,0.00038585077823703637,5
2020-06-25,0.00024214480619087997,0.00046670374990716,0.000386571822214499,5
2020-06-26,0.00041717629221648,0.00033934292993992,0.0003874795133029927,5
2020-06-29,0.00041680191703184,0.00044655091170567996,0.0003879622893746885,5
2020-06-30,0.00021053974721937978,0.00047350867427334005,0.00038925366310282254,5
2020-07-01,0.00034936002068562536,0.00033902112163264,0.0003905772732619997,5
2020-07-02,0.000277893734128,0.00039251782728454,0.0003910207490491804,5
2020-07-06,0.00025834991454037724,0.00037099501038254,0.0003919566777051347,5
2020-07-07,0.00023105407429672002,0.00037591990622704003,0.00039296884028240957,5
2020-07-08,0.0001260724319149668,0.00035771871663862,0.0003939792577577327,5
2020-07-09,0.00036427332454062,0.0002549888115383445,0.00039497780887046087,5
2020-07-10,0.000663989483469721,0.00042695235648862,0.00039540918763736734,5
2020-07-13,0.0017994856729941,0.0005785767044440601,0.00039613434375848866,5
2020-07-14,0.00122683845972942,0.00118688015768288,0.0003976114692449973,5
2020-07-15,0.00047943724601154006,0.0010889956571376,0.0004018352640091983,5
2020-07-16,0.00064317272425936,0.00068483707987664,0.00040555795411528924,5
2020-07-17,0.0002643792498055837,0.00071006263294064,0.0004077004109981237,5
2020-07-20,0.00047894450917604,0.00044089941030125995,0.00041006509357384684,5
2020-07-21,0.00024968397641965916,0.00055826844646054,0.0004109995907793339,5
2020-07-22,0.00023249171678005413,0.00037960443209368,0.00041250124986225026,5
2020-07-23,0.0005902022936270001,0.00034648544124212,0.00041335397209516,5
2020-07-24,0.00075002588023618,0.00058024306488848,0.000414178592192741,5
2020-07-27,0.0001758843779705966,0.00071677707312492,0.0004156471175987048,5
2020-07-28,0.00010427983058291861,0.000312307257788,0.0004176972175465093,5
2020-07-29,0.00011307328879090305,0.00021149181880621056,0.0004182182280270706,5
2020-07-30,0.00025685883250592,0.00020295386671959997,0.00041827001641376964,5
2020-07-31,0.0005150200092518,0.0003053399842034,0.0004185117533388592,5
2020-08-03,0.00028511014769358,0.0004414651199795,0.0004182999830946267,5
2020-08-04,0.00019075523949780036,0.00035221299929032,0.000418090616653487,5
2020-08-05,0.00012685026353597843,0.0002908071081949,0.0004183054760446044,5
2020-08-06,0.00026020662284244,0.00021750522186988002,0.0004181349921034194,5
2020-08-07,0.0005101414890478801,0.00030551745283996,0.00041778670319019933,5
2020-08-10,0.00054672351881258,0.00047126601779172005,0.0004177072752871559,5
2020-08-11,0.00025897642279868,0.00053312897148908,0.0004184224759976827,5
2020-08-12,0.00022307744955459528,0.00035908195981518,0.0004193634361243889,5
2020-08-13,0.00022060555085976,0.00033298880341874,0.0004198243998914556,5
2020-08-14,0.00014981910624841454,0.00030681183132126,0.0004193967340702639,5
2020-08-17,0.00018627929144462144,0.00024436880848616,0.0004194801203588953,5
2020-08-18,0.00023960820942752,0.00024382054507046002,0.00041910981894042066,5
2020-08-19,0.0001136841255876485,0.00028976022868518,0.00041911623043659524,5
2020-08-20,0.00029027500606041323,0.00019036684423596,0.00041929400637693936,5
2020-08-21,0.00027087466471074033,0.00030384949861786,0.0004194385476090306,5
2020-08-24,0.0004951451932346,0.00030008530282046,0.00042000222826912614,5
2020-08-25,0.00013474565334564427,0.00045723632606203997,0.0004203779706759234,5
2020-08-26,0.00048056116250606,0.00022006662009966,0.0004204003012450091,5
2020-08-27,0.00025588506566971995,0.0003629207499574,0.0004206170536840675,5
2020-08-28,0.00017204902121315853,0.00031201272856135997,0.0004209665907366963,5
2020-08-31,0.00040674565578052035,0.00023592974208131505,0.00042136279923813346,5
2020-09-01,0.0003141184526767568,0.00036192202834392896,0.00042166874579590283,5
2020-09-02,0.0010416975702995002,0.00035704574562806,0.0004222726444293765,5
2020-09-03,0.00122193163654162,0.00071031268483094,0.0004229098072064489,5
2020-09-04,0.00427222111352398,0.00095397474694208,0.00042522545400999116,5
2020-09-08,0.00121472625731774,0.0020987555784199403,0.00042825122381490914,5
2020-09-09,0.00060587109428806,0.00120650946290082,0.00043596438011061004,5
2020-09-10,0.0009255943302048,0.0007889324389042801,0.00043963775938760254,5
2020-09-11,0.00098125200806226,0.0009386763008705799,0.00044151811786680134,5
2020-09-14,0.0005913898877699601,0.00092998384494978,0.00044434831540467916,5
2020-09-15,0.00038127107877872,0.0007391676708804801,0.00044725884277921823,5
2020-09-16,0.00036249048051954,0.00054059398531114,0.0004495426924940677,5
2020-09-17,0.00044143939540286,0.00050844940381448,0.0004510081344539763,5
2020-09-18,0.00079477854612692,0.00058479127437902,0.0004524860762753338,5
2020-09-21,0.0005364274269478,0.00078607146757228,0.0004539320265785243,5
2020-09-22,0.00049387293971586,0.0006245647291754999,0.0004562185111354305,5
2020-09-23,0.0004887377452203,0.0005788150808092201,0.0004573298638972481,5
2020-09-24,0.00052458643835164,0.0005814158975565199,0.0004585056402318927,5
2020-09-25,0.00052433594600086,0.00059031967047514,0.0004591746487481867,5
2020-09-28,0.00024921598485168003,0.00062863012448072,0.0004598049008023554,5
2020-09-29,0.00020667688323474336,0.0004032831418355,0.00046135509145847533,5
2020-09-30,0.00031981782083976,0.00032354291968728,0.00046166193167774107,5
2020-10-01,0.00022348411593842827,0.00041140585720844,0.0004621723305650668,5
2020-10-02,0.00044223591734075996,0.0003204996022405,0.0004624697890633787,5
2020-10-05,0.000175799621180915,0.00050280216772078,0.000462800339198578,5
2020-10-06,0.00036367026462507995,0.00031014660963394,0.00046312805066803616,5
2020-10-07,0.0001920281532278662,0.00042284389773228,0.00046327114506923355,5
2020-10-08,0.0001263792644334987,0.00029129087659069997,0.0004640933525504855,5
2020-10-09,0.00011290432656175103,0.00021711613678311999,0.0004645843556352029,5
2020-10-12,0.0005336640684587,0.00018573445596404,0.0004647654530977403,5
2020-10-13,0.00033595560354572,0.00043083005445698,0.0004646027916689003,5
2020-10-14,0.00048504234654902,0.00037052033867676003,0.00046560000215738597,5
2020-10-15,0.00021715848173879635,0.00047679415739722,0.0004664790314567404,5
2020-10-16,0.0006568174638351126,0.00033189509906134,0.0004674003891187527,5
2020-10-19,0.00046273420459124,0.00046860225003681995,0.0004678729260113269,5
2020-10-20,0.00029856773210996,0.00049533805064552,0.00046840512399410944,5
2020-10-21,0.00030264641547081997,0.00039791380249547996,0.0004689265323256402,5
2020-10-22,0.00028012970488906005,0.00038049540849882,0.0004695167519583565,5
2020-10-23,0.00015501712493530328,0.00036688341457816003,0.0004699162492731787,5
2020-10-26,0.0007082103456155601,0.00025861481055888,0.00047056723972724497,5
2020-10-27,0.00015854558375946,0.00057835524953322,0.000470982283321994,5
2020-10-28,0.00028233556143104,0.00027622392837698,0.00047254692299129473,5
2020-10-29,0.00085547011546312,0.00033765628546178,0.0004728839273846157,5
2020-10-30,0.00086517911838424,0.00065027035383094,0.0004734233143039057,5
2020-11-02,0.00049185182539962,0.00078092671939516,0.00047512699284816184,5
2020-11-03,0.00043491737858218,0.00062541291885424,0.0004770761257870278,5
2020-11-04,0.00037440178494940003,0.00057198826854924,0.0004788319264992516,5
2020-11-05,0.00028843816264424,0.00049776929991812,0.00048039592751494283,5
2020-11-06,0.00039703967690792,0.00042573594258533997,0.0004818764059694509,5
2020-11-09,0.00101600020649496,0.00045946678162829996,0.0004829912722471245,5
2020-11-10,0.0006364301987749199,0.0008400853606425,0.0004839457062518764,5
2020-11-11,0.0002245380711168545,0.00068132021542212,0.0004866913631965699,5
2020-11-12,0.0003184142719619751,0.00038029617716057995,0.000488771604118466,5
2020-11-13,0.0002983325274855,0.00043522539022394,0.000489737072794587,5
2020-11-16,0.00022806188738045996,0.00041092113001602005,0.0004906865971771324,5
2020-11-17,0.0001129098685231221,0.00032744536093432,0.0004917679233144906,5
2020-11-18,0.0001920898450842127,0.00020560364691862452,0.0004920850258378077,5
2020-11-19,0.00015051735252893605,0.0002502175912775458,0.0004918660092941552,5
2020-11-20,0.00015229360562385512,0.00023157420027116,0.0004920723547581962,5
2020-11-23,0.00025416252611756,0.00021991109441100746,0.0004919141641214875,5
2020-11-24,0.0001724885360068,0.00029321450097596,0.0004920405399686141,5
2020-11-25,9.647735319216111e-05,0.00023677588555536,0.0004925987231785351,5
2020-11-27,0.00011136024814482372,0.00016594696773310002,0.000492850698935306,5
2020-11-30,0.00037221025861386,0.00016850624705574686,0.0004930697538626188,5
2020-12-01,0.00034321202175042,0.00034311726015314,0.0004933631239412711,5
2020-12-02,0.00027091435538688,0.00036693059413058003,0.0004944246601312917,5
2020-12-03,0.00015103978364220693,0.00032708719637016004,0.0004950376983976459,5
2020-12-04,8.287527077191804e-05,0.00023459912618772,0.0004956947448700634,5
2020-12-07,0.00017074520334135347,0.00015031967925952414,0.0004960953770773768,5
2020-12-08,0.0002010609784942061,0.00021152742879464002,0.0004961550725327758,5
2020-12-09,0.00052051532900768,0.00023733785619894002,0.0004966036153345041,5
2020-12-10,0.00020919878497241998,0.00043272400657964,0.0004968776220572173,5
2020-12-11,9.249328965592484e-05,0.00027362284589446,0.0004979441661683926,5
2020-12-14,0.00025445543246913684,0.00016745848972306,0.0004987311256560887,5
2020-12-15,0.00016117172556252672,0.00026011859283616,0.0004988883368136172,5
2020-12-16,0.0001045563165306767,0.00023409776883943998,0.000499328570267601,5
2020-12-17,0.0001023907529058596,0.00016597435368608044,0.0004997568791513436,5
2020-12-18,0.0001980195382804,0.00016424760582582,0.000499949476038481,5
2020-12-21,0.00028850167854554,0.00022898114220336,0.0005000730889387949,5
2020-12-22,0.0002451731861293161,0.00029092805271086,0.000500579444800527,5
2020-12-23,6.891844925035727e-05,0.00028559054443152,0.0005012899315333665,5
2020-12-24,8.632679764407323e-05,0.00013643317394383081,0.0005020453097995793,5
2020-12-28,0.0003446655786207,0.00014958147390269424,0.0005023277174404506,5
2020-12-29,0.00028650233201422,0.00031581703657646,0.000502589962131731,5
2020-12-30,0.00014399448132994364,0.00034213581537394,0.0005032838956855223,5
2020-12-31,0.0002102130531574364,0.00022084366799120003,0.0005040635226914081,5
2021-01-04,0.00081476626885362,0.000253032327752,0.0005045489207242823,5
2021-01-05,0.0001541810202891753,0.00058761478320644,0.0005051228036141775,5
2021-01-06,0.0003437666004137,0.0002661694089571,0.0005069834657993771,5
2021-01-07,0.00022694072833061998,0.00037046341053984,0.0005073204567318582,5
2021-01-08,0.00019632067701210002,0.00030184245158908,0.0005083140221523818,5
2021-01-11,0.0002719049727207504,0.00027026045223004,0.0005088557492933957,5
2021-01-12,0.0003188586409329,0.00030055910873618005,0.0005093398693218557,5
2021-01-13,0.00021638086033911832,0.00035908581776974,0.0005098797920557557,5
2021-01-14,0.00019709835976496976,0.00028242407100604,0.0005107143495350307,5
2021-01-15,0.00022944809583674,0.0002646714826957,0.0005111927679984712,5
2021-01-19,0.00028668607668106154,0.00029145412541978,0.0005116572842470567,5
2021-01-20,0.00055361002523124,0.00031527475555654,0.0005123570150119233,5
2021-01-21,0.00056506972231982,0.00047683131107270003,0.0005132097759891934,5
2021-01-22,0.0002014142988655577,0.0005058306663473201,0.0005145824590230165,5
2021-01-25,0.0008927918004343199,0.0002898776794913,0.0005158970102128789,5
2021-01-26,0.00016753076254896,0.00066677218666762,0.0005162198536959113,5
2021-01-27,0.0007404969452338599,0.00028556136655301996,0.000517647256326861,5
2021-01-28,0.00050307778300138,0.00059425764708992,0.0005175614965106003,5
2021-01-29,0.00039384424562848003,0.00053057032430818,0.0005188467853920847,5
2021-02-01,0.00037893783530141997,0.00046158341931388,0.0005200518610722126,5
2021-02-02,0.00021348186484720222,0.0004440588265664,0.0005211353739247263,5
2021-02-03,0.0003965642405628182,0.00030016725644828,0.0005218371774901722,5
2021-02-04,0.00028652687118144,0.00036758352653908,0.0005219177365455052,5
2021-02-05,0.00012083372134728463,0.00035009087238026,0.0005222688406468598,5
2021-02-08,0.00021415057629478492,0.00021079996631476,0.0005226096282143052,5
2021-02-09,0.00023976380561041883,0.00027193245750694,0.0005225970889123231,5
2021-02-10,0.00028205084711134,0.00027225681505596,0.0005228839203049787,5
2021-02-11,0.00012087303315108495,0.00032154949741173996,0.0005231075353463717,5
2021-02-12,0.00019130952256902787,0.00020984755920936,0.0005233996321841557,5
2021-02-16,0.00019930206434200004,0.00023207933039978,0.0005237543111071529,5
2021-02-17,0.00018975030038207867,0.00025478026995652,0.0005240704791689665,5
2021-02-18,0.00016411715717464626,0.0002492598052714,0.0005244226469266554,5
2021-02-19,0.0001315565601845427,0.00022544606074188,0.0005246759010308071,5
2021-02-22,0.0004131220698827513,0.00020786358533392003,0.0005249212377079034,5
2021-02-23,0.0012214314987521202,0.0003450471091107,0.0005241863084631183,5
2021-02-24,0.00041887729680826005,0.00076345084019332,0.0005242593602624724,5
2021-02-25,0.0010106392121160001,0.0004925962075073,0.0005252916773976176,5
2021-02-26,0.00041727517407246005,0.00082101612173752,0.0005246752061231901,5
2021-03-01,0.00024059031451534,0.000529370627471,0.0005256410690429524,5
2021-03-02,0.00017761954881431998,0.00036904915900188,0.0005243718402982372,5
2021-03-03,0.00048647210430688003,0.00028659358812728,0.0005218274709133596,5
2021-03-04,0.00098244534930136,0.00046537506437168005,0.000518983543474541,5
2021-03-05,0.00106420022259806,0.0007663697726922999,0.0005166665978848921,5
2021-03-08,0.00061791854363938,0.00092440391987518,0.0005169880725812978,5
2021-03-09,0.0002894782707239856,0.00070572422172828,0.0005177539676652082,5
2021-03-10,0.00029750310934838003,0.00042709448862154,0.0005181338975177449,5
2021-03-11,0.0002474866238994,0.00041522041970545995,0.0005153340625370109,5
2021-03-12,0.00026189716342372,0.00034823665931206,0.000512694541468016,5
2021-03-15,0.00021351434667659934,0.00033373879532324,0.0005105047807005812,5
2021-03-16,0.00025297123567942,0.00029533510536078,0.0005047445951426947,5
2021-03-17,0.00037677062252212,0.00031922997892358,0.0004968238499053651,5
2021-03-18,0.00018849776885801998,0.00040360132039152,0.0004862076861697819,5
2021-03-19,0.00016417783265938003,0.0002810648925455,0.0004751390679010521,5
2021-03-22,0.0002923340752438,0.00025485501791794,0.0004651874604171259,5
2021-03-23,0.00019167911744662,0.0003274301865238,0.00045579626167430366,5
2021-03-24,0.00013700147720859484,0.00026515112328634,0.00044812351092705943,5
2021-03-25,0.00039440249621299997,0.00021315943135378,0.0004411148346744326,5
2021-03-26,0.0002706979030197,0.00039252831554928,0.0004366902894814942,5
2021-03-29,0.00021302015979476,0.00034227999732588,0.0004328227547742925,5
2021-03-30,0.00011070420097692773,0.00029796951510904,0.00042979534038898855,5
2021-03-31,0.0002279117798667,0.00019463855454926,0.0004271076015200993,5
2021-04-01,0.0001286332493168005,0.00026261278251444003,0.0004247796984530458,5
2021-04-05,0.00024112466125572,0.00020242272794617597,0.00042201929769606635,5
2021-04-06,0.00010487082349820423,0.00027464703084398003,0.0004190967895069956,5
2021-04-07,0.00021869009488308493,0.00018621135500797374,0.00041771946816050764,5
2021-04-08,7.950316861192168e-05,0.00023631267239587476,0.00041524504816869534,5
2021-04-09,0.0001138254151611255,0.0001390233715476246,0.0004131428088248905,5
2021-04-12,0.0004584236970002462,0.00016303282726912372,0.0004110003450945775,5
2021-04-13,0.00014452276460875718,0.0002950163498286,0.00040990924261051964,5
2021-04-14,0.0001503741076846156,0.00019420243725374757,0.0004093138260147282,5
2021-04-15,0.0001489559022577074,0.00019682525481617158,0.00040722255942587536,5
2021-04-16,0.00011719901608228793,0.00019803390338131438,0.0004053882429612984,5
2021-04-19,0.00023294064613248655,0.00017179701022589452,0.0004037543516597571,5
2021-04-20,0.00032185197483700003,0.00023890674609584,0.0004017769730555711,5
2021-04-21,0.0001339940209900402,0.00029782564299888,0.00040022527503919236,5
2021-04-22,0.0002466075260953114,0.0001837256489275,0.00039971184644414185,5
2021-04-23,0.0001667546036697,0.00027247536137324,0.0003972462118845248,5
2021-04-26,0.00012705388806382324,0.00022660679437675997,0.0003959233318366214,5
2021-04-27,8.582590990264121e-05,0.00017469328122162,0.000394650184308334,5
2021-04-28,0.00019280131133087854,0.00013998104497492213,0.00039391237022720984,5
2021-04-29,0.0002361440101127329,0.00021043436787943998,0.00039311583797445765,5
2021-04-30,0.00015548343533147352,0.00023995479480608001,0.0003924912018894382,5
2021-05-03,0.00022855669577997998,0.00020779325301201442,0.000391445469663996,5
2021-05-04,0.000466702191133,0.00025109104284848,0.00039076887773963385,5
2021-05-05,0.0001944370615473712,0.0003972622756752,0.0003892676205557841,5
2021-05-06,0.00015762312353105246,0.00026511724254602,0.00038939416650347636,5
2021-05-07,0.00010163426581003346,0.00022966968024206,0.00038898284745310764,5
2021-05-10,0.00014477523685729878,0.00016875638649973548,0.0003887078594214553,5
2021-05-11,0.00031245210915034,0.00019302133340656,0.00038847276053024756,5
2021-05-12,0.00031323430208236,0.00030520831486656,0.0003884129510666083,5
2021-05-13,0.00026483280757188,0.00032808918952538003,0.00038843906907819827,5
2021-05-14,0.00018766778933277233,0.00030832319619514,0.0003885003732885226,5
2021-05-17,0.0001467042095745535,0.00025672641991504,0.00038703460291709247,5
2021-05-18,0.00014166812693637755,0.00020719405351264002,0.0003860192965877942,5
2021-05-19,0.00013657442262121185,0.00021331487864073998,0.00038509427192972716,5
2021-05-20,0.00012052441376431606,0.00018996700408958,0.00038434026497116594,5
2021-05-21,0.00010838382809629367,0.00018411495523662464,0.000383710832019731,5
2021-05-24,0.00016395924120179533,0.00016729664259628797,0.00038359555260909306,5
2021-05-25,0.0001306579463360397,0.0001965898180936268,0.0003829572376659109,5
2021-05-26,5.049102298437061e-05,0.0001783521603357,0.00038256427293465345,5
2021-05-27,8.336929367426719e-05,0.00010091874911649762,0.0003819437561764441,5
2021-05-28,0.00011784578504368688,0.00011708912141164207,0.00037955551648989,5
2021-06-01,0.00014592349684646683,0.00013887129041457275,0.0003779706505305044,5
2021-06-02,0.0001473810870211186,0.00015753943659324292,0.00037725447123335663,5
2021-06-03,0.00019683331449070005,0.00017322423253162642,0.0003770483206124948,5
2021-06-04,0.0001292463194194338,0.0002064310905830051,0.0003769320092952584,5
2021-06-07,0.0001749617414901831,0.0001724658428413166,0.0003770209062019965,5
2021-06-08,0.00013920940372841106,0.00018887172986981906,0.00037629779309852126,5
2021-06-09,7.718095814764105e-05,0.00017655955680455343,0.00037582261852771076,5
2021-06-10,0.00010318630373156797,0.00012503055044439307,0.00037538969799831047,5
2021-06-11,8.307417786612406e-05,0.00014082155357535495,0.00037448960423746707,5
2021-06-14,0.0001825185904347338,0.000117756286007495,0.0003736072147679136,5
2021-06-15,6.89458475288136e-05,0.00017497484486414966,0.00037162926836511784,5
2021-06-16,0.00018742617184352,0.00011787065263979268,0.0003691871897430254,5
2021-06-17,0.0002757065101749243,0.00020648927902324,0.00036768142811395587,5
2021-06-18,0.0002354863024400519,0.00025781997433237005,0.0003665944172998589,5
2021-06-21,0.0002643471158052257,0.0002576891962368967,0.00036650292342639524,5
2021-06-22,0.00019994039057841172,0.00027968757617768,0.00036660557580496945,5
2021-06-23,7.073819411081023e-05,0.00022785381088648982,0.0003665398042205787,5
2021-06-24,0.00011029371195639742,0.00012662392991787415,0.00036653006276826867,5
2021-06-25,9.4667738100495e-05,0.00014469902327846523,0.00036577204506768894,5
2021-06-28,0.0001242839651818685,0.0001459329521697526,0.0003644942485334481,5
2021-06-29,0.00010187835751872291,0.00016569411448850855,0.0003637267486216617,5
2021-06-30,6.092217275852342e-05,0.00014941865179880358,0.0003626122375215936,5
2021-07-01,0.00010947532423545339,0.00010619663132392979,0.0003613261660038375,5
2021-07-02,8.2626100461114e-05,0.00013996505709343006,0.0003604022592962633,5
2021-07-06,0.00017745709510488903,0.00011622269163621228,0.00035940006576375887,5
2021-07-07,0.00011146164494109118,0.0001736881961882649,0.0003583890644988924,5
2021-07-08,0.00022499539943995152,0.00014555416633006666,0.0003575865577130243,5
2021-07-09,9.859536158102501e-05,0.00020821363861956146,0.0003567446348943396,5
2021-07-12,7.650894374313673e-05,0.00014704415897678953,0.0003565590191287889,5
2021-07-13,0.00019232395515902484,0.00011885605296474212,0.00035544827231326576,5
2021-07-14,0.00014186697825203993,0.00018690995908140552,0.0003536239840137446,5
2021-07-15,0.00027872695665346866,0.00017028905314633302,0.0003496558483050086,5
2021-07-16,0.0003225717658079929,0.00024860885298103605,0.0003460101871780591,5
2021-07-19,0.0003499916297875163,0.00028812867468340573,0.00034427912278561627,5
2021-07-20,0.00035731663925048,0.0003261246054576,0.0003426047816814209,5
2021-07-21,0.0003381458004385195,0.00035261528021782,0.00034214932610664443,5
2021-07-22,0.0001522845275176466,0.00032046094624750874,0.00034133324211361776,5
2021-07-23,0.0001980528034398968,0.00020673988135527614,0.0003410985457412123,5
2021-07-26,0.00018984728894102894,0.00022498758772333485,0.00034054399986864546,5
2021-07-27,0.00044002553249848,0.00022721233303705222,0.000339134255911641,5
2021-07-28,0.0002826585848082746,0.00036602448845702,0.00033719153868907005,5
2021-07-29,0.00011814539312875556,0.00029849969507362,0.000337404702302836,5
2021-07-30,0.00010739400595146714,0.00018810438950920587,0.0003377499716531035,5
2021-08-02,0.00015364940261197924,0.00015591531734238115,0.00033769104515623687,5
2021-08-03,0.00041811031045766003,0.00018169187668079945,0.00033709809012901057,5
2021-08-04,8.983384454449568e-05,0.00035276420221314,0.0003360672439254443,5
2021-08-05,0.00010071773123351821,0.00015852956464514873,0.0003360694312386301,5
2021-08-06,6.960938658539567e-05,0.0001513243843908736,0.00033554452035152794,5
2021-08-09,6.2828589202853e-05,0.00011922730616135957,0.00033528189798057953,5
2021-08-10,0.000123081440938115,0.00010132253605452912,0.00033454265136677547,5
2021-08-11,0.0001440232202971284,0.0001502934015516133,0.0003330746216773422,5
2021-08-12,0.0001059877773610227,0.0001716327756252435,0.0003315554329077491,5
2021-08-13,6.364573302789139e-05,0.00014087108046598667,0.0003308115869387414,5
2021-08-16,0.00040251273231626,0.0001023096583689086,0.00033004921502226227,5
2021-08-17,0.00013410880984461286,0.00028295627258238,0.00032923769846292754,5
2021-08-18,0.00017080866932549774,0.00017515156910702528,0.0003293908233204522,5
2021-08-19,0.0009747902818726973,0.00019267502881106083,0.00032911832738408934,5
2021-08-20,0.00017091628325755593,0.0004878372028626251,0.0003287330686544301,5
2021-08-23,0.00019223864329099988,0.00023658955066463745,0.0003299135065854884,5
2021-08-24,8.307890260031406e-05,0.00023133766686794,0.0003296466020301184,5
2021-08-25,0.0001300855359603132,0.00014773796885103193,0.00032937379395094177,5
2021-08-26,9.388254271594743e-05,0.00017768273381947418,0.00032814562586677107,5
2021-08-27,0.00013319702036398892,0.0001420456536783754,0.0003279774358418497,5
2021-08-30,0.00016407649494127252,0.0001551689584092959,0.000327100947364552,5
2021-08-31,0.00011762140712046742,0.0001776231681317738,0.0003264785514512501,5
2021-09-01,0.00018233102036453906,0.00015317765347131645,0.0003262471761577996,5
2021-09-02,0.0001304460439504194,0.00018678189674025222,0.00032541882546386063,5
2021-09-03,0.00013543397858678324,0.00016654895211744785,0.0003247431752698614,5
2021-09-07,0.000145698654628925,0.00016308034779649448,0.0003225853826797285,5
2021-09-08,0.0002371292767557091,0.00016372387184836006,0.00031944691284184923,5
2021-09-09,0.00010743357909108215,0.00022839497806950482,0.0003117682155935493,5
2021-09-10,0.00022068719632011366,0.0001551389714343764,0.0003078868089077107,5
2021-09-13,0.00032356368444345815,0.00021135973462925748,0.00030537175546536987,5
2021-09-14,0.0001405970614655205,0.00027000959390354,0.0003024855786152059,5
2021-09-15,0.00019242970492334,0.00018202319745472888,0.0002998666331745462,5
2021-09-16,9.103578285428452e-05,0.00020818366116464004,0.0002976557424069837,5
2021-09-17,0.00010761969170604081,0.0001418392564542605,0.00029633665381910076,5
2021-09-20,0.00045953526809397997,0.00013997603575293264,0.00029488185164703635,5
2021-09-21,0.00013224959983212567,0.00032018805578376,0.00029311671181121853,5
2021-09-22,0.00017983944309859766,0.00018703237789808002,0.0002912679681136451,5
2021-09-23,0.00012227195366985052,0.00021344763188408,0.00028953172862444896,5
2021-09-24,7.09662537604665e-05,0.00016967427517340005,0.000288081857795381,5
2021-09-27,0.00020838389508407291,0.00012189836128343057,0.00028644796246846376,5
2021-09-28,0.00031798351479366,0.00020696265844542,0.0002845891477494491,5
2021-09-29,0.00022583578291741996,0.0002865359859424,0.0002829158641540709,5
2021-09-30,0.00014462059288790975,0.00025122050215004,0.0002824525817894158,5
2021-10-01,0.00030437750833017997,0.00019217914721502,0.00028216558806902985,5
2021-10-04,0.0005687813215896999,0.00028990715909086,0.00028129564080715125,5
2021-10-05,0.00034256011116622,0.00041730833102596003,0.0002811742422232241,5
2021-10-06,0.00016033187334435999,0.00037058003361648,0.0002808349809664986,5
2021-10-07,0.00011190647422202387,0.0002258411678362,0.0002810747961410325,5
2021-10-08,8.645664789194242e-05,0.00018041997423035998,0.0002802930392763655,5
2021-10-11,0.00018096432496625937,0.00014484121867574759,0.0002798530753781102,5
2021-10-12,0.000158657435415457,0.00020697364380112049,0.00027956627014752536,5
2021-10-13,8.480762213249068e-05,0.00020153137825340943,0.00027965055263894236,5
2021-10-14,0.00011759755768502409,0.00014084839561441742,0.00027874063725718217,5
2021-10-15,9.321379999559168e-05,0.00015080619462969812,0.00027782924065772844,5
2021-10-18,0.00017035582628591493,0.0001229465526643836,0.0002765356376308732,5
2021-10-19,7.446445403630914e-05,0.00017812712240050166,0.00027570647673247253,5
2021-10-20,0.00018819797213533382,0.00012032452688616527,0.00027455379765455067,5
2021-10-21,9.72960302089602e-05,0.00018289166933423481,0.0002730656487507437,5
2021-10-22,0.0002036179908812096,0.0001358736595670464,0.0002722123863175642,5
2021-10-25,0.00019457465420209173,0.00017748177487202188,0.0002712416650916444,5
2021-10-26,0.0003324588383217401,0.00020032373220906603,0.00027049007128328675,5
2021-10-27,0.00041056930868750633,0.0002734232833789224,0.0002702587574803113,5
2021-10-28,0.00015966532152138072,0.00028554696932607304,0.000269048709995572,5
2021-10-29,0.00019219883004466,0.00020097179147015998,0.00026908570618981443,5
2021-11-01,0.0001982407048333133,0.00021550745677132002,0.0002685433074041334,5
2021-11-02,0.00018308331396,0.00022138892340079999,0.000266818057812627,5
2021-11-03,0.00013101581866861402,0.00022058250359454002,0.0002645976697332843,5
2021-11-04,0.0016584803922549609,0.00017807426152194,0.00026299119983146004,5
2021-11-05,0.000539837458115659,0.0006325570421317199,0.00026142804900992315,5
2021-11-08,0.00023189457324344112,0.00047635942881544,0.0002619629210028343,5
2021-11-09,0.00047256755745461715,0.0003083728361082774,0.0002621638078529537,5
2021-11-10,0.000728487985232677,0.00042626667915682617,0.00026156422870406474,5
2021-11-11,0.00018289774921392574,0.0005784474042809771,0.0002599220910791216,5
2021-11-12,0.00034957439006204,0.0002744068580343103,0.00025951386563808525,5
2021-11-15,0.0003105912765696975,0.0003660912834022,0.00025909366992726677,5
2021-11-16,9.660099051086e-05,0.000352674636901,0.00025881932823352974,5
2021-11-17,0.0003271435727905647,0.0001887883072492848,0.0002585881913560892,5
2021-11-18,0.00033483508273331354,0.0003156899510275013,0.0002580379649525771,5
2021-11-19,0.00025484282095932854,0.00033575951138654003,0.0002584748153657076,5
2021-11-22,0.0007854338403354,0.00029844274793101237,0.00025881426742963216,5
2021-11-23,0.00044240825576453996,0.00057114135322788,0.00025907961880923476,5
2021-11-24,0.0003584459555741761,0.00048556044797023996,0.0002604733896775557,5
2021-11-26,0.000266484475758198,0.00039555517658354,0.0002612366672449933,5
2021-11-29,0.00019595226806876139,0.00033138891764410004,0.00026186674379669245,5
2021-11-30,0.00050905917095204,0.00026899181210468,0.0002625232594709424,5
2021-12-01,0.0005095271783847599,0.00042868572291924003,0.0002629220117132001,5
2021-12-02,0.000357977409118,0.00047399993350945996,0.00026326156910512906,5
2021-12-03,0.00073465400179384,0.00041291010112254003,0.0002636864474359976,5
2021-12-06,0.00089338192430274,0.00061050699485896,0.00026402701451834834,5
2021-12-07,0.0003220967096244584,0.0006835765688778599,0.0002655187124099009,5
2021-12-08,0.00019895514321523097,0.00045799309258426,0.0002676348111782276,5
2021-12-09,0.000310057967048205,0.00030230016977318,0.00026861284952659913,5
2021-12-10,0.0003046195680857408,0.00036408892278842005,0.0002688706364852271,5
2021-12-13,0.00028893702805565964,0.00039478433554622,0.0002685982750416111,5
2021-12-14,0.00045108977473550004,0.0003542298788561769,0.0002690790746037213,5
2021-12-15,0.00096080052330356,0.00046184102870172,0.00026982023090980505,5
2021-12-16,0.00081074320580334,0.00071487007107738,0.0002706207167664144,5
2021-12-17,0.00036161111165735997,0.0007331101022487,0.00027252854336259674,5
2021-12-20,0.0002628067034428854,0.0004668067175289,0.000274779082047369,5
2021-12-21,0.0005294663520126599,0.00036369946142764,0.0002759797134430162,5
2021-12-22,0.00022372328011326654,0.0005237599223403601,0.0002765143099478744,5
2021-12-23,9.538073446266974e-05,0.00033447625391422,0.0002774382459384677,5
2021-12-27,0.00015360795209357498,0.00019109812672154282,0.00027763223684911333,5
2021-12-28,0.000189258639821688,0.00021051544535613743,0.00027784916126489785,5
2021-12-29,0.00022157380596634678,0.0002481423845806865,0.0002780909627389195,5
2021-12-30,0.00015018424092874309,0.0002646550196184152,0.000277822412532587,5
2021-12-31,0.00011257892308028376,0.00022619572422639947,0.0002775149490573667,5
2022-01-03,0.0002859628674980024,0.00017828929274320287,0.0002775361873757604,5
2022-01-04,0.00064242275313996,0.0002895503257326,0.00027723958803048735,5
2022-01-05,0.0004439112007462279,0.0005053894549574,0.00027605679256432136,5
2022-01-06,0.00048368897203962,0.00043057211470886003,0.00027700607846114795,5
2022-01-07,0.00031499064341392003,0.00047449314192224,0.0002772446050649932,5
2022-01-10,0.00077052667466474,0.00038250760153966,0.0002779297268520296,5
2022-01-11,0.00040831909268196007,0.00061926857153092,0.00027837515204770264,5
2022-01-12,0.0002098947618875264,0.0005088327369182201,0.000279639872138158,5
2022-01-13,0.00043777315133971997,0.00032084798621106,0.0002802341059443028,5
2022-01-14,0.000405139795160524,0.0004637050449082,0.00028038658179829095,5
2022-01-18,0.0001937517195208179,0.00040784636999206,0.0002811763975213564,5
2022-01-19,0.0003827990364747044,0.00028382679272856003,0.00028163827150775434,5
2022-01-20,0.00059359660203248,0.00041292477601767997,0.00028151347800446874,5
2022-01-21,0.0012717125676803,0.00056527667820612,0.00028125988064313926,5
2022-01-24,0.0027603183842087597,0.0008784942105451801,0.0002814957775155948,5
2022-01-25,0.0007357547661106,0.0015294012540746998,0.00028383155740072927,5
2022-01-26,0.0013259735088965601,0.00086080732871942,0.0002872546886205986,5
2022-01-27,0.0010732658059349602,0.00119604064228116,0.0002895374106926875,5
2022-01-28,0.0009218262425645399,0.00107327918719684,0.0002919254384513829,5
2022-01-31,0.00056374024673056,0.00096596194626654,0.0002940790450501474,5
2022-02-01,0.0007236385950362999,0.00070218828834618,0.0002960805471412294,5
2022-02-02,0.0006749929539228101,0.0007530880083564801,0.00029710487040226027,5
2022-02-03,0.0008850395705972799,0.0007551648844314999,0.00029890217497332454,5
2022-02-04,0.00090901434641512,0.00088358654026094,0.00030044019623480246,5
2022-02-07,0.0005144586007486799,0.0008225664576062601,0.0003025572425359163,5
2022-02-08,0.00040627697350655994,0.00064704771197398,0.0003049848873426285,5
2022-02-09,0.0003245242414553575,0.00053859117305246,0.00030647343993972,5
2022-02-10,0.0004563483660277,0.00046460130335484003,0.00030753032231272195,5
2022-02-11,0.0009352720442357,0.00051661539354712,0.00030809798820932157,5
2022-02-14,0.00068495090968746,0.0008301868404337401,0.0003093153208852651,5
2022-02-15,0.00031018422370822525,0.00071091029797254,0.00031168876338539983,5
2022-02-16,0.00035799842337804,0.00046343512368984005,0.0003134988031791142,5
2022-02-17,0.00053731443970078,0.00048547465218178,0.00031434870523633026,5
2022-02-18,0.00075170388554674,0.00061393310659582,0.0003153805647261711,5
2022-02-22,0.0006379318555964801,0.0007397835010926,0.0003169919517153056,5
2022-02-23,0.00066844209902862,0.0006855411963736,0.00031855836596920203,5
2022-02-24,0.00131667735977304,0.0007281353545154,0.0003182492007159492,5
2022-02-25,0.00045546099822914006,0.0011033307768015198,0.0003191838798707432,5
2022-02-28,0.00037624709166678003,0.00063524165923022,0.0003203041761209972,5
2022-03-01,0.00043320658549767996,0.00052232433479126,0.00032072429926289885,5
2022-03-02,0.00039565798102734003,0.00059750691140026,0.0003213325340874599,5
2022-03-03,0.00042793973816274,0.00054599006901706,0.000322566317116321,5
2022-03-04,0.0006334826597759601,0.00052886164976478,0.0003228862179284058,5
2022-03-07,0.0005561912506240601,0.00067982223961944,0.0003219437253771061,5
2022-03-08,0.00149442212733184,0.0006640610555146,0.00032097316315386905,5
2022-03-09,0.00045506827355426,0.0011383492228521,0.00032080783312921155,5
2022-03-10,0.0004941002406470605,0.0006584961780317399,0.0003236302725507614,5
2022-03-11,0.00037213359136286,0.0006377947469885399,0.00032459565254411966,5
2022-03-14,0.0005579776292714399,0.00049572284143582,0.00032574469257458193,5
2022-03-15,0.0005954275998587401,0.00063207436135048,0.00032638748640836197,5
2022-03-16,0.00067110015126164,0.00068318428460592,0.00032772375329720996,5
2022-03-17,0.00037074160391063814,0.0007436294784413799,0.00032916801641499704,5
2022-03-18,0.00050590508871912,0.00054591047674044,0.0003305173345024965,5
2022-03-21,0.00043059858291898004,0.00062186836202048,0.00033156830904295255,5
2022-03-22,0.00055179291814606,0.00056536116002206,0.00033302471120208964,5
2022-03-23,0.0002980654183467505,0.0006333839059225599,0.0003339688817318447,5
2022-03-24,0.00058868400415216,0.00043767509686002006,0.000335430122932782,5
2022-03-25,0.0003135474571799504,0.0006353439708956399,0.00033632105811336237,5
2022-03-28,0.000296185879888289,0.00047118262389762,0.00033728461230124473,5
2022-03-29,0.00031133995136677556,0.00041988901452454,0.0003377961306606564,5
2022-03-30,0.00025041006976955776,0.00043989112750636005,0.0003382799381980195,5
2022-03-31,0.00017516963155620775,0.000386719677692418,0.000339253162693881,5
2022-04-01,0.00036066047785975996,0.00029400903805192,0.00033974565037315867,5
2022-04-04,0.0003482766929037619,0.00040970143861882,0.00034010908811167356,5
2022-04-05,0.00028759298974242564,0.00041334939180708003,0.0003406450183012563,5
2022-04-06,0.00051818042978866,0.00038769127852038,0.0003415463597171257,5
2022-04-07,0.00063080392173224,0.00053627525527424,0.00034214706847158805,5
2022-04-08,0.00012065169910047241,0.0006475377779778799,0.00034372346483558256,5
2022-04-11,0.00023716388498144,0.00027687326128158,0.00034564610352887126,5
2022-04-12,0.00057995686880734,0.0003445742294052,0.00034557410714574813,5
2022-04-13,0.0003925503666042246,0.0005557885445406001,0.00034617082060666663,5
2022-04-14,0.00047234629972954,0.00047817038634403997,0.0003475952781055731,5
2022-04-18,0.00037340266303251995,0.0005417735399436401,0.00034870693081574263,5
2022-04-19,0.00050558991691004,0.00046872741768998004,0.0003501750916479559,5
2022-04-20,0.00234797510940456,0.00053597409687866,0.0003510870784399961,5
2022-04-21,0.001823634049979,0.00100482893523774,0.00035203211198713816,5
2022-04-22,0.00095181328623108,0.00128487071960578,0.00035529045836138506,5
2022-04-25,0.0005941627793716,0.00093665274939154,0.0003593079002591333,5
2022-04-26,0.00037013186472256,0.000719171449978,0.00036212554293776336,5
2022-04-27,0.00095816660437176,0.0005273763886788,0.0003642861705915585,5
2022-04-28,0.0014233479896484,0.00089678755670018,0.00036582345370149454,5
2022-04-29,0.00167756851888462,0.00123341682085356,0.00036854707746665624,5
2022-05-02,0.00072884162625628,0.0014198381689125201,0.00037248938709382877,5
2022-05-03,0.00047898516894154003,0.0009412124778333201,0.000377299089141053,5
2022-05-04,0.0016929431050933003,0.0007039414202766601,0.0003800376662640087,5
2022-05-05,0.0012506879341047,0.0014004567949118,0.0003812546469965542,5
2022-05-06,0.0014329573748285002,0.0012803117089536,0.00038575996268054536,5
2022-05-09,0.0010688438528821801,0.00135131534056204,0.0003899291770801944,5
2022-05-10,0.00118561222132974,0.00122596612285704,0.0003946218713423464,5
2022-05-11,0.00142318182518912,0.0012779709507955799,0.0003987208586020705,5
2022-05-12,0.00197834347249826,0.0013783535620396198,0.00040258102779226496,5
2022-05-13,0.0008831956596055401,0.0017669204061625601,0.0004067487435562104,5
2022-05-16,0.00048614595130384,0.00120676161344922,0.0004125368277227478,5
2022-05-17,0.00047119228912677997,0.0008502875190725,0.0004163068086494707,5
2022-05-18,0.00097146214561316,0.00079170597770646,0.00041885876684613686,5
2022-05-19,0.00086579906022302,0.0010691772173894,0.0004211539696202072,5
2022-05-20,0.00199917850178568,0.0010825119922256601,0.00042464289903806354,5
2022-05-23,0.00067469186864618,0.0017132064875454399,0.00042820796664516295,5
2022-05-24,0.000784640386655,0.0009529642478818001,0.0004343425295219453,5
2022-05-25,0.00048764821688456004,0.0009863216747165002,0.000437344015354438,5
2022-05-26,0.00111387525968534,0.00075650124193224,0.00044055024358610783,5
2022-05-27,0.0002397325274995,0.0011327874372580801,0.00044315176141474183,5
2022-05-31,0.0007721710073029201,0.00051525697461728,0.00044718231028714826,5
2022-06-01,0.0007743224474506,0.0008684830817545002,0.00044867590427207963,5
2022-06-02,0.0006101319367511199,0.00090791541442156,0.0004514971092131957,5
2022-06-03,0.00036164539819072,0.0007997213629378399,0.0004544125504111716,5
2022-06-06,0.00055853733013776,0.00057437871374214,0.0004567668768887702,5
2022-06-07,0.00038565306404192,0.00069811433023592,0.00045836176923361475,5
2022-06-08,0.00039881024013178006,0.0006022930455354999,0.0004603825732033215,5
2022-06-09,0.0005354770937354601,0.0005716668581798199,0.0004620719918093967,5
2022-06-10,0.00042734832172084005,0.0006422722330709999,0.0004638443581099341,5
2022-06-13,0.0006886632670127801,0.00057781795704756,0.00046583424175872625,5
2022-06-14,0.00052658975694146,0.00076502509044046,0.00046765988331047266,5
2022-06-15,0.00116168485366606,0.00068906500136954,0.00047000135253895,5
2022-06-16,0.0003655606339485,0.0010797160104571199,0.00047226799677994104,5
2022-06-17,0.00053658324160808,0.00059720985288476,0.000475733182222139,5
2022-06-21,0.0009412431860805799,0.00072126751379064,0.00047707996745448983,5
2022-06-22,0.00077523523846636,0.0008607195067878399,0.00047891956395271896,5
2022-06-23,0.00058261803083766,0.00084381362835624,0.00048122524621704496,5
2022-06-24,0.00044690780817551406,0.0007431547473059199,0.00048366953120700427,5
2022-06-27,0.0005535098846810601,0.00062960264976412,0.0004861160820696553,5
2022-06-28,0.00110145183892566,0.0006948584796534999,0.0004880403028096777,5
2022-06-29,0.00047764519604492006,0.0010574945492665799,0.000490218578712391,5
2022-06-30,0.00096783991683902,0.00069573780575448,0.0004937574693265897,5
2022-07-01,0.00038116563337702,0.0010454606284817799,0.0004959254024772075,5
2022-07-05,0.00107871097405744,0.0006058402885734,0.0004996526405611671,5
2022-07-06,0.00044573821453524004,0.00101063669184456,0.0005015013517971989,5
2022-07-07,0.0002959827436140747,0.00065241154209666,0.0005050506137027875,5
2022-07-08,0.00036271802928148207,0.00050189567164946,0.0005069503095198843,5
2022-07-11,0.00024671062356132,0.0005193224722863799,0.0005083643631124216,5
2022-07-12,0.00047978678218054007,0.0004206446769830801,0.0005095989219761788,5
2022-07-13,0.00081700893746446,0.00056808281228776,0.0005106846383174736,5
2022-07-14,0.00057084890391216,0.0008116607474178399,0.000512467284187803,5
2022-07-15,0.0004532965872542,0.00070354569826422,0.0005149464539827889,5
2022-07-18,0.00087658866430434,0.00059409862818454,0.0005170625517808756,5
2022-07-19,0.00087394041863424,0.0008319663839031599,0.0005184335429523182,5
2022-07-20,0.0009699473073888999,0.00092352975629476,0.0005205916291000156,5
2022-07-21,0.00051743043003182,0.0009652155705741801,0.0005229622844604805,5
2022-07-22,0.0006610123925354799,0.0007141963796711401,0.0005253932379936406,5
2022-07-25,0.00043689419221694,0.0007772680873505,0.0005269556801897662,5
2022-07-26,0.00031560033474726,0.0006160641029337601,0.0005292196810072076,5
2022-07-27,0.00071656602520062,0.00047275369489292,0.0005307715719405823,5
2022-07-28,0.00053369802332426,0.00074871846547104,0.0005317459424241373,5
2022-07-29,0.00044865017805976,0.00066675761693774,0.0005332645693170502,5
2022-08-01,0.000516800386637,0.0005928443520458199,0.0005347259102768283,5
2022-08-02,0.00041097044066026,0.0006415341772364001,0.0005363320212392752,5
2022-08-03,0.0002943801606582,0.00057879646357972,0.0005382590802071087,5
2022-08-04,0.00024508373161542,0.00043576433408353996,0.0005398348920598822,5
2022-08-05,0.00023526889345083508,0.00038671486782782,0.0005401642576625425,5
2022-08-08,0.0009336909898019199,0.00037875151718500005,0.0005410697548973943,5
2022-08-09,0.0003568099837004351,0.00077448735364792,0.0005419722435195932,5
2022-08-10,0.000319064974322192,0.00050770106140584,0.00054457248180327,5
2022-08-11,0.00047910767827296,0.00044943241902832,0.0005461850949991087,5
2022-08-12,0.0002185239167673177,0.00056716419656522,0.0005473721545922702,5
2022-08-15,0.0001405452276453902,0.00037929498478614,0.0005489417237229844,5
2022-08-16,0.0002887896298797262,0.00029036424661327834,0.0005498878503274294,5
2022-08-17,0.00024593334371773997,0.00037903480342364,0.0005506340986934785,5
2022-08-18,0.00022419000572931465,0.00035268325882638004,0.0005510153627047534,5
2022-08-19,0.0002671673955580296,0.00032690735736150305,0.0005517198535369731,5
2022-08-22,0.00023400780511321568,0.00037452436744119996,0.0005522525215074113,5
2022-08-23,0.00018506481601538986,0.0003586510741479,0.000551802867398596,5
2022-08-24,0.0003498144295015954,0.00031300462357436,0.0005522872385235296,5
2022-08-25,0.00020908441502529143,0.00040787192844710004,0.0005526113137485552,5
2022-08-26,0.0008215353999161399,0.00030497595153746777,0.0005536435913659998,5
2022-08-29,0.00037012940750828,0.00071037286829622,0.000554148723182341,5
2022-08-30,0.00065329159807004,0.0005068480674676799,0.0005564039899070151,5
2022-08-31,0.0004032019260618349,0.00069581489583748,0.0005577995419270879,5
2022-09-01,0.00094001661066608,0.00054440643276526,0.0005598558583068726,5
2022-09-02,0.00046391887784759996,0.00082624508056796,0.0005614083534628009,5
2022-09-06,0.00045181769615336,0.0006149011214218001,0.0005639459057795776,5
2022-09-07,0.00039729013174608,0.00059781858883954,0.0005657250810545948,5
2022-09-08,0.0003452639264409,0.00054406260462712,0.0005674502328047656,5
2022-09-09,0.0001313784031303288,0.00048204241773628,0.0005689595134903957,5
2022-09-12,0.00019143198245446933,0.00026984822748464,0.0005699660509493907,5
2022-09-13,0.0005206734215049,0.00030406489939884,0.0005704212464099077,5
2022-09-14,0.00045263185899402006,0.00053234963492468,0.0005707891240478821,5
2022-09-15,0.00064495029927054,0.00052032705810726,0.0005718301559566963,5
2022-09-16,0.00048367530562868,0.00064800621679176,0.0005731726315942063,5
2022-09-19,0.0002868569301917428,0.0005893347353728999,0.0005749179591959012,5
2022-09-20,0.00044935660993248,0.00042545594674481995,0.0005766937349058959,5
2022-09-21,0.00090102972363054,0.00055260829546946,0.0005778265916955461,5
2022-09-22,0.00047363058329326,0.0007580542099336,0.0005787488942339815,5
2022-09-23,0.00056463854110364,0.00061896604024102,0.0005810148538849161,5
2022-09-26,0.0004961754613078999,0.0006487853641958,0.0005826240539180785,5
2022-09-27,0.00063878812290232,0.0006200410228910999,0.0005845252883983262,5
2022-09-28,0.00073110453289164,0.0006940811803853,0.0005865020449920073,5
2022-09-29,0.00065602515624362,0.00078133927659886,0.0005884350549997053,5
2022-09-30,0.00066666990213112,0.00075025590820502,0.0005903985601213579,5
2022-10-03,0.00058432283222678,0.000761136500122,0.0005923788593517349,5
2022-10-04,0.0003726075650452369,0.00072300113900614,0.0005946366266251752,5
2022-10-05,0.00083872707495132,0.00049910947746174,0.000596355253529601,5
2022-10-06,0.00043522330461410005,0.0008270980835964999,0.0005966798612535524,5
2022-10-07,0.00047649712135684,0.00060166536997914,0.0005984914408169653,5
2022-10-10,0.0006355297564284801,0.0006415164995032801,0.0005999828066984849,5
2022-10-11,0.0009177197203020799,0.00069708263223268,0.0006018125548146473,5
2022-10-12,0.00040409329215366,0.0009034921742064401,0.0006040039889954288,5
2022-10-13,0.0018434476680003,0.0006069138324902199,0.0006067679514176721,5
2022-10-14,0.0006816805581623999,0.00136138066188848,0.0006083766119503578,5
2022-10-17,0.00043114286612628,0.00084521798235308,0.000613219993959382,5
2022-10-18,0.00098232623025068,0.00060111615749816,0.0006159755962916175,5
2022-10-19,0.0006498185185168,0.00093155041812424,0.0006178730947234976,5
2022-10-20,0.00074659242735126,0.0008178138706112202,0.0006208628697065283,5
2022-10-21,0.0007484958672252,0.0008501983769032001,0.00062363068456258,5
2022-10-24,0.0005745715662868999,0.0008810269569970001,0.0006262787270529331,5
2022-10-25,0.0003288375247345,0.00071847500190606,0.000629235684582417,5
2022-10-26,0.00090808689625818,0.0005424776579505,0.0006313824831023935,5
2022-10-27,0.00058081958974336,0.00088054473451466,0.0006327402367759705,5
2022-10-28,0.00066397652683962,0.00072208110233896,0.000635149448883652,5
2022-10-31,0.0004004315430657,0.0007434137288081001,0.0006368817271892587,5
2022-11-01,0.0007611427532975,0.00055283012841284,0.0006390342745596474,5
2022-11-02,0.0008514997585356799,0.0007694761774209001,0.0006403728565899708,5
2022-11-03,0.00062443108714942,0.0008814691266119,0.0006425478060106855,5
2022-11-04,0.00118291812840766,0.00075134940582374,0.0006451703719750401,5
2022-11-07,0.00039989636122984,0.00104343149979286,0.0006474452733413172,5
2022-11-08,0.00062673491533176,0.00064332667933692,0.000649075727538385,5
2022-11-09,0.00021651482784303998,0.00077350055199278,0.0006497382959928355,5
2022-11-10,0.00124088988554262,0.0004235895847427,0.0006515840408971391,5
2022-11-11,0.00078164731711642,0.00100236129173312,0.0006515734175066068,5
2022-11-14,0.00080745865403202,0.0008911711000945399,0.0006532556154726868,5
2022-11-15,0.00073081421572382,0.00083982040840264,0.0006557030926237193,5
2022-11-16,0.00026363195592308,0.0008118954469734801,0.0006575829701038799,5
2022-11-17,0.00050079592711902,0.00048048965871036,0.0006594052749057547,5
2022-11-18,0.00047577417296620005,0.0006234790751332399,0.0006605628199512351,5
2022-11-21,0.00042470964390361543,0.0006001737253625,0.0006617842053643532,5
2022-11-22,0.00052191041055232,0.00054720187068164,0.0006628334681182261,5
2022-11-23,0.0001571269289690617,0.0006155245773789,0.0006638206074942207,5
2022-11-25,0.0001046026963800703,0.0003115857111432,0.0006639967313995819,5
2022-11-28,0.00041362564681570005,0.00022077838553196,0.000663306355459792,5
2022-11-29,0.00029951958964256,0.0004388708499865401,0.0006626127967651428,5
2022-11-30,0.00106337122511724,0.00041911292545015994,0.0006630393123696763,5
2022-12-01,0.00039263615213794,0.00082136554260902,0.0006636350310734283,5
2022-12-02,0.00020302433162296664,0.00051873291410076,0.0006651932843261654,5
2022-12-05,0.00048212033185128,0.00035962697140098,0.0006653707961539087,5
2022-12-06,0.0004412131378042,0.0005149338302632,0.0006651593551629502,5
2022-12-07,0.00028540682158936,0.00051029295763674,0.0006647800965732845,5
2022-12-08,0.00052944884489328,0.00041610664346950003,0.0006640924631953437,5
2022-12-09,0.0003602576598021281,0.00053059681922402,0.0006639262471274278,5
2022-12-12,0.00047451947252449996,0.00045493268617784,0.0006648321862125501,5
2022-12-13,0.00105583109901274,0.0005353048575869801,0.0006651926773371114,5
2022-12-14,0.00068872429107122,0.0008594980100195399,0.0006657502984563207,5
2022-12-15,0.00057767227089904,0.0007415967936616801,0.000667755330722842,5
2022-12-16,0.00034370598295348,0.0006874975602143,0.0006688654726472864,5
2022-12-19,0.0002435035520573,0.00049091836425292,0.0006687568515724329,5
2022-12-20,0.00028620168157893997,0.00041453136475848003,0.0006677957732470528,5
2022-12-21,0.0003983936183878,0.00041338955556481996,0.0006675883313709797,5
2022-12-22,0.0008318539302195401,0.0004887633974006,0.0006677855142842224,5
2022-12-23,0.00028147519736896004,0.0007108450189084,0.0006676466391852551,5
2022-12-27,0.0003685870633449,0.00045460099821792,0.0006691401660304701,5
2022-12-28,0.00040483260630508,0.0004746195367286,0.0006701858123459318,5
2022-12-29,0.00038562579098948,0.0004955650523951001,0.0006712338444545529,5
2022-12-30,0.00021096028354145998,0.00048163541998716,0.0006722156804379434,5
2023-01-03,0.0007093397121405,0.0003479431666606,0.0006730767137727399,5
2023-01-04,0.00066155061086798,0.00061671508878986,0.0006735598385443042,5
2023-01-05,0.00023426657022972835,0.0006627609780025399,0.0006752996234492513,5
2023-01-06,0.0010368013992883,0.00040024006665806004,0.0006767806181011162,5
2023-01-09,0.00058149215986102,0.00084095095597748,0.0006763633586237378,5
2023-01-10,0.00031541389877648,0.00068384515321244,0.0006779918460890894,5
2023-01-11,0.00026860682072935997,0.00047439369103123997,0.0006788226080386538,5
2023-01-12,0.000763623225363,0.00040276809150134,0.0006791872353779061,5
2023-01-13,0.0002775683352162,0.00068179264280446,0.0006783281064888998,5
2023-01-17,0.00026793844699884,0.00045041636607894,0.0006790144553217817,5
2023-01-18,0.00040390821795132,0.00040208880373774,0.0006795286155593526,5
2023-01-19,0.00029210039932188,0.00049122355314898,0.0006792841066658191,5
2023-01-20,0.00045228404032615995,0.00041871944420325996,0.0006796149685037434,5
2023-01-23,0.0007217018342015799,0.0005314165574425401,0.0006801502568032461,5
2023-01-24,0.00026612434905080005,0.0006983472495620801,0.0006806204622850908,5
2023-01-25,0.00049779574504234,0.00042735515323082,0.0006811485201079319,5
2023-01-26,0.00037103687002446,0.00056032466064236,0.0006793582857535099,5
2023-01-27,0.00042893597750135544,0.00048272740184964,0.0006755127437160799,5
2023-01-30,0.00028690356120892,0.0004883100582071,0.0006740124265459618,5
2023-01-31,0.00019385576727212116,0.00042586671817032,0.0006712039718472552,5
2023-02-01,0.0008849720653613599,0.00031332607706112,0.0006686348747479435,5
2023-02-02,0.0005434158228993791,0.00072638251835138,0.0006660450498701443,5
2023-02-03,0.00123521834888232,0.0006167386165604799,0.0006661410587193714,5
2023-02-06,0.00034001889000514,0.0010027354354559801,0.0006655999897043078,5
2023-02-07,0.0005407671108860199,0.00051273158969946,0.0006665824125258336,5
2023-02-08,0.0005513668166278,0.00067243322443016,0.0006651107658966213,5
2023-02-09,0.00061694064951136,0.00064257794004412,0.0006645149990983035,5
2023-02-10,0.0005549636965292921,0.00065679912325468,0.0006644972619081057,5
2023-02-13,0.0004824233135678877,0.0006505320584872601,0.0006649663410755747,5
2023-02-14,0.00056093016069118,0.0005890423163432601,0.0006657041615324493,5
2023-02-15,0.00025240369823376925,0.00066512414271838,0.0006659915699562436,5
2023-02-16,0.00034665510938800004,0.00042602800727546003,0.000665336559251024,5
2023-02-17,0.0002845541629342234,0.00046315195292769994,0.00066420607397048,5
2023-02-21,0.00023663617234516643,0.00040385550963032,0.0006642049502769794,5
2023-02-22,0.00028637522319162,0.00035597106578358,0.0006638810647906641,5
2023-02-23,0.00053303521181776,0.00039080736190774,0.0006628574058985521,5
2023-02-24,0.00016266683982631594,0.00053837669917704,0.0006614725799494057,5
2023-02-27,0.00013642610672914767,0.00029560399954808,0.0006608885938494194,5
2023-02-28,0.00019133572269198,0.0002455825654193,0.000659172199583676,5
2023-03-01,0.0003399763001229797,0.00028459388185698,0.0006557684368400958,5
2023-03-02,0.00019485339164416001,0.00037665538862212004,0.000654376977406075,5
2023-03-03,0.0001682264100729775,0.00030221434543895997,0.000653798926032388,5
2023-03-06,0.00033124853249838,0.00025831161736966,0.0006526271301357161,5
2023-03-07,0.00029488358881372,0.00037887045416062004,0.0006514855489783853,5
2023-03-08,0.0001672608019608833,0.00035309728576516,0.0006508903458212258,5
2023-03-09,0.00062257116189122,0.00028074850708052,0.000649593818226566,5
2023-03-10,0.00039256009202776,0.00055679062008304,0.000648072736685161,5
2023-03-13,0.0009544188679088201,0.00047833069069098,0.0006457649644519503,5
2023-03-14,0.00024621793071984003,0.0007936315332177999,0.000645050022041868,5
2023-03-15,0.00045439629421788007,0.00038986771290812,0.0006456684219872221,5
2023-03-16,0.0008147707152152799,0.0005180529347554,0.0006452483619533822,5
2023-03-17,0.00033259187979514,0.00074016704772744,0.0006447958959748302,5
2023-03-20,0.00037548762984061996,0.00047627305091841996,0.0006450220180507093,5
2023-03-21,0.00031740702503138004,0.00048825021910211993,0.0006439610798462531,5
2023-03-22,0.0005603227616175,0.0004084170835634201,0.0006437322693000692,5
2023-03-23,0.0004276055350188,0.00054555230039998,0.0006428852404173032,5
2023-03-24,0.00023313686780580592,0.00051367787287314,0.0006428066338315012,5
2023-03-27,0.0002828739598215,0.0003623435490085,0.0006423316098908289,5
2023-03-28,0.00031413068944106,0.00040181010057584003,0.0006420326751771325,5
2023-03-29,9.986822866271531e-05,0.00040700988719176,0.0006411059534695141,5
2023-03-30,0.00013041626125672077,0.00020492572927614726,0.0006408512997524275,5
2023-03-31,0.00013813638535631803,0.0002160542258279865,0.0006399982708427116,5
2023-04-03,0.00012999327401599497,0.00021647065656066,0.0006391100291693846,5
2023-04-04,0.0001214242420400293,0.00020137107154716725,0.0006384344378156872,5
2023-04-05,0.00023579810243826,0.0001952697691594171,0.0006380668268374937,5
2023-04-06,0.0002986215529600433,0.00027463156812137997,0.0006372159075142423,5
2023-04-10,0.00020996968038217338,0.00032312237387292005,0.0006366654399599338,5
2023-04-11,0.00015428910026628787,0.00029406788569055997,0.0006364092141478407,5
2023-04-12,0.00021267128821212235,0.00023760078892403735,0.0006354480737923499,5
2023-04-13,0.00015353333001616557,0.00027708533297338,0.000633821339708803,5
2023-04-14,0.00017970396233276954,0.00022035536503732002,0.0006338221812631355,5
2023-04-17,0.00017264927944068157,0.00023728982193921998,0.0006333292492616756,5
2023-04-18,0.00019146263600530475,0.00022535051997821769,0.0006320653654418289,5
2023-04-19,0.0002551761433027055,0.0002476292032588421,0.0006310621120038693,5
2023-04-20,0.0003418076489138606,0.00030344370142748004,0.0006298948725725804,5
2023-04-21,0.000185437659300444,0.00035178992055576,0.000629238984809634,5
2023-04-24,0.00029967849536480473,0.00025980881519378004,0.000628508095221051,5
2023-04-25,0.00020712622482110194,0.0003290728096933929,0.0006255516661732576,5
2023-04-26,0.0002787115785254,0.000277049062696,0.000621758817324399,5
2023-04-27,0.0004588184390519346,0.00030420589703930004,0.0006191413423771944,5
2023-04-28,0.00031166400359332384,0.00044869965629392,0.0006174946536750567,5
2023-05-01,0.0003066953221921894,0.0003624475227009969,0.000617182444419561,5
2023-05-02,0.00024589585691202,0.00033285700297649285,0.0006150620474592469,5
2023-05-03,0.0003340146284877,0.0003303680109115,0.0006114883973883062,5
2023-05-04,0.00015980099641440827,0.00038546826838694,0.0006071651031105244,5
2023-05-05,0.00015788133863316,0.00025340208796816,0.0006049597689460546,5
2023-05-08,0.00015004384042141124,0.00023477792345597998,0.0006031719144527668,5
2023-05-09,0.00014823726618518762,0.00022527977873641885,0.0005985462046454026,5
2023-05-10,0.00026267829901080003,0.0002034192210228118,0.0005943595700016835,5
2023-05-11,0.00030696606021110307,0.0002820477496277502,0.0005898044266701787,5
2023-05-12,0.0002592161100923013,0.00033510058597882,0.0005860587188399036,5
2023-05-15,0.00020335808201040663,0.00030846377661656,0.0005823171697731705,5
2023-05-16,0.00028010712377642507,0.0002696191136910841,0.000578071575386571,5
2023-05-17,0.00019462943505158114,0.0003107852086406664,0.0005721299035910493,5
2023-05-18,0.00048513077530651664,0.00024892591173468,0.0005685744416672058,5
2023-05-19,0.00017490354641664667,0.00037937199337776274,0.000566188086082532,5
2023-05-22,0.0002205825410656362,0.00023581894441241456,0.0005645518401129737,5
2023-05-23,0.0002145858475500472,0.0002724827422746107,0.0005612448628392555,5
2023-05-24,0.00017474159434222803,0.0002631334628880523,0.0005580304610537355,5
2023-05-25,0.000726993281540542,0.00023642686776916897,0.0005522762030193807,5
2023-05-26,0.0006764890762688215,0.0005064092342289084,0.0005494328007173465,5
2023-05-30,0.0005979773161942417,0.000538993873746691,0.0005475283862709671,5
2023-05-31,0.00038349482430412,0.0006000329841057801,0.0005466652617940403,5
2023-06-01,0.00031894050406387184,0.0004292180372499,0.0005445511568212137,5
2023-06-02,0.0002571935389531439,0.00040194670332814,0.0005442097324665813,5
2023-06-05,0.00036928941079318004,0.00035487542083654,0.0005423583976315561,5
2023-06-06,0.00018291849876938,0.0003938041100173,0.0005401637944824091,5
2023-06-07,0.00074995557560364,0.00028271858346468,0.0005385530117327245,5
2023-06-08,0.00026184542290065576,0.00060096930521114,0.0005373956302633695,5
2023-06-09,0.00021464136419796056,0.00037390833951842,0.0005370101341323187,5
2023-06-12,0.0001558530418360398,0.00030852056145446425,0.0005361038456163779,5
2023-06-13,0.0001906990539415777,0.0002509633342263319,0.0005350596142801662,5
2023-06-14,0.00033062688586103713,0.00026179196004409624,0.0005335068011895127,5
2023-06-15,0.0002203345131547845,0.00035212017000324,0.0005322527297728323,5
2023-06-16,0.00015094674351692275,0.00030026638579494486,0.0005306142181837958,5
2023-06-20,0.00019702987574447627,0.00024163200993058755,0.0005290713665346903,5
2023-06-21,0.00026457521002043997,0.00025582638444564005,0.0005257456363738707,5
2023-06-22,0.00020953820778004295,0.00029779754795128,0.0005243909400705408,5
2023-06-23,0.00012257105181817722,0.00026418751876681145,0.0005227105036981624,5
2023-06-26,0.0005686446898080609,0.00020095465384891976,0.0005203433132695076,5
2023-06-27,0.00023375684945196838,0.00044095604690706,0.0005177922855928912,5
2023-06-28,0.0002945452232332545,0.00030301149767857316,0.0005165930844008322,5
2023-06-29,0.00013626724131355172,0.00035042784068420655,0.0005152970877655722,5
2023-06-30,0.0001510213404165952,0.00022486861743368754,0.0005139302995156939,5
2023-07-03,0.00011385787838818515,0.00021591715646573716,0.000510626228357627,5
2023-07-05,0.0002011979747132472,0.00019300219357282455,0.0005087221781620366,5
2023-07-06,0.00016223494535422267,0.00024893162804124545,0.0005053394065949377,5
2023-07-07,0.00015133485931438195,0.0002341919354344935,0.0005039231023864767,5
2023-07-10,0.0001824154532013204,0.00020507285614584613,0.0005008419724007226,5
2023-07-11,0.0001608277663863658,0.00023354778628774001,0.0004990668188850447,5
2023-07-12,0.00015928133624616,0.00022707018931266,0.0004980019463240855,5
2023-07-13,0.00019715193763256128,0.00021734245090704,0.0004968422150424436,5
2023-07-14,0.0005420545649750703,0.00023848977563171618,0.0004960354601770626,5
2023-07-17,0.00020896282658261438,0.0004001306722794773,0.0004947275513014434,5
2023-07-18,0.0004493390124986693,0.0002852621587219792,0.0004930944954477198,5
2023-07-19,0.00030647084114386,0.00040845372383091434,0.0004914346401320759,5
2023-07-20,0.00060070685741162,0.00033890842383868,0.0004906979540036886,5
2023-07-21,0.00025680545698458,0.00050557681190644,0.0004887413747970835,5
2023-07-24,0.00020007554294314742,0.00034958944605087996,0.00048708283136697104,5
2023-07-25,0.00010741181621541063,0.00027463822830566003,0.00048463987055537066,5
2023-07-26,0.0002322442677049453,0.00017624850117832104,0.0004828955921769362,5
2023-07-27,0.00040800449589917996,0.0002642351241583905,0.00048051059381911006,5
2023-07-28,0.00018124599530040166,0.00037710954532,0.000479114447077938,5
2023-07-31,7.307231086508956e-05,0.0002471198291406259,0.000478734906801855,5
2023-08-01,0.0001705799429545346,0.00014893946404790896,0.00047674443602276604,5
2023-08-02,0.0003436250538236627,0.00020472533686766506,0.000474689602082727,5
2023-08-03,0.00027109700837811817,0.00029970228245518977,0.0004731494472605915,5
2023-08-04,0.0003437994079912,0.00029111497853312446,0.00047179297148765016,5
2023-08-07,0.0002650884968267581,0.00034735015761816,0.0004706513782930209,5
2023-08-08,0.00017123176026173344,0.00030004836596902,0.0004703005283864122,5
2023-08-09,0.00027391202603630003,0.0002421470888571,0.00046995661369649634,5
2023-08-10,0.0003045701130464,0.00029857981383966004,0.0004694145326317031,5
2023-08-11,0.00014982058062150205,0.00033168326310656,0.00046752601064833693,5
2023-08-14,0.00031325728868273294,0.00023039174155805998,0.0004668275273217525,5
2023-08-15,0.00023857081577809055,0.0003214851768439769,0.0004659583182841721,5
2023-08-16,0.00011539324821942731,0.0002858351645902904,0.00046498340153924654,5
2023-08-17,0.00018420126426134002,0.0001887429929049252,0.000464612529236882,5
2023-08-18,0.00031648106155338,0.00023083688275422,0.00046420927029359495,5
2023-08-21,0.00027638624936476397,0.00031405531095198,0.00046362118330681157,5
2023-08-22,0.00023870901176493785,0.00031897568562527995,0.00046346789779937343,5
2023-08-23,0.00039849722968522276,0.00028171498532002725,0.0004634364229115313,5
2023-08-24,0.00034050979929588,0.00038503737806435946,0.0004630681317126377,5
2023-08-25,0.00055300758325138,0.00037596304989542,0.0004631728392678618,5
2023-08-28,0.00029633748155692127,0.00050633052336152,0.0004634226742929454,5
2023-08-29,0.0003826226165692645,0.00035702008426844,0.0004638133830029232,5
2023-08-30,0.0001846073176423155,0.00040426283607104005,0.00046401990733915723,5
2023-08-31,0.00010244431905575448,0.00027663974033213145,0.00046280518498905733,5
2023-09-01,0.0001856943540765774,0.0001722424693272882,0.0004618916598813765,5
2023-09-05,0.00016587409292748146,0.00023752945474583574,0.0004598139915222091,5
2023-09-06,0.0003253233642163,0.0002250038142570987,0.00045859622573641776,5
2023-09-07,0.00022655574645398004,0.00032382372594848003,0.0004562103476955017,5
2023-09-08,0.00015287079071121156,0.00027352811078524,0.00045505527866584555,5
2023-09-11,0.00024828646404407765,0.0002176572343303736,0.0004537684116894397,5
2023-09-12,0.000202494233557866,0.00027373463908584,0.00045247315228350016,5
2023-09-13,0.00034164312781974,0.0002604589298235427,0.0004516465341142525,5
2023-09-14,0.00014718220632649277,0.00030967533347958003,0.0004516092749965497,5
2023-09-15,0.00021211927477178985,0.00021770008595205998,0.0004516315386238542,5
2023-09-18,0.00031788479394123995,0.00025942808516014,0.00045038292930253427,5
2023-09-19,0.0001601891977966532,0.00031452636699940003,0.0004493476159178235,5
2023-09-20,0.00020582658793,0.00023813840004921998,0.0004480242831805522,5
2023-09-21,0.00021626534687494204,0.00026993236461828,0.00044663064692926775,5
2023-09-22,0.00019975022349919997,0.0002727894573519,0.000446013489857337,5
2023-09-25,0.00018177960705815724,0.00025572226113834,0.0004449030976425848,5
2023-09-26,0.00025573268747498,0.00024195279831544002,0.00044290971689339725,5
2023-09-27,0.00024341459502609446,0.00028773731387342,0.00044141363260004183,5
2023-09-28,0.00029115543056402,0.000289161372915,0.00043998090224161966,5
2023-09-29,0.00018291490179596,0.00032127701278559997,0.00043866788775758756,5
2023-10-02,0.00021902607281273998,0.00026591238288802,0.00043718850614012843,5
2023-10-03,0.0005539669083332,0.00027376381562470005,0.0004351431613238155,5
2023-10-04,0.0001219090403905525,0.00042086365234461994,0.00043325231968659205,5
2023-10-05,0.00019136445269092,0.00020611935565410003,0.0004319020306081103,5
2023-10-06,0.00024520754866774,0.00024322957091683998,0.0004298509124202054,5
2023-10-09,0.00024593647599709996,0.00029426384148496,0.0004288355159656622,5
2023-10-10,0.00024099782341502826,0.00028883146139414,0.00042672109436998147,5
2023-10-11,0.00014297512754047123,0.00027934879857006366,0.00042547968997083457,5
2023-10-12,0.00025092746595422,0.00020501298306791616,0.000424042516554433,5
2023-10-13,0.00024899971798288004,0.00028367383934814,0.00042208985921647754,5
2023-10-16,0.0001309100922829617,0.00028848276151376,0.0004196302626495796,5
2023-10-17,0.00047297263359418005,0.00019987267810193395,0.0004183666472885619,5
2023-10-18,0.00027992528855157834,0.00040743845167312,0.00041375748862274226,5
2023-10-19,0.0004201121546703,0.0003307573177873,0.0004120202682629011,5
2023-10-20,0.0002487144142352082,0.0004116569440667199,0.0004109474157243659,5
2023-10-23,0.00040327223654016006,0.0003114159645118607,0.00040888434638286785,5
2023-10-24,0.00013935743491264675,0.00039897493291088,0.0004068748308824736,5
2023-10-25,0.0003278927334155567,0.00022769031388867998,0.0004050842616602818,5
2023-10-26,0.0005576782229229201,0.00034285660436798003,0.0004024916559336616,5
2023-10-27,0.0003446643869801078,0.00048510270658666,0.0004010011067370818,5
2023-10-30,0.00030487251515719704,0.00038759455006974,0.00040077342835865393,5
2023-10-31,0.00028378750512497643,0.00037063960223308,0.00039881727683307885,5
2023-11-01,0.00014285757997300588,0.00033388513198900004,0.0003974226677056746,5
2023-11-02,0.00015008086227153916,0.00022472832426700002,0.0003957975542262336,5
2023-11-03,0.00018618309939438552,0.00021843400163976123,0.00039449556293994067,5
2023-11-06,0.00010628182310356429,0.00025091813808094375,0.00039230888763922185,5
2023-11-07,0.00014284207542056,0.0001773403888449886,0.0003898067011767974,5
2023-11-08,7.026557597229927e-05,0.00020440122293255997,0.0003875288876173579,5
2023-11-09,0.00017234175235872082,0.00013378046891243824,0.00038419940239172183,5
2023-11-10,0.0001583226326748252,0.00021162089994154,0.0003821773936201961,5
2023-11-13,0.0001038608045238125,0.00020278463661855132,0.0003799477124612626,5
2023-11-14,0.00012357104236522342,0.00015972428907324787,0.00037907150234965886,5
2023-11-15,0.0001846118174310261,0.00016160437177905593,0.0003757277047200562,5
2023-11-16,0.00016260711119188415,0.00020932496169896514,0.00037283259865531214,5
2023-11-17,8.02539874111756e-05,0.00021023267353757332,0.0003703306325969643,5
2023-11-20,0.00010836153432139152,0.00013200390149045377,0.0003679430819087265,5
2023-11-21,0.00012537461820641166,0.000143345874423088,0.0003665602019197587,5
2023-11-22,0.00032762316366521,0.00015453238225191987,0.00036465491144075014,5
2023-11-24,9.366970014473394e-05,0.0002738675628571064,0.0003628864934125335,5
2023-11-27,0.00010224683634614933,0.0001525312301376533,0.00036180183346084887,5
2023-11-28,7.126894653769215e-05,0.0001512565151856639,0.00035996455827338363,5
2023-11-29,0.00012688760731657442,0.00011935991548862723,0.00035932833130529815,5
2023-11-30,0.0002101599599194014,0.00015501757387398,0.00035892587705909447,5
2023-12-01,0.00011003129150191195,0.00021649408242642839,0.0003577994751697589,5
2023-12-04,0.00014405066727200559,0.0001584987887953342,0.0003569954321418869,5
2023-12-05,0.00024527759266442114,0.00017664906741902,0.00035436500851564217,5
2023-12-06,0.0001644338934932261,0.00023301289724076,0.00035300753293357175,5
2023-12-07,0.00012406796895711854,0.00020100090012509388,0.0003525050961313486,5
2023-12-08,9.338727459243538e-05,0.00015632936768890412,0.0003512593305355626,5
2023-12-11,0.00024976620043907626,0.0001390400461969226,0.0003498547131151346,5
2023-12-12,8.879820322361956e-05,0.0002306286930850646,0.00034875524249103703,5
2023-12-13,0.00014549443443815217,0.00014253737505552983,0.00034756489278413646,5
2023-12-14,0.00034625652984028,0.00017287890122472566,0.00034632522885111143,5
2023-12-15,0.00011234609014616039,0.00030411708877688,0.00034488703061157864,5
2023-12-18,0.00028197090427011103,0.000170109971085851,0.00034268313806696496,5
2023-12-19,0.00010690912836542645,0.0002753860974967214,0.0003404153332154736,5
2023-12-20,0.0002809804098970413,0.00016005010459135678,0.0003387799702681816,5
2023-12-21,9.357421445819263e-05,0.00027464695623613766,0.0003374670009838103,5
2023-12-22,8.771210663223703e-05,0.00014636756876761949,0.00033691190412459465,5
2023-12-26,3.9805147886207e-05,0.00013023712289741648,0.0003358522930658756,5
2023-12-27,6.790465525650074e-05,8.265991769007254e-05,0.00033442956975435504,5
2023-12-28,3.3345576179155494e-05,9.87379840716927e-05,0.00033193677173364743,5
2023-12-29,0.00015936099522769715,6.870590355644924e-05,0.0003305246169156068,5
2024-01-02,0.00040272850218936,0.00015001642971965796,0.000328913848530003,5
2024-01-03,0.00014106777244404269,0.00028074667065450005,0.00032754262383684655,5
2024-01-04,0.00021536608974165693,0.00018571425691252,0.0003267454462601296,5
2024-01-05,0.00012997287675289097,0.00022366346448146,0.00032610168074525625,5
2024-01-08,0.00015945244628291457,0.00018052413028804,0.0003245419520773658,5
2024-01-09,0.00033082672276043667,0.00018652995108574,0.00032262831379278444,5
2024-01-10,0.00015323643263086333,0.00027820987207703804,0.0003217802577786086,5
2024-01-11,0.00045379062443863993,0.00019116206520270804,0.00031954715823932116,5
2024-01-12,6.789055179938088e-05,0.00035527553721382,0.0003175920666202349,5
2024-01-16,0.00025623565926182,0.00013655322303345692,0.0003171193755336578,5
2024-01-17,0.00022082358100230623,0.00025659715652543997,0.00031606296732545193,5
2024-01-18,0.00013171554258016306,0.00024833084783869997,0.0003143756836497415,5
2024-01-19,0.00020080043769730963,0.00018582324997224,0.00031357375699005803,5
2024-01-22,0.000151852186514753,0.00023003989438804,0.00031271556034813137,5
2024-01-23,0.00021277012071528622,0.00020270539370384,0.00031167911725781027,5
2024-01-24,0.00043845733477238056,0.00022556321537296932,0.0003108219186447173,5
2024-01-25,0.00025605685744708,0.0003381748592659282,0.000309608214906346,5
2024-01-26,0.0002084244725350344,0.00028636779371148,0.0003081789593892978,5
2024-01-29,0.00015488094717862707,0.00026134513238391846,0.0003076194857404115,5
2024-01-30,0.00014981824665019576,0.00020699234692796,0.0003064330590409732,5
2024-01-31,0.00019496485007882471,0.00019901078480111999,0.0003053388723150936,5
2024-02-01,0.00013428221025100243,0.00022495401968963512,0.0003041908593253873,5
2024-02-02,0.00044459561181920266,0.00019003364164785102,0.0003033935867123687,5
2024-02-05,0.00029376298570848,0.00033575332095616003,0.00030290433101628426,5
2024-02-06,0.00031456359800736717,0.00029319473291958,0.0003013542151536049,5
2024-02-07,0.0001825675430782949,0.00030559342308127813,0.0003000703108534426,5
2024-02-08,9.243031452622064e-05,0.00023955975416328827,0.0002973038742964001,5
2024-02-09,0.00012823948195896912,0.00015549407112173258,0.00029621985907601846,5
2024-02-12,0.0003067895064891104,0.00018035048982367928,0.00029416851322955644,5
2024-02-13,0.00042468229348269996,0.0002773308764578336,0.0002923342773159832,5
2024-02-14,0.00021524069802197999,0.00037473544481302003,0.0002908284509398053,5
2024-02-15,0.00015953869326876003,0.0002731917989855,0.00028973401993316145,5
2024-02-16,0.0001914329684323,0.00021961053922346,0.00028848064486428147,5
2024-02-20,0.00041687951417002767,0.00022657312223318,0.0002867127337393017,5
2024-02-21,0.00023328966620019738,0.00035355127775446,0.00028592124610024496,5
2024-02-22,0.0002599253888996487,0.0002906062168833,0.0002854863227860655,5
2024-02-23,0.0003890004034427549,0.00029773478798294004,0.0002850369208307202,5
2024-02-26,0.00014779236439873476,0.00035617628749302433,0.0002848058244902414,5
2024-02-27,0.00019970949823418233,0.00021740469115555288,0.00028466839959177034,5
2024-02-28,0.0001313383532820386,0.00023421416909662606,0.0002833947011472406,5
2024-02-29,0.00014250602246378,0.00019021917062286877,0.0002831510907089412,5
2024-03-01,0.00016136453914212195,0.00019292847616552,0.0002829313946978443,5
2024-03-04,0.0003240303667310995,0.00020069272059118122,0.0002825676430879575,5
2024-03-05,0.0002373664097373952,0.00029410488063004,0.00028186937853227917,5
2024-03-06,0.00020679416811085274,0.00025794484635404004,0.00028183719811637075,5
2024-03-07,0.0002173066330106583,0.00025398900131995997,0.00028183574267583264,5
2024-03-08,0.00114713199329884,0.00025712476254768,0.00028134018135503633,5
2024-03-11,0.0003662073107271948,0.00061668610296632,0.00028095933800893524,5
2024-03-12,0.00046853645825257106,0.0003840981999869,0.0002822924237068947,5
2024-03-13,0.00017607274993865953,0.00045520479387611997,0.0002816071363255609,5
2024-03-14,0.00030911492164219657,0.00026417135637646003,0.00028151536689375586,5
2024-03-15,0.0002671105815655074,0.0003281910235743,0.0002794143344459727,5
2024-03-18,0.0005470907478331144,0.00031668879006252097,0.000279169585678775,5
2024-03-19,0.00044242778760589544,0.00047166839718466006,0.00027837052161253345,5
2024-03-20,0.00015221017417929553,0.00046663251530158,0.00027730505077704624,5
2024-03-21,0.00020592670822129999,0.00023804241508616,0.00027726679468332866,5
2024-03-22,0.00017045825931594704,0.00025545976577431997,0.00027627390657215415,5
2024-03-25,0.00021002520557279747,0.00022787027030076002,0.0002756669330888641,5
2024-03-26,0.00017196719055588965,0.00025594010512516,0.0002744062901122799,5
2024-03-27,0.0002612832091550527,0.00022877728854164944,0.000273383521192645,5
2024-03-28,0.0001253785192130146,0.00028525600576572,0.0002728534963495226,5
2024-04-01,0.00021177687071324494,0.0001947605410795506,0.0002723909801002761,5
2024-04-02,0.00012853478726532327,0.0002442844285944983,0.00027154872079030703,5
2024-04-03,0.00012385746963878907,0.00019178362573967593,0.0002717049061050624,5
2024-04-04,0.00026802712070452,0.00017389422531927223,0.00027160859419995005,5
2024-04-05,0.00019488566995166001,0.00026522431110302,0.0002714396401077223,5
2024-04-08,7.832745303121829e-05,0.00024663931141959475,0.00027169302597897574,5
2024-04-09,0.0003497064896082338,0.00013963515737238822,0.00027189687336889705,5
2024-04-10,0.0001442637743297196,0.0002929039395855019,0.0002713611733262423,5
2024-04-11,0.00025882494487948,0.0002101084685221317,0.00027124125890446685,5
2024-04-12,0.0002171999466174,0.0002613947082591,0.000270908086614116,5
2024-04-15,0.00039781882024752006,0.00026318812416708,0.00027100250692893763,5
2024-04-16,0.00021103297053589907,0.00035876619102932,0.0002709473592749444,5
2024-04-17,0.00024538764353670506,0.00026552945542538,0.00027149660858443646,5
2024-04-18,0.00033151735330109636,0.00027291912307306004,0.0002716086706220799,5
2024-04-19,0.0009160655871545851,0.00032587345776064,0.0002717974349200753,5
2024-04-22,0.00040252977050608005,0.0005738305752781201,0.00027210792799349515,5
2024-04-23,0.00020554908780741707,0.00042533227805093997,0.00027318089177861676,5
2024-04-24,0.0003237779130590585,0.00027280959240880083,0.00027347272653058176,5
2024-04-25,0.0005498488284923599,0.0003601347219371,0.00027352431691635566,5
2024-04-26,0.000344952693673791,0.0005098966778747,0.00027364757847287834,5
2024-04-29,0.00022383707444611757,0.0003957009120373,0.00027457157694580963,5
2024-04-30,0.00035182903188022514,0.0003062205527716,0.0002749346524021509,5
2024-05-01,0.00066551151164266,0.00036118289210438,0.0002743692591342052,5
2024-05-02,0.00020631074726096236,0.0005514381163597,0.00027436424075882176,5
2024-05-03,0.00021301074968889665,0.00031746494944384,0.00027523162612939006,5
2024-05-06,0.000171294006526748,0.00027267817872324003,0.0002751804235045184,5
2024-05-07,0.00020590541593439255,0.0002534715296911,0.0002747328437836307,5
2024-05-08,0.00011654500822704713,0.00025205905723812,0.00027473311934602334,5
2024-05-09,0.0001762156155857284,0.00018296038136598976,0.0002748016952737302,5
2024-05-10,0.0002141573632117528,0.00022332120942499803,0.0002746337611571809,5
2024-05-13,0.00017122845793238789,0.00024342238817582,0.000274712737301634,5
2024-05-14,0.00016553212228362268,0.00023125105252218004,0.00027455946205777714,5
2024-05-15,0.00021221046006252887,0.00022163145872356092,0.0002741473607345365,5
2024-05-16,0.00010168988008341655,0.0002527297852012728,0.00027380278804448494,5
2024-05-17,0.00012497936648998704,0.00017096964204953987,0.0002737357668996841,5
2024-05-20,0.00016852223671927352,0.00017773151518685757,0.0002731809432227352,5
2024-05-21,9.880603130781413e-05,0.00020050989833045912,0.0002728984257761169,5
2024-05-22,0.0001621580254655608,0.00015440060297069758,0.0002721886555576752,5
2024-05-23,0.00034686758425897535,0.000191989254171615,0.00027186556690116044,5
2024-05-24,0.00016281913591421334,0.00030797106499036285,0.00027154614829757713,5
2024-05-28,0.00019117050220386037,0.00021602025771675363,0.00027172407529004654,5
2024-05-29,0.00027256362925494603,0.00023155465939818002,0.0002716430966787275,5
2024-05-30,0.0002581247007103892,0.0002868543323773881,0.0002705524039214627,5
2024-05-31,0.00046455093293109413,0.000288165044205747,0.0002695518501858702,5
2024-06-03,0.000202418159199136,0.00040640269562275996,0.00026831427899579074,5
2024-06-04,0.00011897930306542081,0.0002593195473715642,0.0002682237419258418,5
2024-06-05,0.00021663533345070933,0.00018869698131919807,0.00026765776114823627,5
2024-06-06,0.00037828835585562265,0.00025555971398558825,0.0002669983228961834,5
2024-06-07,0.0001612683944557453,0.0003428352991751984,0.00026644973402304166,5
2024-06-10,0.00037410122879363405,0.00022756474596679474,0.00026668829241871826,5
2024-06-11,0.00028670827741367915,0.00033616351115556,0.0002652065282947328,5
2024-06-12,0.0005436584341341601,0.00030460326258544,0.00026505674722980077,5
2024-06-13,0.00019246040062134928,0.00042638036962379996,0.000265041202393019,5
2024-06-14,0.00023277580498222392,0.0002540146217935289,0.00026573730173983434,5
2024-06-17,0.00027338892600556,0.0002685687859738901,0.00026570643928645904,5
2024-06-18,0.00020285499495301283,0.00030938185021398,0.0002653748861752315,5
2024-06-20,0.00047068696988882865,0.00025975120337404,0.0002654110586530848,5
2024-06-21,0.00038086896727607496,0.00039993071013134,0.0002654829602143683,5
2024-06-24,0.0003488083678281687,0.00038307237030347997,0.0002660548027766132,5
2024-06-25,0.0003186004781457372,0.00037391780045312124,0.00026639319492880446,5
2024-06-26,0.0003729055885050871,0.00035741281625430003,0.0002668286325545438,5
2024-06-27,0.00019658659233224774,0.00040029903943690633,0.0002674494982783746,5
2024-06-28,0.000302430765968802,0.00028021495650231305,0.00026728816094714387,5
2024-07-01,0.00036995446599176,0.0003451578185578,0.0002671976984821587,5
2024-07-02,0.00013955311173433998,0.00039179505986347996,0.0002671767856959428,5
2024-07-03,0.00013850388640318444,0.00023383192803361997,0.0002678391922135214,5
2024-07-05,0.00017073951236258378,0.00020922640724549456,0.00026791028257688594,5
2024-07-08,0.00017240945263896957,0.0002188329970699,0.00026797466437717435,5
2024-07-09,0.00020871548015677886,0.00021897396806475075,0.0002678552253653833,5
2024-07-10,0.00010508218179087171,0.0002475459876242319,0.00026779483660597955,5
2024-07-11,0.00044841723995372,0.00016861560965167238,0.0002679633807785128,5
2024-07-12,0.00021980202976717308,0.00038350451925509997,0.00026770571341090937,5
2024-07-15,0.00029326878002544,0.00028689500657727996,0.0002683264845614746,5
2024-07-16,0.00026333518488504,0.00030970259724462,0.0002686024867665153,5
2024-07-17,0.00028728261099137997,0.00030889300848626,0.0002688850773284712,5
2024-07-18,0.000534270189439,0.00032534909407732,0.0002685230231070696,5
2024-07-19,0.0006493783928088,0.00047784389922904,0.00026868209824736853,5
2024-07-22,0.0002395186617252468,0.00046886403114760006,0.00026895745608625,5
2024-07-23,0.00019017895391295041,0.00031565549498654397,0.00026947315294065043,5
2024-07-24,0.000464279899411,0.0002385967049666384,0.0002687194969211271,5
2024-07-25,0.0013167192558849801,0.00042243885080873994,0.0002682790495358721,5
2024-07-26,0.00024114062908582235,0.00079086647598262,0.0002688655599426304,5
2024-07-29,0.00024120082295373728,0.00035188902964022,0.0002713045201601078,5
2024-07-30,0.0006098819748243201,0.00032715649259634,0.000271652353118369,5
2024-07-31,0.0004515879171238489,0.00053000932019662,0.00027145412671867187,5
2024-08-01,0.00148405697041644,0.00045767515591250003,0.00027257670406413226,5
2024-08-02,0.00089179821005706,0.00099197287785916,0.00027380184569851556,5
2024-08-05,0.0024115203038982,0.00080244164941076,0.0002769258438770532,5
2024-08-06,0.00099630710291414,0.00149114025294596,0.00027892084136497215,5
2024-08-07,0.00075476112272322,0.00102134585292348,0.0002836828464221659,5
2024-08-08,0.00077410627814296,0.0008875806224976201,0.00028635743251464736,5
2024-08-09,0.00019429167942846,0.0008166218630486801,0.0002886889097230941,5
2024-08-12,0.0002516804419734252,0.00037960388669736,0.0002909685715254417,5
2024-08-13,0.00018410561503404897,0.000390032860143,0.0002912900956240834,5
2024-08-14,0.00031990423301072,0.00032040202436455997,0.00029152164164406925,5
2024-08-15,0.00023380415747190005,0.0003882628999042,0.00029187882530599984,5
2024-08-16,0.000182750981518678,0.00032588000034694,0.0002921438162705245,5
2024-08-19,0.00017913756477214217,0.00027485068944836,0.00029230272434892387,5
2024-08-20,0.00020595486699031312,0.00027280494811174,0.0002926444215574296,5
2024-08-21,0.00012497355959490282,0.00026233340235782627,0.0002928109614993245,5
2024-08-22,0.00031695822405810003,0.00019485539468678,0.0002926057158303001,5
2024-08-23,0.00020355384607951342,0.00033095075251704,0.00029211317499324254,5
2024-08-26,0.00034622740182699014,0.00028522691486407997,0.0002923085550218021,5
2024-08-27,0.0002640996723344531,0.00035043380793547995,0.0002919124817551344,5
2024-08-28,0.0003668565384922,0.00031411216162897997,0.0002918111752394203,5
2024-08-29,0.0005369251296235,0.00038815711601731997,0.00029104840396270386,5
2024-08-30,0.00025378922523569417,0.00049803150033458,0.00029117196361250105,5
2024-09-03,0.0005177682208317999,0.00033262542670626,0.0002915440614865627,5
2024-09-04,0.00083472345738064,0.0004911417207391,0.00029176622690868227,5
2024-09-05,0.00033907181573814,0.0006425490143837,0.00029303170012857043,5
2024-09-06,0.00054801763084644,0.00043702710979401995,0.0002946389206033238,5
2024-09-09,0.0002683617031289872,0.0005545845448457799,0.0002954802828872005,5
2024-09-10,0.0003222035650354,0.00034672528755906,0.00029639600042250723,5
2024-09-11,0.0008533808429798201,0.00037691808514860004,0.00029668646540970497,5
2024-09-12,0.00029179246357359946,0.00066215468861158,0.00029731845291295185,5
2024-09-13,0.0001267544877815737,0.00040059969206292,0.0002988598023158318,5
2024-09-16,0.00019865296963378077,0.00022685565890391766,0.0002994159164517023,5
2024-09-17,0.00014944171648893388,0.0002733915588134652,0.000299087266949418,5
2024-09-18,0.00023999512011534381,0.00023767371080051007,0.0002993082648575981,5
2024-09-19,0.00018524877209370622,0.00029159813053748,0.00029922193797521867,5
2024-09-20,0.00019995691255332346,0.00023873201655794001,0.00029913095290989356,5
2024-09-23,0.00015550611736518,0.00025825031614201357,0.00029913330853095993,5
2024-09-24,0.00033537675334736,0.00021912938004882,0.00029908695119573665,5
2024-09-25,0.00010798214264400887,0.0003447956105854,0.0002988740143810419,5
2024-09-26,0.000342517206870188,0.0001854359663989419,0.0002992274800534509,5
2024-09-27,0.00019669321750520708,0.00032097988331041997,0.0002990032069109251,5
2024-09-30,9.860033246904402e-05,0.00025988419806530466,0.0002991351218690084,5
2024-10-01,0.0003990089667059001,0.0001654099786215266,0.00029901894260373185,5
2024-10-02,0.00019991035208859052,0.00034490592936294,0.0002984004226268903,5
2024-10-03,0.00016170917234640836,0.00027264572071402,0.00029871388908115585,5
2024-10-04,0.00018529515949616,0.00023371505551902,0.00029870945219658966,5
2024-10-07,0.00031832825132512,0.00024671836069188,0.00029796679903458333,5
2024-10-08,0.00014235776010377573,0.00032220958976758,0.00029812790619743163,5
2024-10-09,0.0001932186402974014,0.00021886069124656002,0.0002984413189706488,5
2024-10-10,0.00011725937263935545,0.00022798656804832,0.00029814210012049647,5
2024-10-11,9.681956242781754e-05,0.0001813904882427587,0.00029790065213102895,5
2024-10-14,0.000108804649945196,0.0001540290159448364,0.00029751192867734914,5
2024-10-15,0.0005269951138497399,0.00016091938170221566,0.0002973096113474957,5
2024-10-16,0.00017752375844351168,0.00037871346110369996,0.0002968224904838214,5
2024-10-17,0.00022776711311136107,0.00024083085751236676,0.00029718054881552744,5
2024-10-18,0.00014217274347358064,0.00025165460169389997,0.00029734308127350533,5
2024-10-21,0.00012209229521205437,0.00017595957902392248,0.0002967248913926355,5
2024-10-22,0.00013254148371215493,0.0001758191825252761,0.00029611061465151093,5
2024-10-23,0.00032540219659420004,0.00017557381296324002,0.00029517475051840994,5
2024-10-24,0.00011504151342623726,0.00028852673404072,0.000294635694361471,5
2024-10-25,0.00014593431793321897,0.00017525939739779776,0.000294197407858018,5
2024-10-28,0.0001173478863332406,0.00019136913671792774,0.0002939893486655938,5
2024-10-29,0.00014831528935353944,0.0001478851115819438,0.0002933882079209508,5
2024-10-30,0.00021614063436776586,0.0001804968160359416,0.00029205004286140824,5
2024-10-31,0.00024627180823941035,0.00021275170386229124,0.0002912282264565122,5
2024-11-01,0.00019550731024668,0.00026481282629864,0.00029060168717726304,5
2024-11-04,0.00014342907868614504,0.00023052465665185997,0.0002903275907261109,5
2024-11-05,7.451378233652757e-05,0.00020119173189922,0.00029035059204509837,5
2024-11-06,0.00030579269534608316,0.00013524866813191956,0.0002902821703397788,5
2024-11-07,0.0001112960568955369,0.0002747603978714,0.0002898231645066477,5
2024-11-08,0.00010109790498744118,0.00017049519837891613,0.0002902097518440542,5
2024-11-11,0.00016991060518663567,0.00015307126852640214,0.0002900752041275714,5
2024-11-12,0.00013459105192621616,0.0001854755264671006,0.0002901517549196903,5
2024-11-13,0.00013981156724554396,0.0001735255436421464,0.0002900480034376489,5
2024-11-14,0.00017214109763275773,0.00018423711613669086,0.00028993189592583775,5
2024-11-15,0.00027574273374974325,0.00021493329929412,0.00029002916904910536,5
2024-11-18,0.0002723597438252334,0.0002626901874509332,0.00029024079177733975,5
2024-11-19,0.00023309041895492,0.00026604986507013627,0.0002904525585461968,5
2024-11-20,0.00026822933783078,0.00027777496153992,0.00029067405533799264,5
2024-11-21,0.00116705655930876,0.00030113762480898,0.00029125251192549053,5
2024-11-22,0.00018294795295296394,0.00073323467092198,0.0002918786696651171,5
2024-11-25,0.00017054006034012176,0.0002943635156217011,0.00029417510731856976,5
2024-11-26,0.0001547287001517887,0.00026573576518474,0.0002942564404644609,5
2024-11-27,0.000249799578264101,0.00023336231231836998,0.00029470566480988594,5
2024-11-29,0.00013383256185205318,0.00028601251858718154,0.00029503148146517444,5
2024-12-02,0.0001279089860818626,0.00021034093215022,0.0002956928013187401,5
2024-12-03,9.11811862807618e-05,0.0001845773949487,0.00029591233845475696,5
2024-12-04,0.00019456951216709434,0.0001471709948279272,0.00029578568493301993,5
2024-12-05,0.00013046362771582625,0.00021216075436195463,0.0002957407333696572,5
2024-12-06,0.00015523098325026844,0.00018025446574856471,0.0002958816527622879,5
2024-12-09,0.00018632139326219113,0.0001970161202080462,0.0002956722939071601,5
2024-12-10,0.0004284972025841704,0.0002136133229997,0.0002956564812884417,5
2024-12-11,0.00029463700101538,0.0003345432454168585,0.00029588379857142105,5
2024-12-12,9.858445972619098e-05,0.00030454718215824005,0.00029665960491753187,5
2024-12-13,0.00027978106261653706,0.00016695073079816002,0.00029695293225512386,5
2024-12-16,0.00020708134298393755,0.00028338973385004,0.00029704981065092797,5
2024-12-17,0.0002892929781395992,0.0002402965729167381,0.0002974883457010284,5
2024-12-18,0.00065025139786786,0.0003053882704017434,0.00029723508968571043,5
2024-12-19,0.0002204255113287269,0.00050516808658516,0.0002977719083337893,5
2024-12-20,0.00051449158406182,0.00030724687854802,0.00029868374162382285,5
2024-12-23,0.0001787476517979397,0.00048201278705036003,0.00029926785580619054,5
2024-12-24,0.0001224279006892876,0.0002672902005738222,0.00030009073608719937,5
2024-12-26,0.00010032197805867336,0.00020418402344804558,0.00030057058780071604,5
2024-12-27,0.00029076655783928,0.00017220920569552606,0.00030086402788226613,5
2024-12-30,0.0002943914062329345,0.00029274430733016,0.0003012193821997481,5
2024-12-31,0.00011434141937287415,0.0003210060291181306,0.00030198924856188485,5
2025-01-02,0.00032858924299090003,0.00018630348240952,0.000302990439536336,5
2025-01-03,0.00014589151046314432,0.00031804923891632,0.0003031344357771688,5
2025-01-06,0.00022794630070958,0.00022873195086480432,0.0003032824618416998,5
2025-01-07,0.00041510450723336,0.0002689373629737,0.0003034531669764311,5
2025-01-08,0.00028068332142244,0.00037229533555318,0.00030363282530378123,5
2025-01-10,0.0004269608167773,0.00032003996718182003,0.00030439382215007146,5
2025-01-13,0.0001828125823087236,0.00040883538848266,0.0003049236238012464,5
2025-01-14,0.00029501665774768,0.00026557634080062,0.00030544197902507823,5
2025-01-15,0.00024017634989584926,0.00032165006869904,0.0003057372737695144,5
2025-01-16,0.00020101979591463014,0.0002964116709501,0.0003056038393706462,5
2025-01-17,0.00014220229304374,0.00025190905750576,0.00030623819829095036,5
2025-01-21,0.00072027722298028,0.00021598197636456002,0.000306219594723412,5
2025-01-22,0.00020004979051949342,0.00043134432801246,0.00030609122618581615,5
2025-01-23,0.00021941636081632002,0.00028147225213358,0.00030706551617803925,5
2025-01-24,0.00021190359187262157,0.00026995245702992,0.00030726961283575967,5
2025-01-27,0.00097691390597706,0.00024975962032994,0.00030753646626165674,5
2025-01-28,0.00108551605072122,0.00062165070747148,0.0003076324837416448,5
2025-01-29,0.0003845942890999,0.0007415254552222,0.00030875738790119066,5
2025-01-30,0.00044910956451989383,0.00045778120372717997,0.0003105635690976617,5
2025-01-31,0.00065613341488482,0.00047795818270253995,0.00031134307731727786,5
2025-02-03,0.00041677001340354,0.00059996810987922,0.0003124183385703516,5
2025-02-04,0.00028347741311281996,0.00047926685958814,0.00031400943906669324,5
2025-02-05,0.00018067934331972545,0.00037291723400922,0.0003150186170027984,5
2025-02-06,0.00014237588815411238,0.00026942147382392004,0.00031574434554391495,5
2025-02-07,0.00044799698215842,0.00022095245773364,0.00031548112392831086,5
2025-02-10,0.00017952709715499555,0.00040765686607924,0.00031519444823312854,5
2025-02-11,0.00019940718600607951,0.00028106835861538,0.00031559946189581886,5
2025-02-12,0.00017179632907947016,0.00026299306859206,0.00031576417858015257,5
2025-02-13,0.00020150646552406846,0.00024267519991658,0.0003161907619034475,5
2025-02-14,0.0001310037134862334,0.00024644759564166,0.00031643808218159394,5
2025-02-18,0.0003507938075180968,0.00019826465567502,0.00031631552947994243,5
2025-02-19,0.00016131960421055533,0.00032672447282945996,0.00031561524857066464,5
2025-02-20,0.00018135644002230825,0.00023887226394957517,0.00031582767981607715,5
2025-02-21,0.00036106709586598357,0.00023231652326649913,0.00031590411523165705,5
2025-02-24,0.00038174833788352,0.0003466039753564,0.0003159269065055988,5
2025-02-25,0.00056701505031268,0.00036919201892398,0.00031589933784528904,5
2025-02-26,0.0003437098226521,0.00047787975087136005,0.0003162111862660854,5
2025-02-27,0.00066580573554256,0.00039920792446466004,0.00031692604722992834,5
2025-02-28,0.00063972046101684,0.00058235972518396,0.00031709680769410144,5
2025-03-03,0.00092335658017168,0.00058899537467032,0.00031854504195611897,5
2025-03-04,0.00100378839889974,0.00076238126222114,0.00031995290388299864,5
2025-03-05,0.00039178497127174,0.00082283659114122,0.000322223388373468,5
2025-03-06,0.0006022843550575399,0.0005318889834024199,0.00032472302375035575,5
2025-03-07,0.00090640550518612,0.00058241228580932,0.00032603729463452733,5
2025-03-10,0.0007129402261744,0.0007642903669164199,0.000327181371639207,5
2025-03-11,0.00096904054491702,0.0007267787586272599,0.0003291906792604863,5
2025-03-12,0.00041038156659098,0.0008798901208951201,0.0003310668290910708,5
2025-03-13,0.00041406102679556,0.0005574698082407,0.00033353812019562416,5
2025-03-14,0.0001605438554047568,0.0005281913985333201,0.00033330313489909387,5
2025-03-17,0.00034390490635982,0.0003024366852397,0.0003338749333060241,5
2025-03-18,0.00049184707034526,0.0004190103771387,0.00033326871065270504,5
2025-03-19,0.0004944510952629,0.00049878757368312,0.0003338831512112853,5
2025-03-20,0.00036063746444742,0.00054139589522752,0.00033456012164822504,5
2025-03-21,0.00017113226507722,0.00047857198798320004,0.0003354518165099909,5
2025-03-24,0.0001757718643431838,0.0002871379300459,0.0003354792117115725,5
2025-03-25,0.00010182390291693907,0.00026546682802046,0.0003347669316113515,5
2025-03-26,0.00031980021741626004,0.00018906644389448,0.0003348757586468051,5
2025-03-27,0.0002736495648647,0.00034075731277804,0.00033461229308378985,5
2025-03-28,0.00049559262031936,0.00032967376612902,0.0003350602575380648,5
2025-03-31,0.0008766367762007999,0.00045708303889202,0.0003353528514309372,5
2025-04-01,0.00031938945769332,0.00067340603304756,0.0003362588266307403,5
2025-04-02,0.00050513805136874,0.00043028774823418003,0.00033779910451677936,5
2025-04-03,0.00057692765195106,0.00051582649764664,0.0003387337362912024,5
2025-04-04,0.0016487459045775802,0.00056774560841436,0.0003398112841842665,5
2025-04-07,0.0052643751752127,0.00109606493213656,0.00034130319681392794,5
2025-04-08,0.00276417496797202,0.0025293876647062,0.00034496260438066323,5
2025-04-09,0.0033753459105679605,0.0020884241124275804,0.0003539473795933743,5
2025-04-10,0.00240909565729486,0.00236223171657148,0.00036125604943864405,5
2025-04-11,0.0006134041139999,0.0021286868674528,0.0003700758770545134,5
2025-04-14,0.00063994321487574,0.00091911976977158,0.00037736072994287576,5
2025-04-15,0.00036675104282991996,0.0008726441434082601,0.00038017426685259573,5
2025-04-16,0.00087110885915496,0.00060234565990286,0.0003825998598492194,5
2025-04-17,0.00041527552254106,0.00088144367566258,0.0003839457230862662,5
2025-04-21,0.0005115722149056799,0.00061898810573996,0.00038601984008877906,5
2025-04-22,0.00055931549337334,0.00061353825070668,0.00038742245378050363,5
2025-04-23,0.00037479883595812,0.00061718720645698,0.00038877411698539895,5
2025-04-24,0.00027887746811152,0.00049179127721096,0.00038993012392467014,5
2025-04-25,0.00036680671994593816,0.00043695953974630007,0.00038960457115456233,5
2025-04-28,0.00040504162181090005,0.00043637211918672004,0.0003896507110819249,5
2025-04-29,0.00020071376751068,0.00047617548040419994,0.00039029976872786905,5
2025-04-30,0.00039424713592362004,0.00034150366849564,0.0003907602479281353,5
2025-05-01,0.00028243069989426,0.00044921080317799993,0.00039009202170044063,5
2025-05-02,0.00025851136934084004,0.00039739820129716,0.0003903043625383005,5
2025-05-05,0.00020218499175022115,0.00035857984970204,0.0003906661786038781,5
2025-05-06,0.00025021237597185996,0.00029198194141666,0.00039065584907053557,5
2025-05-07,0.00101392860969408,0.00033719740615892,0.00038962626107472983,5
2025-05-08,0.00027788279948530003,0.0006335850623579,0.00038970456447439284,5
2025-05-09,0.00016487087618216,0.0003870782870687,0.0003911367346475463,5
2025-05-12,0.00023509802653028,0.00027432431052824,0.00039166692019269547,5
2025-05-13,0.00042146742017672,0.00031122187318806,0.00039175527437241816,5
2025-05-14,0.00023836223299502122,0.00042395376224418,0.0003922642485463153,5
2025-05-15,0.00024369236987432003,0.00032790922314272,0.0003930604094702009,5
2025-05-16,0.00013275038844028723,0.00032168626707478,0.00039339567468832354,5
2025-05-19,0.0001380719402013981,0.00022723284983382002,0.00039375454458734176,5
2025-05-20,0.00016936626217802233,0.00020179541492502002,0.0003937767723298428,5
2025-05-21,0.0006479286132501001,0.00022805948443435997,0.0003935746518128736,5
2025-05-22,0.0002634053703995594,0.00050573141692154,0.00039380119880646407,5
2025-05-23,0.00017105787683258702,0.00032113555411234006,0.00039510278571810965,5
2025-05-27,9.917349823323003e-05,0.00024844824301227997,0.00039558145895533944,5
2025-05-28,0.00011330258768908583,0.00017991202647780292,0.0003959546638761393,5
2025-05-29,0.0002838333234907,0.00017998127038354044,0.0003959067383694178,5
2025-05-30,0.00044079147791410006,0.000291424735565,0.0003953988423590733,5
2025-06-02,0.00010551991506536039,0.00040155416617766,0.0003956980664775187,5
2025-06-03,0.0001581651580476292,0.00018253112085836893,0.0003963726676948976,5
2025-06-04,0.0001254369069441556,0.00022665126282865998,0.00039595868669680626,5
2025-06-05,0.00026804476017754,0.0001846232155144826,0.0003957145843897543,5
2025-06-06,0.00011228869884965555,0.00028203185128604,0.0003948345070877373,5
2025-06-09,0.00017770444504647698,0.00017715559141866,0.0003949246352778742,5
2025-06-10,0.00030412388778114,0.00021486393121783551,0.00039487883611160214,5
2025-06-11,0.0002045472109005,0.00026764089762886,0.0003947173449101428,5
2025-06-12,6.620919177542592e-05,0.00026082014154612,0.00039441895442781613,5
2025-06-13,0.00018856483052090002,0.00013212668208907897,0.0003945509202832896,5
2025-06-16,9.841785255835234e-05,0.00021473882623352,0.0003937412503266766,5
2025-06-17,8.982755913202766e-05,0.00015140219474817188,0.0003933846454205182,5
2025-06-18,0.0001761934899676318,0.00013917598468952,0.00039229346218688473,5
2025-06-20,0.00033760603480697995,0.00020560007864768,0.0003918377533094878,5
2025-06-23,0.00025631254287308754,0.00030860381878608,0.0003915878774867649,5
2025-06-24,9.758695345132909e-05,0.00028422159953841997,0.0003915847900604636,5
2025-06-25,0.00018203991627881999,0.00016898999207409999,0.0003916818948071476,5
2025-06-26,0.00016146912893940366,0.00023332999651606,0.0003907654633862856,5
2025-06-27,0.00026447901574124,0.00022216941956694,0.0003901712476172879,5
2025-06-30,0.00029621736742157606,0.00028528647240772,0.0003895690715026602,5
2025-07-01,0.00029286184177634004,0.00030211935624251997,0.0003892828558524754,5
2025-07-02,0.0001461545686487682,0.00031067712802642,0.00038889325393503735,5
2025-07-03,0.00011084170315437457,0.00022487196837768001,0.0003890141355680695,5
2025-07-07,0.00017931107320555726,0.00018609243994314,0.00038853681076576744,5
2025-07-08,0.0001630466494346604,0.00020847694823851942,0.0003877205305279883,5
2025-07-09,0.00023707053159724,0.00020404291921525996,0.0003876199155288014,5
2025-07-10,0.00016685212404569054,0.0002436465640403,0.000387599346131856,5
2025-07-11,0.00020945275702591073,0.00021780499310402,0.0003876978126674528,5
2025-07-14,0.00016578889476068416,0.0002497618967403,0.00038769317387792615,5
2025-07-15,0.00013547197241445228,0.00022744081925884,0.00038770196716806927,5
2025-07-16,0.00011528356970162111,0.00019359317062217762,0.00038793540053952625,5
2025-07-17,0.00013294849061180322,0.00016743186559384002,0.00038718178407669724,5
2025-07-18,0.00015949757398212036,0.00017553417398187508,0.0003867077239934296,5
2025-07-21,0.0001439309000523231,0.00018277566746476123,0.00038617530961540286,5
2025-07-22,0.0002627527014855709,0.00018622009544312,0.00038567484397642864,5
2025-07-23,9.664733403994604e-05,0.0002539405596751,0.00038512274477549925,5
2025-07-24,0.00022545702168553757,0.00016236452678671515,0.00038423423945980903,5
2025-07-25,5.4132899414452234e-05,0.00022926901676285672,0.0003830179715853611,5
2025-07-28,0.00010554142715624272,0.00010806591226338,0.00038267516810034643,5
2025-07-29,0.00011732363305612366,0.00014025189007709133,0.0003821571887642224,5
2025-07-30,0.00010342472433437611,0.00015047399530406,0.0003810373992375095,5
2025-07-31,0.00023798911992634368,0.00015198673558196638,0.00037849615923481677,5
2025-08-01,0.00049918721034838,0.0002538330485341,0.000377702896163157,5
2025-08-04,0.00020006844745353472,0.00039909033305726,0.00037741193011529107,5
2025-08-05,0.00016951252659668,0.00027397062365224,0.0003768924103250555,5
2025-08-06,0.00025097433829063845,0.00024115293023736,0.00037616342408592745,5
2025-08-07,0.00022746714955736,0.00026571558868743997,0.00037318397984933304,5
2025-08-08,0.0002704305296800417,0.00026788362413268,0.0003710541145290024,5
2025-08-11,0.0001398617442696156,0.0002733641886631748,0.00036619992155752115,5
2025-08-12,0.00020750290271512,0.00021118788722032,0.00036323174035013893,5
2025-08-13,0.0002390937463778431,0.00024001809615766,0.00036054764219427667,5
2025-08-14,0.00019827300241402,0.0002586113325077163,0.00035825953200820115,5
2025-08-15,0.00019686469521966,0.00024053608671944002,0.0003577794028249089,5
2025-08-18,7.801112317133372e-05,0.00024153270600762002,0.0003571861616605297,5
2025-08-19,0.0002264806640413268,0.00014141608171042,0.0003568731881749863,5
2025-08-20,0.00036783588295717065,0.00021880868492648,0.000355893637309138,5
2025-08-21,0.00011141813329753345,0.00032276941749831997,0.00035546875113683454,5
2025-08-22,0.00033013548401153133,0.00017772954778967978,0.0003556589048195725,5
2025-08-25,0.00023070997530051963,0.00030010602348470004,0.00035528162148496114,5
2025-08-26,0.0001138222421479981,0.00026290201826604,0.00035543151283863925,5
2025-08-27,8.601846460938441e-05,0.0001737239340063,0.0003557015391226839,5
2025-08-28,0.00031776069942663997,0.00013978437403642738,0.0003550776231762127,5
2025-08-29,0.00013199963988781105,0.00027380591903126,0.00035450047023642044,5
2025-09-02,0.00026083879156698,0.00019468514950015138,0.00035419639131219736,5
2025-09-03,0.0001593361777318733,0.00026966540531732,0.00035372247459740044,5
2025-09-04,0.0001270944068445425,0.000207745099798,0.00035325226939620996,5
2025-09-05,0.000172426153379978,0.00017680139777278,0.0003521003392353505,5
2025-09-08,0.00015310871560956,0.00020691398308466,0.00035148198991418595,5
2025-09-09,0.00017563707274833839,0.00019746586258318003,0.0003503541020663508,5
2025-09-10,0.00018554922010287575,0.0002115945093813,0.0003485878990830154,5
2025-09-11,0.00024752861236402863,0.00021088924199106,0.0003476933252718538,5
2025-09-12,0.00014342743679037127,0.0002158011233859396,0.0003463294550224303,5
2025-09-15,0.00020203604998927997,0.00018346937113296,0.00034580991468841007,5
2025-09-16,0.00011051509301320413,0.00023651124018294,0.00034504226106136387,5
2025-09-17,0.00021617090702525862,0.00015921027200716,0.0003433531997580756,5
2025-09-18,0.00017954576818088,0.0002200439615311687,0.00034239530523404475,5
2025-09-19,0.0001573254598193,0.00021017819419679996,0.0003423682746889148,5
2025-09-22,0.00023747369113668888,0.0001972431274059,0.00034211742800392805,5
2025-09-23,0.00019261649357615968,0.00023874296706061292,0.0003419569891809336,5
2025-09-24,0.00016411557217315998,0.00023065207834742,0.0003417472464687238,5
2025-09-25,0.00029109953619530003,0.0002030917595536,0.00034171518322185666,5
2025-09-26,0.0001440671330901712,0.00028504260384673997,0.00034149630006079153,5
2025-09-29,0.0002484533369049695,0.00019714113809388,0.000341757860472688,5
2025-09-30,0.00018777909174645758,0.00024276714736845114,0.0003411719300262931,5
2025-10-01,0.00021140225801018572,0.00022012191691962631,0.00034139943471268007,5
2025-10-02,0.00017408615581288,0.0002335772281005,0.00034099920468731975,5
2025-10-03,0.00019021241191284,0.00022173668446829998,0.0003408948119493642,5
2025-10-06,0.00018612559360192,0.00023169578439667998,0.0003411183306233593,5
2025-10-07,0.00015282831183357722,0.00021317292516978,0.00034066908401635034,5
2025-10-08,0.00010728570631190617,0.00019700218033556126,0.00034043308085942876,5
2025-10-09,0.00021589628988258648,0.0001421482473153124,0.000340287394846796,5
2025-10-10,0.00069687761688234,0.00021747732254224,0.00033987243407942867,5
2025-10-13,0.00014406961121942794,0.00045837523966438005,0.00033945682984440746,5
2025-10-14,0.00023169146927098,0.00022126621835596001,0.00034040728440162105,5
2025-10-15,0.0002594560601420643,0.00025669615104406,0.00034038061634728624,5
2025-10-16,0.00027604858506933996,0.000267531103782,0.0003406794483425295,5
2025-10-17,0.00018296726450626,0.0002956065597172,0.00034112985345299444,5
2025-10-20,0.00018641761273170064,0.00024081711565114,0.0003416643263816253,5
2025-10-21,0.0002585212837697881,0.0002258316161114,0.0003411171186615755,5
2025-10-22,0.00039854226566384004,0.00024963553977762,0.0003410575978623653,5
2025-10-23,0.00011548965571603498,0.00035637922590824,0.00034104958571190395,5
2025-10-24,0.00014756474748502758,0.00018265239530746,0.00034176553669160354,5
2025-10-27,9.857410085150152e-05,0.00019257639911412,0.00034179265261534235,5
2025-10-28,0.0003166039759391069,0.00015250619585752,0.0003418601231953062,5
2025-10-29,0.00024035018841880827,0.00025517950841295504,0.0003413203591548967,5
2025-10-30,0.0002202458445554,0.00025569230097889997,0.0003416375024525759,5
2025-10-31,0.00029363163543346,0.00025076878028684,0.0003418927531044051,5
2025-11-03,0.00039626525286916,0.00030260309317744,0.00034230102163101186,5
2025-11-04,0.00023419564973616993,0.0003460035782197,0.00034278557034982734,5
2025-11-05,0.00033478401255376,0.00026405008725572,0.0003433143476290234,5
2025-11-06,0.00039032971671678,0.00033047980600234,0.0003433113208867896,5
2025-11-07,0.00045465312502488006,0.00037451016578266,0.00034370796830484707,5
2025-11-10,0.0002667375462401,0.00042508611568272005,0.0003443957398678766,5
2025-11-11,0.00011184712079503661,0.00032715657295818003,0.00034554588846926864,5
2025-11-12,0.0002317841644595327,0.00019761977042566,0.00034575380979897806,5
2025-11-13,0.00026151075041556,0.00025877286317899995,0.00034586144698963973,5
2025-11-14,0.00040565774500658,0.00028826420386584,0.0003462808977620707,5
2025-11-17,0.00031344621694151997,0.00036273938750874,0.0003466887893390498,5
2025-11-18,0.0005002230142438599,0.00033409396569452,0.00034743963792582204,5
2025-11-19,0.00058730760214144,0.00043298530764936,0.00034803430796374993,5
2025-11-20,0.0006607846096272401,0.00050159026498488,0.0003488995937111914,5
2025-11-21,0.00068964034778192,0.00060397047525318,0.0003498476098918816,5
2025-11-24,0.00039724363917762004,0.0006307969128758201,0.00035118856469419527,5
2025-11-25,0.00046751837811733995,0.00045834361129037997,0.00035258944545346475,5
2025-11-26,0.00017025935008803628,0.0004986087422990399,0.00035321327873315283,5
2025-11-28,0.0001395374073150187,0.00027960440272531997,0.00035228222346083955,5
2025-12-01,0.00020007110871656,0.0002163417995320863,0.0003522236555525206,5
2025-12-02,0.0002259253328886619,0.00025277247650942,0.0003520276477523117,5
2025-12-03,0.0002824040198594287,0.00026704153177681993,0.0003521046722133872,5
2025-12-04,0.0002342525969825,0.00028859530458903997,0.00035202939051969537,5
2025-12-05,0.0005384580154553354,0.00028308951199718,0.0003523399237436589,5
2025-12-08,0.0003161365366920594,0.0003551026637951476,0.00035273084484305765,5
2025-12-09,0.0001032649636242994,0.00034110494366652,0.0003535559705135625,5
2025-12-10,0.00018668747027729453,0.00017910239006658731,0.0003540676538044536,5
2025-12-11,0.00028512822928144,0.0002401609763513093,0.00035406308207555686,5
2025-12-12,0.00028262482454643974,0.00030748973231912,0.00035423429182215713,5
2025-12-15,0.00018891495278882,0.0003019437187807803,0.00035460681725596433,5
2025-12-16,0.00015414504376752046,0.00025666994335968,0.00035447745405502753,5
2025-12-17,0.00020597774422765288,0.00022149797785862,0.00035428746501217607,5
2025-12-18,0.00023296702649521997,0.0002443474137565,0.0003545039223417811,5
2025-12-19,0.00015461878270248,0.00025911160585006003,0.00035434899250014006,5
2025-12-22,8.089989243211834e-05,0.00022528757772548002,0.00035442365532924056,5
2025-12-23,0.00014087086285683494,0.0001439660071375769,0.00035410579543766806,5
2025-12-24,4.873231803868238e-05,0.00018249686465598598,0.0003526724538525586,5
2025-12-26,9.512651736312983e-05,9.98443724232653e-05,0.0003521774141148918,5
2025-12-29,6.064024838652609e-05,0.00012116250673488134,0.0003506608727870065,5
2025-12-30,4.8127896991830187e-05,0.00010302329987383931,0.0003500810009860583,5
2025-12-31,6.259164277906646e-05,8.187688114528217e-05,0.00034967956954330356,5
