date,actual,predicted,reference,count
2019-01-02,0.0007420363721763201,0.0008213959928832601,0.00040547844746972335,5
2019-01-03,0.0005878933098732401,0.0007869836471763401,0.00040823019317711904,5
2019-01-04,0.0007577054774514801,0.0007540534405794,0.0004099931181428951,5
2019-01-07,0.00049338190732306,0.00074030782603288,0.00041223712547757503,5
2019-01-08,0.0006931554938057,0.0006896053926032199,0.0004138126443616609,5
2019-01-09,0.00033025704274703457,0.00070552474507782,0.00041600296214390253,5
2019-01-10,0.00034160901095379537,0.00063784734646842,0.0004167260347327081,5
2019-01-11,0.00029645149605848155,0.00057659304191104,0.00041761069994556733,5
2019-01-14,0.0002658648486570087,0.00051956288932148,0.0004181541210956309,5
2019-01-15,0.0002386382540965,0.00046852843400311997,0.0004189616106521279,5
2019-01-16,0.00019985433535470873,0.00043440848328488,0.0004193888097328324,5
2019-01-17,0.0003209147459093421,0.00040189814161923997,0.00041805622537155246,5
2019-01-18,0.00030239886237722085,0.00040619624435158004,0.00041835554665198196,5
2019-01-22,0.00053699827173626,0.00039879786906626,0.0004190863876625367,5
2019-01-23,0.00048739392469668004,0.00044555898859822003,0.00042082721523419595,5
2019-01-24,0.0002681504402025038,0.00047753706986876,0.00042225018180445494,5
2019-01-25,0.0004361498662118675,0.0004433987941191,0.00042255858322195973,5
2019-01-28,0.0007394016750253199,0.00044545659986542,0.00042290041342989544,5
2019-01-29,0.00035251039134384,0.00048406680468500007,0.0004248498981215723,5
2019-01-30,0.00046536541395404,0.0004981888317265599,0.0004258026727594035,5
2019-01-31,0.00047383898504306,0.00050808511840432,0.00042662376254417,5
2019-02-01,0.00032766662552816,0.00050320140963516,0.00042719498319647496,5
2019-02-04,0.00026425942182254,0.0004620000337121,0.0004278464579015987,5
2019-02-05,0.00015278286291626277,0.0004261658297223201,0.0004272369582966243,5
2019-02-06,0.00025055931925824,0.00036713047459688,0.00042594475808368625,5
2019-02-07,0.00026820682672893997,0.00035618762477074,0.000414228694169732,5
2019-02-08,0.00011455447472057806,0.00036147349233212,0.0004110662389944633,5
2019-02-11,0.00015767977249273897,0.00031781261719512,0.0004101838966537951,5
2019-02-12,0.0001596122866107523,0.00030107361298996,0.0004083712582659411,5
2019-02-13,0.00016766885565684702,0.0002840356915579,0.0003984763880682671,5
2019-02-14,0.00023554300391734464,0.00028266235608036,0.0003971440617700151,5
2019-02-15,0.00022216072959915694,0.00028661325747072,0.00039711301597806755,5
2019-02-19,0.0001435950207435681,0.00029573090950876,0.0003968150393772243,5
2019-02-20,0.00018234406389235243,0.00028273389288122,0.00039610556457302684,5
2019-02-21,0.0001704998041928424,0.00027943358325904,0.00039610411369638606,5
2019-02-22,6.95635818967816e-05,0.00027582107112024,0.0003955696584394856,5
2019-02-25,0.00021671143750699186,0.00023947799462825512,0.00039498104104500884,5
2019-02-26,0.00018066861093206588,0.00025314014679441094,0.0003949194001633753,5
2019-02-27,0.000180526106404898,0.00026001441273732,0.0003951591216472302,5
2019-02-28,0.00010972990531853296,0.0002644423257064705,0.0003954255157152178,5
2019-03-01,0.00014859558133655388,0.000244956829828017,0.00039543045365313833,5
2019-03-04,0.00033278118935118,0.00024407641458264003,0.0003955192995905715,5
2019-03-05,0.0001626094371728792,0.00026647445558879997,0.00039371642828955064,5
2019-03-06,9.152547480444976e-05,0.00025903839865854,0.000392018080448724,5
2019-03-07,0.00023137058541379245,0.0002415710622312173,0.00039032029768292447,5
2019-03-08,0.0002267372327072,0.00025371975577019996,0.0003907090277381338,5
2019-03-11,0.0004346739894442512,0.00026110650579642,0.00039090717130552295,5
2019-03-12,0.0002001230636484961,0.000283891635794,0.0003922518845812708,5
2019-03-13,0.00016230283953050213,0.00029009726546338,0.00039263131488112037,5
2019-03-14,8.017435238810018e-05,0.00027815064360339943,0.00039240597728889816,5
2019-03-15,0.00013290440330162965,0.0002461575251640555,0.00039128549294580386,5
2019-03-18,0.00019282627714329952,0.00023757481468864944,0.00039140762865789227,5
2019-03-19,0.00017512247103316508,0.00024164395617064395,0.00039161531891036274,5
2019-03-20,0.00031474512567354607,0.0002466056467107506,0.0003919842309400961,5
2019-03-21,0.0002645571439507478,0.0002678225125517995,0.000391503831292264,5
2019-03-22,0.00035539131797791997,0.0002780538356277235,0.000391818918647294,5
2019-03-25,0.00032773521619592,0.0003067904079689308,0.00039269070673183387,5
2019-03-26,0.00040000148285812,0.00032527475515146,0.00039302544997990867,5
2019-03-27,0.00031888713503118,0.00035360305554034,0.00039326211588183794,5
2019-03-28,0.0001498413839589908,0.00034934346864309997,0.0003914531476433029,5
2019-03-29,7.005543121078403e-05,0.00031493273901119997,0.0003847989044648216,5
2019-04-01,0.00010652566538276703,0.00025997384698156,0.0003811001391102005,5
2019-04-02,9.497319263404692e-05,0.00024103422156566,0.0003764066364337139,5
2019-04-03,0.00016707828421125398,0.00022497593391222,0.0003722519082919873,5
2019-04-04,0.00016596964340733245,0.00023199411549616,0.00037027018457623246,5
2019-04-05,4.956613424301425e-05,0.00023693414639031643,0.00036867827622819933,5
2019-04-08,8.409725490926087e-05,0.0002067230824301227,0.0003674455777863232,5
2019-04-09,0.00011147813575202192,0.00020235222053503993,0.00036553964039605906,5
2019-04-10,8.167474115029536e-05,0.00020404595361964693,0.0003644714752874149,5
2019-04-11,0.00011774501530924662,0.00019574346182455455,0.0003638731204372738,5
2019-04-12,0.00012647501854027153,0.00019729773357009153,0.0003635915144211478,5
2019-04-15,0.0002033474162842944,0.00019778491930290214,0.000363550365697814,5
2019-04-16,0.00017102641983548686,0.00021012443218694482,0.00036342268627557447,5
2019-04-17,0.0002741970905741852,0.00021704770323040975,0.00036332086248968214,5
2019-04-18,9.122684158285361e-05,0.00022999579085352054,0.0003630203474555973,5
2019-04-22,0.00019218377293001872,0.00021459868563499583,0.0003626736143975382,5
2019-04-23,0.00013439980492932174,0.0002222658634881929,0.0003625687624812155,5
2019-04-24,0.00010251666012706117,0.0002174745454429705,0.00036203467960836655,5
2019-04-25,0.0001892656037428986,0.0002096928072470844,0.00036115453562569216,5
2019-04-26,0.00029651961782182676,0.0002227730645525596,0.00035880549430403273,5
2019-04-29,0.00013994614840192237,0.0002459453088927849,0.00035685022371246644,5
2019-04-30,0.00015495735651654,0.00024324725930805675,0.00035609148505808365,5
2019-05-01,0.0002522168279458658,0.0002416089968733547,0.00035545724454139744,5
2019-05-02,0.00025401436472666,0.0002482102917082355,0.00035547702134915214,5
2019-05-03,9.638266581539059e-05,0.00025779293893302,0.0003557081899951468,5
2019-05-06,0.00019113748881718017,0.00023073106600694,0.0003554692438534501,5
2019-05-07,0.00040705476516734,0.00023593022488948,0.00035525841857260855,5
2019-05-08,0.00019171487059348137,0.0002687785303972,0.0003561010011702312,5
2019-05-09,0.00035017712198466,0.0002673549955328,0.0003560735994256466,5
2019-05-10,0.0005470006549673,0.00029264871264574,0.00035716295803655244,5
2019-05-13,0.00034768549374630716,0.00033422733705582003,0.0003589515520729085,5
2019-05-14,0.0002219600586179987,0.00034921353699745997,0.00036012003695773534,5
2019-05-15,0.0003349245014788,0.00033020784097951997,0.00036025386509208596,5
2019-05-16,0.00023746946560834,0.00032188625619294,0.00036135799014662195,5
2019-05-17,0.00042131553074627995,0.00031309504704558,0.00036146663044419957,5
2019-05-20,0.00019658065168756867,0.00032805239869282003,0.00036273447733976003,5
2019-05-21,0.00013246473734837772,0.00031970124180376,0.00036291486474966997,5
2019-05-22,0.00019947207656099853,0.00028874996863416,0.00036312135542314317,5
2019-05-23,0.00023711326990504003,0.00027003971722582,0.0003632137461382287,5
2019-05-24,0.0001537386784059146,0.00027475376566895996,0.0003637326458052605,5
2019-05-28,0.0001551858889547657,0.00026872566898296,0.0003637142141838108,5
2019-05-29,0.00018638458558999056,0.00026194885357132,0.0003635319750909351,5
2019-05-30,0.00015308808344933382,0.00026549931155596,0.00036402942068069414,5
2019-05-31,0.0001611311050723463,0.00026041493031404,0.00036402080579177375,5
2019-06-03,0.00072691489510356,0.0002611355174445136,0.00036443047538556935,5
2019-06-04,0.00032443232262962,0.00031486610447138,0.0003668541547823338,5
2019-06-05,0.00030428960406649996,0.00031714923324274003,0.00036793024563324224,5
2019-06-06,0.0001334900870439249,0.00032850557661324,0.0003686171752869549,5
2019-06-07,0.00025149530451457996,0.00029447888265372,0.0003687525224511129,5
2019-06-10,0.000381082188182,0.00029628019607604,0.0003693425446466753,5
2019-06-11,0.00018038296593272439,0.00030230112708134,0.00037020461596627463,5
2019-06-12,0.00014294483724656574,0.00028602787994536,0.00037055628603774706,5
2019-06-13,0.0001427684371991323,0.00027093809628114,0.00037086638335135193,5
2019-06-14,0.0001239233976205083,0.00025955907054574,0.0003712908691751781,5
2019-06-17,0.00011598198942641177,0.00024792236367986,0.0003707871990886116,5
2019-06-18,0.00032038144245151516,0.0002373166107294,0.0003708028766448745,5
2019-06-19,0.00012646728845704247,0.00026027458598158,0.00037157743842868355,5
2019-06-20,0.00014463151077922777,0.00024466809454056,0.00037176078440425515,5
2019-06-21,0.00011545224059357527,0.00024159896272358001,0.0003713907261112112,5
2019-06-24,8.375103295661056e-05,0.0002333507676052149,0.0003713731863449261,5
2019-06-25,0.00022508443468625998,0.00021865589163078326,0.00037056749116803916,5
2019-06-26,0.00018989917412705543,0.00023722335560476,0.00037102199041573616,5
2019-06-27,6.606402387790285e-05,0.00024213624291012002,0.00036936374742479035,5
2019-06-28,9.61048058605823e-05,0.00021902487929944,0.0003684713168860006,5
2019-07-01,0.00025881621059106714,0.00021093657879409054,0.00036737438284162245,5
2019-07-02,0.00010395239495761171,0.00022913869498203485,0.0003676180752943058,5
2019-07-03,6.826102820236202e-05,0.00022005525522280966,0.0003673999498426785,5
2019-07-05,8.182757219519144e-05,0.00020363142761455766,0.00036655975206776795,5
2019-07-08,7.702328249181076e-05,0.00019656672593961434,0.00036635213330745277,5
2019-07-09,0.00013160039375818226,0.000185951215008234,0.0003661586827391068,5
2019-07-10,0.00041544198434643006,0.00018968555768433243,0.00036615597493959147,5
2019-07-11,0.00019807173841232228,0.0002041912496685336,0.00036744779882334,5
2019-07-12,6.708918097214614e-05,0.0002144350942019883,0.0003678939265580805,5
2019-07-15,0.00012716483840522782,0.00020022635407243315,0.000367757893652977,5
2019-07-16,0.00010265779540944429,0.00019870354128987775,0.0003677833338256881,5
2019-07-17,7.131396300512607e-05,0.00019653539870176086,0.0003677844001657256,5
2019-07-18,0.00022150701806490335,0.000185572923631335,0.0003675160438414649,5
2019-07-19,0.00015350164624827742,0.0002027815393934132,0.0003651199867975324,5
2019-07-22,0.00013876442966414803,0.0002052631970188783,0.00036521994580964123,5
2019-07-23,0.00010365571361669676,0.00019916224979025284,0.0003651479669382848,5
2019-07-24,0.0002244189300210419,0.0001925526188495846,0.0003650623223576431,5
2019-07-25,0.00017932401895064034,0.00020493072762844288,0.0003649767657762109,5
2019-07-26,0.0001606600301821862,0.00021235049890875766,0.0003648111671467712,5
2019-07-29,0.00017718963584304278,0.00020775443723984022,0.0003649803699748124,5
2019-07-30,0.00010279944201429426,0.00021466619896451361,0.00036513801951405355,5
2019-07-31,0.00055393991854324,0.00020789284785791787,0.00036422001121258236,5
2019-08-01,0.00073957799650062,0.00025039956797108,0.0003652854460802912,5
2019-08-02,0.00024560760639854,0.00030578524959204,0.00036666299074018143,5
2019-08-05,0.00032463813515657997,0.00030966998154508,0.0003668208721164679,5
2019-08-06,0.00027309605872288,0.00032237510989762,0.0003670622791566956,5
2019-08-07,0.00028266490728116,0.00032269186051628,0.0003677082920145426,5
2019-08-08,0.00023703802122926,0.000319166685865,0.00036843522317580826,5
2019-08-09,0.00024311842798750987,0.00030373214760066,0.0003689748712883145,5
2019-08-12,0.00018443537177769998,0.00030113917931874,0.00036949729067887603,5
2019-08-13,0.00055683841886222,0.00028710468714886,0.0003698579703613202,5
2019-08-14,0.00021243475148059998,0.00032164077813326,0.0003717933111877898,5
2019-08-15,0.00033898559072622454,0.00031269336015712,0.000371951451272793,5
2019-08-16,0.0001671508387661462,0.00032298944904806,0.0003728836722365521,5
2019-08-19,0.00018445410247245475,0.00029680842782351996,0.0003722772484793917,5
2019-08-20,8.739314513013611e-05,0.00028382596278664,0.0003724645410104898,5
2019-08-21,0.00010912338060298983,0.00025425670649922437,0.0003717745182532423,5
2019-08-22,0.00016404125327132787,0.00023737210555002178,0.00036958395642660885,5
2019-08-23,0.0006379061093893999,0.00023958813791167454,0.00036958615967216523,5
2019-08-26,9.386567792956685e-05,0.00029345766489364,0.0003716355057572921,5
2019-08-27,0.00026280622659036,0.00025340070480613997,0.00037123760186251996,5
2019-08-28,0.00014515047309202845,0.00027135124453056,0.00037184764738249973,5
2019-08-29,9.566731439908916e-05,0.00025657361478361997,0.0003715018043002229,5
2019-08-30,0.00016453356880873543,0.00023823009290946,0.0003712886508366733,5
2019-09-03,0.00014147401320402294,0.00024021976996367998,0.000371465151429315,5
2019-09-04,7.283994157074025e-05,0.00023117099893416,0.00037094698321036375,5
2019-09-05,0.0001753717254381053,0.00020439240590202002,0.0003707482447214053,5
2019-09-06,0.00010546013011396163,0.00020863088332406001,0.00037086967650938146,5
2019-09-09,0.0003183999642418678,0.00020325639456145934,0.00036872896785437105,5
2019-09-10,0.00035946578990996047,0.00022859564549036,0.0003683632507885625,5
2019-09-11,0.00016406781794590415,0.00024608719579489704,0.00036834416900697275,5
2019-09-12,0.00014216677659630923,0.00024180514413564883,0.0003682872558162716,5
2019-09-13,0.00010395861998360187,0.00023759306130534744,0.0003679542591945961,5
2019-09-16,0.00012602684131599414,0.00022522490935061016,0.0003671482304987147,5
2019-09-17,8.772404933742485e-05,0.00021478838472342647,0.0003670630841284083,5
2019-09-18,0.00021410977863341884,0.00020141817813082772,0.0003668844360928601,5
2019-09-19,0.00017916295688041292,0.00021688968714988886,0.0003665372734025209,5
2019-09-20,0.00044298406621983994,0.00022247389126918332,0.00036617229982335967,5
2019-09-23,0.00026222691730933034,0.0002523945656020112,0.00036657732289376466,5
2019-09-24,0.0004233592984062,0.0002558767435430309,0.00036720659923122944,5
2019-09-25,0.00044557360766471997,0.00028660417910736,0.0003681465095102132,5
2019-09-26,0.00014374156200744307,0.00031035797488238005,0.00036802457067764495,5
2019-09-27,0.0003487632306546,0.00028589170458404,0.00036815589089916466,5
2019-09-30,0.00011454793912834696,0.00030203714457029997,0.00036881831377149097,5
2019-10-01,0.00034359407629806,0.00027178494874082,0.0003688978887446906,5
2019-10-02,0.0001691217243538167,0.00029072570813926,0.0003697595977005933,5
2019-10-03,0.00049572479048132,0.00028000888396892003,0.00036963273033943834,5
2019-10-04,0.00019768714272710213,0.00030952864864381997,0.00037065802109247813,5
2019-10-07,0.00014532323785418848,0.00029570858923608,0.00037091011054806984,5
2019-10-08,0.00010159374128376349,0.0002767809928626,0.000369961722168354,5
2019-10-09,0.00011346617147907256,0.00025162525055096,0.0003675279522452793,5
2019-10-10,0.00020432216237282517,0.00023455065299618,0.00036537292021780597,5
2019-10-11,0.00012611986519841078,0.0002372967708088,0.0003652637327820667,5
2019-10-14,9.645671184345235e-05,0.00022977313367997997,0.000363139575566295,5
2019-10-15,0.0002801901717065044,0.0002160548938813197,0.00035977435124358217,5
2019-10-16,0.00016530174114084514,0.00023022273605622571,0.0003586310010079607,5
2019-10-17,0.0004726714800165689,0.00023207745419241997,0.0003580574545822894,5
2019-10-18,0.0004176817627985376,0.00025588014554448445,0.0003581305657602555,5
2019-10-21,0.00019271780897404286,0.00028583268922706244,0.0003577728722379167,5
2019-10-22,0.000248449911071353,0.00027051819347787074,0.00035671475174626577,5
2019-10-23,0.0001399132434342561,0.00027572208442471445,0.00035537961530823824,5
2019-10-24,0.00010093308037151241,0.0002581263725566153,0.00035392822765739965,5
2019-10-25,0.00015602711581324294,0.00023533365990171894,0.00035199380552109784,5
2019-10-28,0.0001694371760819712,0.0002265841846028073,0.0003480605589144183,5
2019-10-29,0.00016701257832769074,0.00022496930294076383,0.00034526703883849504,5
2019-10-30,0.00017058272550839114,0.0002265783743318425,0.00033922801111772237,5
2019-10-31,0.0003743322575309703,0.000228032990811846,0.0003236315617619428,5
2019-11-01,0.00013170313110037128,0.00024715323138302,0.000321486319948054,5
2019-11-04,0.00012879586504947787,0.0002349584973163216,0.00031934873639882365,5
2019-11-05,7.316169407799245e-05,0.00022587277594373318,0.0003165799966964351,5
2019-11-06,0.00011636661374226291,0.00020765552685069778,0.0003141861142199324,5
2019-11-07,0.00021851774834714404,0.0002055242498799163,0.0003118226959132695,5
2019-11-08,9.555942266179671e-05,0.00021562512279330162,0.0003110461222256912,5
2019-11-11,0.00012053664617023405,0.00020464521804309976,0.00030965959328149256,5
2019-11-12,9.355014435172876e-05,0.0002011761278657732,0.0003085465964181378,5
2019-11-13,0.00018107431448922208,0.00019415653160995562,0.00030710346737847693,5
2019-11-14,8.998520106755559e-05,0.00019993090879031667,0.0003055944083851355,5
2019-11-15,0.0003352483167526832,0.00019083774993031814,0.00030295473543991104,5
2019-11-18,0.00025343020826291724,0.000212585595072824,0.0002999535416338448,5
2019-11-19,0.0001525822947471928,0.0002300513265472274,0.00029833612615621526,5
2019-11-20,0.00025295680925131996,0.0002318878797577633,0.00029659778043856605,5
2019-11-21,0.00012022864037986494,0.0002470501922014483,0.0002947712673989085,5
2019-11-22,9.723154322300399e-05,0.00023158557989623793,0.0002843219062415961,5
2019-11-25,0.00013068539151611688,0.0002131295277225091,0.00028292400472351313,5
2019-11-26,6.342547620365898e-05,0.000205655843380764,0.00028175527458967713,5
2019-11-27,5.456220463114911e-05,0.00018720170216698668,0.0002796656725682483,5
2019-11-29,3.9963245859218316e-05,0.00017108640740611444,0.00027799946395441234,5
2019-12-02,0.00026734686028586,0.00015753160075320487,0.0002741872362133759,5
2019-12-03,0.00013524159231232652,0.00018319301588602706,0.0002734207910591267,5
2019-12-04,8.90426540894205e-05,0.00018623167493820358,0.00027271915779615336,5
2019-12-05,0.00010677456044203777,0.00018176097232615508,0.0002709706007890373,5
2019-12-06,5.395597823402002e-05,0.00018043257740889325,0.00026789194869829584,5
2019-12-09,0.00016976327011229727,0.00016689532240911345,0.0002663937973086528,5
2019-12-10,0.0001380940888137888,0.0001790377543942426,0.000263040768556264,5
2019-12-11,3.545383668917481e-05,0.0001845757687601252,0.00026138130873413145,5
2019-12-12,0.00012317181854374872,0.00016156004912205548,0.00025897102875617836,5
2019-12-13,0.00014602978957452834,0.00016729097494428942,0.0002568172128852356,5
2019-12-16,8.791288780164819e-05,0.00017528825968647264,0.00025588740447441365,5
2019-12-17,9.318160248428348e-05,0.00017305366199459044,0.0002545362933177954,5
2019-12-18,0.00010857331852998557,0.00016899086826296803,0.0002516597225739521,5
2019-12-19,6.644016633482006e-05,0.0001661878742898182,0.0002501143086596786,5
2019-12-20,8.68247020897322e-05,0.0001592701435605061,0.00024388551023250964,5
2019-12-23,6.090234839856706e-05,0.0001598829946633413,0.0002387025430591419,5
2019-12-24,3.351686848190187e-05,0.00015379634349305848,0.00023312449894593575,5
2019-12-26,8.489947285996204e-05,0.00014269064410956338,0.0002283435661446655,5
2019-12-27,0.00014776083334794405,0.00014260957238924427,0.00022337205909744124,5
2019-12-30,0.0001554939678969323,0.0001568522989803359,0.00021872732566130545,5
2019-12-31,6.39333673777532e-05,0.00016569779710333087,0.00021628426009689697,5
2020-01-02,8.11129377456953e-05,0.0001566264838392151,0.00021527643571347295,5
2020-01-03,0.000102596182546802,0.00015708511201450827,0.00021265372367208155,5
2020-01-06,0.00020751556084361013,0.00015928947901877434,0.00021072794142078618,5
2020-01-07,9.234167665443187e-05,0.00017270497571284242,0.00020854464810091374,5
2020-01-08,0.00016321092442010614,0.000168963944220019,0.00020695321861413334,5
2020-01-09,0.00012327993011886925,0.000178287086963536,0.0002048502639737142,5
2020-01-10,0.00013796766519035556,0.00018019123496479088,0.00020402892622518979,5
2020-01-13,0.00011318844868378351,0.0001845808946558417,0.00020322082564676338,5
2020-01-14,0.00012472070550614435,0.00018211196977583043,0.00020249359133178444,5
2020-01-15,0.00011243259082127034,0.00018367059164588163,0.00020193349552563022,5
2020-01-16,6.97702777533564e-05,0.00018266499884804014,0.0002014326794015221,5
2020-01-17,6.286751725067855e-05,0.00016926020422621484,0.00020091647282373897,5
2020-01-21,0.00011654367276025805,0.0001590616621130333,0.00019989247588461708,5
2020-01-22,0.0001800366436086327,0.00016245777409787198,0.0001991549552908989,5
2020-01-23,0.00023691645502093125,0.00017147357847402498,0.00019773844089356684,5
2020-01-24,0.0003700110139738098,0.00018336206173941817,0.00019674448268056774,5
2020-01-27,0.0003463883381300553,0.0002100340165735677,0.00019714869130664443,5
2020-01-28,0.00022195625034630222,0.00023279146685000786,0.00019679249476663722,5
2020-01-29,0.0001792963015559797,0.0002388362207568032,0.00019473913990679967,5
2020-01-30,0.00013964647106330902,0.00023934426842239301,0.00019405178240764135,5
2020-01-31,0.00029923234099442,0.000228534942824787,0.0001927592469199796,5
2020-02-03,0.00029662826621636,0.00024703865409106,0.00019206636341185002,5
2020-02-04,0.00027603888896678,0.00025327669620198,0.00019194319531934287,5
2020-02-05,0.00023813625384303715,0.00024626761947977996,0.00019198993923658192,5
2020-02-06,0.0001623750574604205,0.00025002087173972,0.00019232864316883104,5
2020-02-07,0.00015752572424154,0.00024125790913035998,0.00019197870562201436,5
2020-02-10,0.00018282757351973113,0.00023022203286564,0.000191539494897858,5
2020-02-11,0.0002238297599607226,0.00022600781689015997,0.0001918104198930928,5
2020-02-12,5.733151187885656e-05,0.00023065531912778002,0.0001920729198433626,5
2020-02-13,0.00011544211496437962,0.00019994739393735996,0.00019166704375315653,5
2020-02-14,0.00014410300841970008,0.00019560902421472,0.00019145979478215467,5
2020-02-18,0.0001622229198528473,0.00019470510661718875,0.00019109693765716386,5
2020-02-19,0.0001298222866918058,0.00020045721044867137,0.00019085908920578966,5
2020-02-20,0.00063149501302056,0.0001986526221773593,0.00019080443549923507,5
2020-02-21,0.00033300834059288005,0.00024246576157386309,0.0001925867805354582,5
2020-02-24,0.00068850806427902,0.00027107168199404165,0.00019323165567990288,5
2020-02-25,0.0008759674183116,0.00032353675515134003,0.00019568778457824514,5
2020-02-26,0.00058903617844556,0.00039848980750685996,0.00019830387974016837,5
2020-02-27,0.00120666200940074,0.00042727642744661996,0.00019992438596046018,5
2020-02-28,0.0013949413474995,0.0005106480493833399,0.00020399635382949138,5
2020-03-02,0.00128433156193334,0.0005784649434289,0.0002090963992349716,5
2020-03-03,0.0012951435131296402,0.00063731712627668,0.00021360328804686385,5
2020-03-04,0.0005416514511851799,0.00070892934953138,0.00021742218615709578,5
2020-03-05,0.0007476467272035,0.0006528803842767199,0.00021892632113333513,5
2020-03-06,0.00051410403979468,0.00064626199084414,0.0002215299768968236,5
2020-03-09,0.0016815318102298999,0.0006123813123259201,0.00022265193504912868,5
2020-03-10,0.00121466188712888,0.00071903976982376,0.00022842492940437748,5
2020-03-11,0.0008748543785460202,0.0007779553807391001,0.00023152011947455455,5
2020-03-12,0.00271300446755388,0.00078738880773366,0.00023419762469240185,5
2020-03-13,0.0033875745579756804,0.00100559706906198,0.00024431945654963756,5
2020-03-16,0.005032019634225821,0.00119568655517278,0.0002574440605400645,5
2020-03-17,0.00449622433246584,0.00149972936551638,0.0002768849939961131,5
2020-03-18,0.0037651374002782402,0.0017364251967261803,0.0002939619704061232,5
2020-03-19,0.00320146009585782,0.0018490410930486,0.00030820806139519104,5
2020-03-20,0.0024545782969930202,0.0019294836337877999,0.000319663279530843,5
2020-03-23,0.00209044584767326,0.00209509518211888,0.0003283538396619631,5
2020-03-24,0.00104719022769292,0.0020669546074114998,0.00033523897668456354,5
2020-03-25,0.00128359536709486,0.0017559668712592402,0.0003380939568889167,5
2020-03-26,0.00082074204458182,0.0016892130646525999,0.00034160028182636396,5
2020-03-27,0.00075207735913948,0.0013947174638346,0.0003435917695626761,5
2020-03-30,0.00059001171749416,0.00126413697508076,0.00034598159486101145,5
2020-03-31,0.00089934934365018,0.00106136729930824,0.0003480449134573743,5
2020-04-01,0.00088172283235208,0.00105165798288954,0.0003511910391647849,5
2020-04-02,0.0003797456963661,0.00104808059918682,0.00035431306154461845,5
2020-04-03,0.00071946247294026,0.00089288364734556,0.0003551569798468203,5
2020-04-06,0.0006950905170839,0.0008726252559882401,0.00035735337996401444,5
2020-04-07,0.00050835872293612,0.0008362603161392601,0.00035991498465782774,5
2020-04-08,0.0002559598606185974,0.0008097744534453801,0.00036159856191190267,5
2020-04-09,0.00031044758987808,0.00067002745047042,0.0003621719020899446,5
2020-04-13,0.0008420807311788601,0.00060918502855286,0.0003630797308547376,5
2020-04-14,0.00058636760516332,0.0006180972586573,0.00036595407893358546,5
2020-04-15,0.0005262793236288601,0.0006057379430953801,0.0003677790495154231,5
2020-04-16,0.000634055064217,0.00058078630895098,0.0003690605253382189,5
2020-04-17,0.00056076295438894,0.00058830965576754,0.00037089794059370126,5
2020-04-20,0.00029266300671664,0.0006171424020799401,0.0003720351067199505,5
2020-04-21,0.0009354093849750601,0.00056044317458628,0.00037283445658159263,5
2020-04-22,0.00048562457231764004,0.00064594458179058,0.0003757837645658985,5
2020-04-23,0.0004223782173537,0.0006126765479242,0.00037717751364283635,5
2020-04-24,0.00022159974793411192,0.0005941851831188,0.000378446805536593,5
2020-04-27,0.00023498100320246,0.00050742472972944,0.0003785751156325899,5
2020-04-28,0.00026928079258624,0.00046586986593275995,0.00037833091478092583,5
2020-04-29,0.00047589182479808,0.00045637498570394,0.0003788441474959431,5
2020-04-30,0.00027898057501238,0.00045564258188420003,0.0003801176969732508,5
2020-05-01,0.0006810312827162199,0.00043013921332993993,0.000380223902318753,5
2020-05-04,0.00022760765191584,0.00048185279017122,0.00038191841389807664,5
2020-05-05,0.00027123788054204,0.00044016308667956,0.0003824391479699039,5
2020-05-06,0.00019529317484836837,0.00042536388950966,0.00038275700666722483,5
2020-05-07,0.0001283888089231661,0.00039255495396056,0.00038191668289611785,5
2020-05-08,0.00012474250236195136,0.00034832101406171996,0.0003816653890006007,5
2020-05-11,0.00027154676843176,0.00031934985874478,0.0003807708071767012,5
2020-05-12,0.0002647182739039,0.00033109997563906,0.00037967773619838554,5
2020-05-13,0.0009436287276569999,0.0003482746998312,0.00037934850119901106,5
2020-05-14,0.00045583236133893206,0.00043946247687487997,0.0003822122657586896,5
2020-05-15,0.0003473145279609678,0.00044979278028984003,0.0003826920588533726,5
2020-05-18,0.00028282476653174,0.00043075192670088,0.00038312795195794664,5
2020-05-19,0.0002502820531062854,0.00041712637812690005,0.0003825783854332857,5
2020-05-20,0.0001137476788051649,0.00039475521031845997,0.0003827914862325663,5
2020-05-21,0.00029411095930924,0.00032672868361088,0.00038271721219072807,5
2020-05-22,0.0002385688762967885,0.00033033116955434,0.000383092763312745,5
2020-05-26,0.00027037392044552,0.00031997161755436003,0.0003830985395285851,5
2020-05-27,0.00102778301450494,0.00033747734199322,0.00038356137779064706,5
2020-05-28,0.00045178361760873996,0.00041239893803865995,0.0003870240647967986,5
2020-05-29,0.0001937627171675521,0.00043888467358921995,0.00038807723555877763,5
2020-06-01,0.00010902450721202888,0.00039830640537904,0.0003882386428354373,5
2020-06-02,0.00012296134966841604,0.00033077821019476003,0.0003880318706217058,5
2020-06-03,0.00010645777729982166,0.00029545448525274,0.0003856352295683916,5
2020-06-04,0.00037410268062393413,0.0002697404315629,0.00038477025121390806,5
2020-06-05,0.0002686679834835548,0.00029201189787324,0.0003850472872319932,5
2020-06-08,0.00022354087611175903,0.00029972215778552,0.0003855837074559601,5
2020-06-09,0.00033751150073044,0.00029890556868038,0.0003854727771845203,5
2020-06-10,0.0003343097543824271,0.00031172187219884,0.00038529987763114107,5
2020-06-11,0.00080815320403088,0.00032009004755957995,0.00038591069822022713,5
2020-06-12,0.00088500698583774,0.0003813948690834,0.0003885504139614348,5
2020-06-15,0.00036337275341078,0.00045279873167478,0.0003914958050274612,5
2020-06-16,0.00037184404179078,0.00044377182211134,0.0003924460008837718,5
2020-06-17,0.00015122791488608465,0.00044097406070756003,0.0003934613264883925,5
2020-06-18,0.0001263374737242434,0.00036745340465144,0.00039279008233138684,5
2020-06-19,0.00022024228336409998,0.00032076496034128,0.00039278956719355823,5
2020-06-22,0.00012882393998350777,0.00031520127675884,0.000393089609941911,5
2020-06-23,0.0002475138000346,0.00028178476206394004,0.00039314267224107744,5
2020-06-24,0.00044393061880202,0.00029171187532946,0.00039379252449138724,5
2020-06-25,0.00024214480619087997,0.00032780275587392,0.00039466096172994174,5
2020-06-26,0.00041717629221648,0.0003253183709265,0.0003948682856667031,5
2020-06-29,0.00041680191703184,0.0003466783763867,0.00039626158831884044,5
2020-06-30,0.00021053974721937978,0.00036374360030514005,0.0003975341959028534,5
2020-07-01,0.00034936002068562536,0.00033398957490913996,0.0003973426226355055,5
2020-07-02,0.000277893734128,0.00031881942926398,0.0003983164624201406,5
2020-07-06,0.00025834991454037724,0.0003166519222962,0.000399148338237306,5
2020-07-07,0.00023105407429672002,0.0003092412539336,0.00039984882372280287,5
2020-07-08,0.0001260724319149668,0.00030961441478468,0.0004004600570236161,5
2020-07-09,0.00036427332454062,0.00028143730637402,0.0004004381206670953,5
2020-07-10,0.000663989483469721,0.00030267579978532,0.0004002350704297709,5
2020-07-13,0.0017994856729941,0.00032764055716647997,0.00040208395037047483,5
2020-07-14,0.00122683845972942,0.00043833537771862004,0.00040895853962453035,5
2020-07-15,0.00047943724601154006,0.00051167739781752,0.0004133223238361344,5
2020-07-16,0.00064317272425936,0.00052237093415556,0.0004148174803861428,5
2020-07-17,0.0002643792498055837,0.00052335568591122,0.00041708676118477087,5
2020-07-20,0.00047894450917604,0.00046355392095688,0.00041725688908850363,5
2020-07-21,0.00024968397641965916,0.00045444065014386,0.00041854832902075685,5
2020-07-22,0.00023249171678005413,0.00042012590644705997,0.0004189884859523263,5
2020-07-23,0.0005902022936270001,0.00039033666958558004,0.0004194997399331334,5
2020-07-24,0.00075002588023618,0.00043485570132426,0.0004209512612172842,5
2020-07-27,0.0001758843779705966,0.00047679189237255997,0.00042321595114302047,5
2020-07-28,0.00010427983058291861,0.00039814565390452,0.0004232763652215461,5
2020-07-29,0.00011307328879090305,0.0003284532711758,0.00042298704059749785,5
2020-07-30,0.00025685883250592,0.00029056272647694,0.0004230278098307385,5
2020-07-31,0.0005150200092518,0.00029501692667632,0.0004218489166321778,5
2020-08-03,0.00028511014769358,0.00032586146506888,0.00042095781350817463,5
2020-08-04,0.00019075523949780036,0.00033241359139816003,0.00042111456962442477,5
2020-08-05,0.00012685026353597843,0.00031702955127610005,0.00042058328829244545,5
2020-08-06,0.00026020662284244,0.00028568325212147995,0.0004200029478353544,5
2020-08-07,0.0005101414890478801,0.0002909882620527,0.0004199138276590103,5
2020-08-10,0.00054672351881258,0.00032719886392332004,0.00042099757157892546,5
2020-08-11,0.00025897642279868,0.00036987819663188,0.0004222023536853741,5
2020-08-12,0.00022307744955459528,0.00036443400172236,0.0004224981515068861,5
2020-08-13,0.00022060555085976,0.00034310888237364,0.0004211737032159828,5
2020-08-14,0.00014981910624841454,0.0003320079411719,0.00042120612702304294,5
2020-08-17,0.00018627929144462144,0.00030899085729668,0.00042045546637035317,5
2020-08-18,0.00023960820942752,0.00029515872979062,0.0004205313729286012,5
2020-08-19,0.0001136841255876485,0.00029730626697278004,0.0004207502384323913,5
2020-08-20,0.00029027500606041323,0.00026631305910928003,0.00042085456771992117,5
2020-08-21,0.00027087466471074033,0.00027604242957553996,0.00042157342337649837,5
2020-08-24,0.0004951451932346,0.00028879788622915997,0.0004219973654853848,5
2020-08-25,0.00013474565334564427,0.00032595102383311994,0.0004214308539133418,5
2020-08-26,0.00048056116250606,0.0002834980212375,0.00042159307603800884,5
2020-08-27,0.00025588506566971995,0.00028116226099294,0.00042245718292656316,5
2020-08-28,0.00017204902121315853,0.00029045318306034,0.00042289660591298284,5
2020-08-31,0.00040674565578052035,0.0002720536334886,0.00042319970792414983,5
2020-09-01,0.0003141184526767568,0.00030199259684380003,0.0004241608669994346,5
2020-09-02,0.0010416975702995002,0.00031570518090182,0.0004248459639814693,5
2020-09-03,0.00122193163654162,0.00040995236247744,0.0004286906371113454,5
2020-09-04,0.00427222111352398,0.0005067015537141199,0.00043284365263159767,5
2020-09-08,0.00121472625731774,0.00074364976099038,0.00044937841843878043,5
2020-09-09,0.00060587109428806,0.00080883668262634,0.0004529352688081291,5
2020-09-10,0.0009255943302048,0.00074880814464452,0.00045391306763502645,5
2020-09-11,0.00098125200806226,0.0008063865365462601,0.00045693499823922857,5
2020-09-14,0.0005913898877699601,0.00083071370254574,0.00046026470153869654,5
2020-09-15,0.00038127107877872,0.000772685025689,0.000462198952601341,5
2020-09-16,0.00036249048051954,0.0007087309415687,0.00046321182655952655,5
2020-09-17,0.00044143939540286,0.0006351678891461799,0.00046430216954040796,5
2020-09-18,0.00079477854612692,0.00060202373099178,0.000465204271194255,5
2020-09-21,0.0005364274269478,0.00063976661656892,0.00046764719019920157,5
2020-09-22,0.00049387293971586,0.00061557869570238,0.0004680179971862174,5
2020-09-23,0.0004887377452203,0.00059488982915156,0.00046893722743386243,5
2020-09-24,0.00052458643835164,0.0006095479239914,0.0004691966657148708,5
2020-09-25,0.00052433594600086,0.0006071057829394,0.00046951020869378715,5
2020-09-28,0.00024921598485168003,0.00058709743485358,0.00047102050386836435,5
2020-09-29,0.00020667688323474336,0.00051653763639814,0.0004706254751151782,5
2020-09-30,0.00031981782083976,0.00044650551636783996,0.00047099106616321947,5
2020-10-01,0.00022348411593842827,0.00043887805531242003,0.00047089671594314694,5
2020-10-02,0.00044223591734075996,0.0003895572379444,0.0004711124397192764,5
2020-10-05,0.000175799621180915,0.00041783398082762,0.0004709001822861789,5
2020-10-06,0.00036367026462507995,0.00036798906843326,0.000470813327041948,5
2020-10-07,0.0001920281532278662,0.00039354387533942,0.0004716797834973882,5
2020-10-08,0.0001263792644334987,0.00034837893921088,0.0004720386502114521,5
2020-10-09,0.00011290432656175103,0.00031843627758776003,0.00047208989264381105,5
2020-10-12,0.0005336640684587,0.00028504576534992,0.00047172712345408454,5
2020-10-13,0.00033595560354572,0.00032539340933086,0.0004733443623559113,5
2020-10-14,0.00048504234654902,0.0003553834571855,0.00047429475478330123,5
2020-10-15,0.00021715848173879635,0.00038113441575772,0.00047510766023902546,5
2020-10-16,0.0006568174638351126,0.00035494624453646,0.0004753134409556842,5
2020-10-19,0.00046273420459124,0.00035737748626594003,0.0004760441789867103,5
2020-10-20,0.00029856773210996,0.00039877454338568005,0.00047622295851763375,5
2020-10-21,0.00030264641547081997,0.00039514335940504,0.00047664299789515734,5
2020-10-22,0.00028012970488906005,0.00038765704121074,0.0004768580633888062,5
2020-10-23,0.00015501712493530328,0.00039450885672699996,0.0004774144779183887,5
2020-10-26,0.0007082103456155601,0.000355113207794,0.0004776290971428484,5
2020-10-27,0.00015854558375946,0.00041199455487693997,0.00047982030043571477,5
2020-10-28,0.00028233556143104,0.00036997911228152,0.00047977707983126033,5
2020-10-29,0.00085547011546312,0.00037946776415292,0.00048023471071659117,5
2020-10-30,0.00086517911838424,0.00042456995192436,0.0004829525178195861,5
2020-11-02,0.00049185182539962,0.00049126850292114,0.00048490032282297226,5
2020-11-03,0.00043491737858218,0.00050138423826636,0.00048632948430828664,5
2020-11-04,0.00037440178494940003,0.00049474645336238,0.0004875442522191308,5
2020-11-05,0.00028843816264424,0.00048053469697286,0.0004887396494051286,5
2020-11-06,0.00039703967690792,0.00045136227643348,0.0004894224730118828,5
2020-11-09,0.00101600020649496,0.00045315031003145996,0.0004901308933633146,5
2020-11-10,0.0006364301987749199,0.0005438039594201,0.0004937834361563036,5
2020-11-11,0.0002245380711168545,0.0005720612317941,0.0004958306327936239,5
2020-11-12,0.0003184142719619751,0.00049648640005856,0.000496350426153803,5
2020-11-13,0.0002983325274855,0.00046102690009792004,0.0004968954259850442,5
2020-11-16,0.00022806188738045996,0.0004359577144823,0.0004977222010898775,5
2020-11-17,0.0001129098685231221,0.00040729397553688,0.0004972968581161783,5
2020-11-18,0.0001920898450842127,0.00034808652682186,0.0004967392377203856,5
2020-11-19,0.00015051735252893605,0.00033034516109645997,0.0004968960137137865,5
2020-11-20,0.00015229360562385512,0.00031131399876994,0.0004964895079331421,5
2020-11-23,0.00025416252611756,0.00028662239916148,0.0004966167498587135,5
2020-11-24,0.0001724885360068,0.00030494201909628,0.000497239491854327,5
2020-11-25,9.647735319216111e-05,0.00029676125640696,0.0004974053773483378,5
2020-11-27,0.00011136024814482372,0.00026250951934376,0.0004975365355903556,5
2020-11-30,0.00037221025861386,0.00024512091252318,0.000497761924651918,5
2020-12-01,0.00034321202175042,0.0002824282239185,0.0004990803651787223,5
2020-12-02,0.00027091435538688,0.00030013019003072,0.0004993814174067563,5
2020-12-03,0.00015103978364220693,0.00030812097655561995,0.0004999198013872111,5
2020-12-04,8.287527077191804e-05,0.00029142759688888,0.0005001658217425793,5
2020-12-07,0.00017074520334135347,0.00025258660369795996,0.0005000709832915074,5
2020-12-08,0.0002010609784942061,0.0002515542094628,0.0005005344325974889,5
2020-12-09,0.00052051532900768,0.0002552355487599,0.0005006586298529728,5
2020-12-10,0.00020919878497241998,0.00030511964139158,0.000502176174456917,5
2020-12-11,9.249328965592484e-05,0.00029349650899692,0.0005028656385374062,5
2020-12-14,0.00025445543246913684,0.00026142468571682,0.0005027438983434069,5
2020-12-15,0.00016117172556252672,0.00026341370594572,0.000503174158831084,5
2020-12-16,0.0001045563165306767,0.00025995296302136,0.0005034648685047384,5
2020-12-17,0.0001023907529058596,0.00023929493873222,0.0005035100062588908,5
2020-12-18,0.0001980195382804,0.00022566358404915997,0.0005034854722683191,5
2020-12-21,0.00028850167854554,0.00023874260699248,0.0005040076126331826,5
2020-12-22,0.0002451731861293161,0.00026055583742512,0.0005048079180953089,5
2020-12-23,6.891844925035727e-05,0.00027271428580204,0.0005055391515783675,5
2020-12-24,8.632679764407323e-05,0.00022846794691262,0.0005056796340417345,5
2020-12-28,0.0003446655786207,0.00021728764220046,0.000505685298028973,5
2020-12-29,0.00028650233201422,0.00023783989642478,0.0005064666660657696,5
2020-12-30,0.00014399448132994364,0.00025369493511858,0.0005069865405265526,5
2020-12-31,0.0002102130531574364,0.00024062020086152003,0.0005073042433596963,5
2021-01-04,0.00081476626885362,0.00024623523659886,0.0005078165454049812,5
2021-01-05,0.0001541810202891753,0.00031541483308824,0.00051064261717604,5
2021-01-06,0.0003437666004137,0.00028798333890117997,0.0005104309721738398,5
2021-01-07,0.00022694072833061998,0.00031314871750852,0.0005114286901252655,5
2021-01-08,0.00019632067701210002,0.00030458201250064003,0.0005116815861725297,5
2021-01-11,0.0002719049727207504,0.0002949625005265,0.0005119714304062331,5
2021-01-12,0.0003188586409329,0.00029438757144208,0.0005125029276583377,5
2021-01-13,0.00021638086033911832,0.00030935686939554,0.0005133190792148821,5
2021-01-14,0.00019709835976496976,0.00029206645029260003,0.0005136828099880288,5
2021-01-15,0.00022944809583674,0.00027763739150378,0.0005140187852616149,5
2021-01-19,0.00028668607668106154,0.0002866401617107,0.0005146524273968667,5
2021-01-20,0.00055361002523124,0.00028353729458204,0.0005155405962834954,5
2021-01-21,0.00056506972231982,0.00030762326283340004,0.0005172749865710788,5
2021-01-22,0.0002014142988655577,0.00034768938739098,0.0005188028956135837,5
2021-01-25,0.0008927918004343199,0.00032819195036956,0.0005186620140415387,5
2021-01-26,0.00016753076254896,0.00039963234277212,0.0005207365409719375,5
2021-01-27,0.0007404969452338599,0.00034968642541592,0.0005200267886878857,5
2021-01-28,0.00050307778300138,0.00038802253232428,0.0005220844898580745,5
2021-01-29,0.00039384424562848003,0.00041740530873332003,0.0005233693370066675,5
2021-02-01,0.00037893783530141997,0.00042815725138493996,0.0005243780583343072,5
2021-02-02,0.00021348186484720222,0.0004229737374672,0.0005246943499783825,5
2021-02-03,0.0003965642405628182,0.00036413703195272,0.0005243644039412032,5
2021-02-04,0.00028652687118144,0.00035150636360166003,0.0005248426791459493,5
2021-02-05,0.00012083372134728463,0.00035387137369489996,0.0005250347054052287,5
2021-02-08,0.00021415057629478492,0.00030442404223064,0.000524869858833351,5
2021-02-09,0.00023976380561041883,0.00029793616969822,0.0005250945606272131,5
2021-02-10,0.00028205084711134,0.00029444368486636,0.0005253204980561445,5
2021-02-11,0.00012087303315108495,0.00030527471252372,0.0005255515341162662,5
2021-02-12,0.00019130952256902787,0.0002824119160341,0.0005258036830102038,5
2021-02-16,0.00019930206434200004,0.0002725656667911,0.000526104744151492,5
2021-02-17,0.00018975030038207867,0.00027590956239788,0.0005263237880241996,5
2021-02-18,0.00016411715717464626,0.00027714404534138,0.0005264330236612205,5
2021-02-19,0.0001315565601845427,0.00026866092824254,0.0005265691144171048,5
2021-02-22,0.0004131220698827513,0.00025356380696652,0.0005245852316677556,5
2021-02-23,0.0012214314987521202,0.0002905086754683,0.0005249031432919216,5
2021-02-24,0.00041887729680826005,0.00038370899712532,0.0005270179188255449,5
2021-02-25,0.0010106392121160001,0.00039364587030472,0.0005252040691370397,5
2021-02-26,0.00041727517407246005,0.00048681015139274004,0.0005268770970484304,5
2021-03-01,0.00024059031451534,0.0004822533649210399,0.0005237446096066514,5
2021-03-02,0.00017761954881431998,0.00043268839851292007,0.0005191638515392538,5
2021-03-03,0.00048647210430688003,0.00037814796325538,0.0005147721372014798,5
2021-03-04,0.00098244534930136,0.000393274432337,0.0005115631236744053,5
2021-03-05,0.00106420022259806,0.00047097295601084,0.000513312305809787,5
2021-03-08,0.00061791854363938,0.00054353563548202,0.000514568470474051,5
2021-03-09,0.0002894782707239856,0.00056649676006816,0.0005149804327908952,5
2021-03-10,0.00029750310934838003,0.00051364996195326,0.0005094564108087289,5
2021-03-11,0.0002474866238994,0.00047720301392427996,0.0005058168918492825,5
2021-03-12,0.00026189716342372,0.00042221156329852,0.0005033273372673514,5
2021-03-15,0.00021351434667659934,0.00038135287378094,0.0004936007209811208,5
2021-03-16,0.00025297123567942,0.00035833888611464,0.00048100524395215617,5
2021-03-17,0.00037677062252212,0.00034983192013844004,0.0004620407661801466,5
2021-03-18,0.00018849776885801998,0.00036754236884496,0.00044569372764862396,5
2021-03-19,0.00016417783265938003,0.00034689414416332,0.0004315007132382262,5
2021-03-22,0.0002923340752438,0.0003243218476485,0.00041944800584458144,5
2021-03-23,0.00019167911744662,0.00033275458358046,0.0004108676716312909,5
2021-03-24,0.00013700147720859484,0.00032041568437158,0.0004033328830192804,5
2021-03-25,0.00039440249621299997,0.00030023671319332,0.00039972102289831087,5
2021-03-26,0.0002706979030197,0.00032926096235242003,0.00039619247975989085,5
2021-03-29,0.00021302015979476,0.00033567167000942,0.00039400976491242205,5
2021-03-30,0.00011070420097692773,0.00032622660212944,0.0003918706490420065,5
2021-03-31,0.0002279117798667,0.00029463276454182,0.00038996863508757284,5
2021-04-01,0.0001286332493168005,0.00029997042661086,0.0003873042003106543,5
2021-04-05,0.00024112466125572,0.00027766822241834,0.0003843157495843238,5
2021-04-06,0.00010487082349820423,0.00028015161921844,0.0003837656661116636,5
2021-04-07,0.00021869009488308493,0.00025681294469054,0.00038132681035990936,5
2021-04-08,7.950316861192168e-05,0.00026187131016780003,0.000379436332494033,5
2021-04-09,0.0001138254151611255,0.00023692273713362,0.00037773452473877816,5
2021-04-12,0.0004584236970002462,0.000224682638119,0.00037717049916156594,5
2021-04-13,0.00014452276460875718,0.00024573147041158,0.0003777577059358602,5
2021-04-14,0.0001503741076846156,0.00024776575558174,0.00037498961876693114,5
2021-04-15,0.0001489559022577074,0.0002534630002849907,0.00037325948584042824,5
2021-04-16,0.00011719901608228793,0.00024511718844604,0.0003717621706762571,5
2021-04-19,0.00023294064613248655,0.0002332821522092494,0.0003697111546122303,5
2021-04-20,0.00032185197483700003,0.0002456523867111174,0.00036841027243660936,5
2021-04-21,0.0001339940209900402,0.00027428876472027997,0.00036852610167518226,5
2021-04-22,0.0002466075260953114,0.00024439098452586,0.0003653458819768288,5
2021-04-23,0.0001667546036697,0.00025892579078768,0.0003643974016346766,5
2021-04-26,0.00012705388806382324,0.00025324469442412,0.0003633830222152958,5
2021-04-27,8.582590990264121e-05,0.00023451829569822,0.0003630078402316835,5
2021-04-28,0.00019280131133087854,0.0002180308595315,0.0003624159549408111,5
2021-04-29,0.0002361440101127329,0.0002205831237728,0.00036211246493582947,5
2021-04-30,0.00015548343533147352,0.00024043641032766,0.0003611610847188241,5
2021-05-03,0.00022855669577997998,0.0002387502123641,0.0003606710167042172,5
2021-05-04,0.000466702191133,0.00025064777402684,0.00035887548262907335,5
2021-05-05,0.0001944370615473712,0.00029279445329910005,0.0003598242704831096,5
2021-05-06,0.00015762312353105246,0.00028957474386982,0.00035951950532836887,5
2021-05-07,0.00010163426581003346,0.00027604827726522,0.0003593700209977446,5
2021-05-10,0.00014477523685729878,0.0002522452930642,0.00035926385217586716,5
2021-05-11,0.00031245210915034,0.0002471474341254,0.000359343347154023,5
2021-05-12,0.00031323430208236,0.00026496483543204,0.00035950566993465217,5
2021-05-13,0.00026483280757188,0.00028324161214932,0.0003596981938559952,5
2021-05-14,0.00018766778933277233,0.00029385281033066,0.00035700455925248277,5
2021-05-17,0.0001467042095745535,0.00028751470146324003,0.00035594041412547416,5
2021-05-18,0.00014166812693637755,0.00027312676744392,0.0003551443414334644,5
2021-05-19,0.00013657442262121185,0.00026035577993856,0.0003545841960382446,5
2021-05-20,0.00012052441376431606,0.00024601657671346,0.00035413297528235136,5
2021-05-21,0.00010838382809629367,0.00023387120869528002,0.0003541598670877448,5
2021-05-24,0.00016395924120179533,0.00022693020042924002,0.0003534228546622965,5
2021-05-25,0.0001306579463360397,0.00022640204283648,0.0003531267846817607,5
2021-05-26,5.049102298437061e-05,0.00022493732907110002,0.0003525723562130723,5
2021-05-27,8.336929367426719e-05,0.00019779652922816,0.0003486942133895778,5
2021-05-28,0.00011784578504368688,0.00019312557407382747,0.00034723225178666313,5
2021-06-01,0.00014592349684646683,0.0001911770605499981,0.00034693099411950494,5
2021-06-02,0.0001473810870211186,0.00020110066523029892,0.00034707741868154635,5
2021-06-03,0.00019683331449070005,0.0002078573376166406,0.00034717432240120004,5
2021-06-04,0.0001292463194194338,0.00022453892523064827,0.0003475329554852908,5
2021-06-07,0.0001749617414901831,0.0002230511910306013,0.00034656130325828866,5
2021-06-08,0.00013920940372841106,0.00022976561729423395,0.0003461894530916482,5
2021-06-09,7.718095814764105e-05,0.00022828255098059487,0.0003458548043917143,5
2021-06-10,0.00010318630373156797,0.00020889311004822957,0.0003448217466830523,5
2021-06-11,8.307417786612406e-05,0.00020351949696532828,0.0003439045901328505,5
2021-06-14,0.0001825185904347338,0.00019088012299666303,0.0003410272924099744,5
2021-06-15,6.89458475288136e-05,0.00020263511650120387,0.00033823964004726394,5
2021-06-16,0.00018742617184352,0.00018960022080122399,0.00033707127930963693,5
2021-06-17,0.0002757065101749243,0.0002027449666473404,0.00033633946236540183,5
2021-06-18,0.0002354863024400519,0.0002210666758976223,0.0003368334250451196,5
2021-06-21,0.0002643471158052257,0.000234477141746614,0.00033726655531780137,5
2021-06-22,0.00019994039057841172,0.00025991549588133886,0.000337441574494155,5
2021-06-23,7.073819411081023e-05,0.00025775365909688574,0.00033772378263143633,5
2021-06-24,0.00011029371195639742,0.00022038964689951668,0.0003370222921317385,5
2021-06-25,9.4667738100495e-05,0.00020560329451913066,0.00033569833615219223,5
2021-06-28,0.0001242839651818685,0.0001985262427341082,0.00033511310969151596,5
2021-06-29,0.00010187835751872291,0.00019932578588222877,0.0003339508385524896,5
2021-06-30,6.092217275852342e-05,0.0001983666677689981,0.000332701141887755,5
2021-07-01,0.00010947532423545339,0.0001856413331492787,0.00033210742135418,5
2021-07-02,8.2626100461114e-05,0.00018842750780918927,0.0003311554979555682,5
2021-07-06,0.00017745709510488903,0.000178207232233959,0.00033038062639339784,5
2021-07-07,0.00011146164494109118,0.0001877533011823389,0.0003300596231416696,5
2021-07-08,0.00022499539943995152,0.00018915686972786723,0.0003295850500093061,5
2021-07-09,9.859536158102501e-05,0.00020049296138882,0.0003299776014677385,5
2021-07-12,7.650894374313673e-05,0.00019446046644022843,0.0003289233238369463,5
2021-07-13,0.00019232395515902484,0.00018411622026355662,0.0003265920518539042,5
2021-07-14,0.00014186697825203993,0.00019499612355873645,0.0003202144259894792,5
2021-07-15,0.00027872695665346866,0.00019601067247344665,0.0003159089836026642,5
2021-07-16,0.0003225717658079929,0.00022114867795350188,0.00031511251420044946,5
2021-07-19,0.0003499916297875163,0.0002516285340011113,0.0003138402881748487,5
2021-07-20,0.00035731663925048,0.0002727323612396105,0.00031418001984144376,5
2021-07-21,0.0003381458004385195,0.00030015357232292,0.00031369736956396134,5
2021-07-22,0.0001522845275176466,0.0003005616481222896,0.000314048408548163,5
2021-07-23,0.0001980528034398968,0.0002814220525964682,0.00031373012605108994,5
2021-07-26,0.00018984728894102894,0.00026486445162116,0.00031217397728050604,5
2021-07-27,0.00044002553249848,0.00026099136928704,0.0003099510463626682,5
2021-07-28,0.0002826585848082746,0.00028797678262264,0.0003109992255473027,5
2021-07-29,0.00011814539312875556,0.00029675499279442,0.0003117070777466097,5
2021-07-30,0.00010739400595146714,0.00026766552080402,0.00031172720514477577,5
2021-08-02,0.00015364940261197924,0.00024403715187348,0.0003111340907536866,5
2021-08-03,0.00041811031045766003,0.00023947275889934393,0.00030970008040987764,5
2021-08-04,8.983384454449568e-05,0.0002703450716382518,0.00031022785883354453,5
2021-08-05,0.00010071773123351821,0.0002458930273431436,0.00030982737710753925,5
2021-08-06,6.960938658539567e-05,0.0002285198727131683,0.0003097236765825295,5
2021-08-09,6.2828589202853e-05,0.0002082419395935871,0.0003089673383434142,5
2021-08-10,0.000123081440938115,0.00019099068855501304,0.00030719228715355275,5
2021-08-11,0.0001440232202971284,0.00019899037699683402,0.000305511167796908,5
2021-08-12,0.0001059877773610227,0.00020598736760471195,0.0003050550042949175,5
2021-08-13,6.364573302789139e-05,0.00020497761593267955,0.0003045903627385937,5
2021-08-16,0.00040251273231626,0.00018695093438784923,0.00030396750631862574,5
2021-08-17,0.00013410880984461286,0.00022192845503695373,0.00030497025880302204,5
2021-08-18,0.00017080866932549774,0.0002219288233008371,0.00030476323308238705,5
2021-08-19,0.0009747902818726973,0.00023249688941199604,0.00030449021903436306,5
2021-08-20,0.00017091628325755593,0.00028954413503844866,0.00030790730695612914,5
2021-08-23,0.00019223864329099988,0.0002804395868953407,0.00030743366123072086,5
2021-08-24,8.307890260031406e-05,0.00027098610763142,0.0003071216135266742,5
2021-08-25,0.0001300855359603132,0.0002400972846126,0.0003054864298336809,5
2021-08-26,9.388254271594743e-05,0.0002325455709935761,0.000305467937304374,5
2021-08-27,0.00013319702036398892,0.00021940088933009188,0.0003039334983369527,5
2021-08-30,0.00016407649494127252,0.00021272661742987114,0.0003034466410143108,5
2021-08-31,0.00011762140712046742,0.0002152178897847533,0.0003034150040052954,5
2021-09-01,0.00018233102036453906,0.0002090943638747073,0.0003022676855582317,5
2021-09-02,0.0001304460439504194,0.000211887571851112,0.0003017447195569926,5
2021-09-03,0.00013543397858678324,0.00020617625891237074,0.0002981286420714803,5
2021-09-07,0.000145698654628925,0.0002033503927666148,0.0002938171434288022,5
2021-09-08,0.0002371292767557091,0.00020565913644215642,0.00027744205430620274,5
2021-09-09,0.00010743357909108215,0.0002226955644685667,0.0002735627012087343,5
2021-09-10,0.00022068719632011366,0.0002144770484081742,0.0002715847745611271,5
2021-09-13,0.00032356368444345815,0.00022427735687377402,0.00026878752402983855,5
2021-09-14,0.0001405970614655205,0.00024429023341760814,0.00026617764972976384,5
2021-09-15,0.00019242970492334,0.0002385206452078951,0.0002643887893079208,5
2021-09-16,9.103578285428452e-05,0.00023551682867518003,0.0002636394187767488,5
2021-09-17,0.00010761969170604081,0.00021696145825956002,0.00026256221759553744,5
2021-09-20,0.00045953526809397997,0.00021059187950334002,0.0002612375362316611,5
2021-09-21,0.00013224959983212567,0.00024841148531724,0.0002599072057632764,5
2021-09-22,0.00017983944309859766,0.00023883767865715997,0.0002583033254969442,5
2021-09-23,0.00012227195366985052,0.00024265110909490003,0.00025705716082782804,5
2021-09-24,7.09662537604665e-05,0.00023133472761063998,0.00025560293149627856,5
2021-09-27,0.00020838389508407291,0.00020954201153417832,0.00025380285139869435,5
2021-09-28,0.00031798351479366,0.00021968973822776,0.0002525490734188658,5
2021-09-29,0.00022583578291741996,0.00024363823101872,0.00025282196044244495,5
2021-09-30,0.00014462059288790975,0.00024838422628586,0.00025289798782213814,5
2021-10-01,0.00030437750833017997,0.00024048075910079996,0.0002522027607270911,5
2021-10-04,0.0005687813215896999,0.00026123584874020004,0.00025252376625245514,5
2021-10-05,0.00034256011116622,0.0003017659164573,0.0002530259305550303,5
2021-10-06,0.00016033187334435999,0.00031302787887418004,0.00025368767853116257,5
2021-10-07,0.00011190647422202387,0.0002893160150591,0.00025288078015306436,5
2021-10-08,8.645664789194242e-05,0.00025864718837836,0.00025256283698240625,5
2021-10-11,0.00018096432496625937,0.00023161573960873999,0.0002524044139008922,5
2021-10-12,0.000158657435415457,0.00023756065641246,0.00025267449325964026,5
2021-10-13,8.480762213249068e-05,0.00023543025046134,0.00025118637169994483,5
2021-10-14,0.00011759755768502409,0.00021800050958133997,0.00025018975272608274,5
2021-10-15,9.321379999559168e-05,0.0002119825322903,0.0002487316384845589,5
2021-10-18,0.00017035582628591493,0.00019538854017714396,0.00024823979450938735,5
2021-10-19,7.446445403630914e-05,0.0002038197422751439,0.00024630939118577936,5
2021-10-20,0.00018819797213533382,0.0001916652069978698,0.0002447686382073866,5
2021-10-21,9.72960302089602e-05,0.00019966519339644834,0.00024433066296939196,5
2021-10-22,0.0002036179908812096,0.00019259416798293115,0.00024351578048819401,5
2021-10-25,0.00019457465420209173,0.00019375789532791169,0.00024321216257546435,5
2021-10-26,0.0003324588383217401,0.00020711585530571998,0.00024336913689795153,5
2021-10-27,0.00041056930868750633,0.00022932209291398001,0.00024187805948805533,5
2021-10-28,0.00015966532152138072,0.00024158476562450405,0.00024287815363459517,5
2021-10-29,0.00019219883004466,0.00023568833389764002,0.00024239136696828687,5
2021-11-01,0.0001982407048333133,0.00023510663994519998,0.00023975933805789627,5
2021-11-02,0.00018308331396,0.00023832622405592,0.0002371127570517417,5
2021-11-03,0.00013101581866861402,0.00024135448259974,0.00023588748518094953,5
2021-11-04,0.0016584803922549609,0.00022902879106018,0.00023468152660986377,5
2021-11-05,0.000539837458115659,0.00028127959279586,0.00023977707663885403,5
2021-11-08,0.00023189457324344112,0.00032894374508508,0.0002407746928907245,5
2021-11-09,0.00047256755745461715,0.000327089067644143,0.0002401193551777701,5
2021-11-10,0.000728487985232677,0.00035646183060548476,0.000237962876411737,5
2021-11-11,0.00018289774921392574,0.00040550114449514567,0.00023832818508815666,5
2021-11-12,0.00034957439006204,0.0003589839612795066,0.00023816294571552595,5
2021-11-15,0.0003105912765696975,0.00034409818115332003,0.0002382865969778279,5
2021-11-16,9.660099051086e-05,0.00034060290012618,0.0002383352428075271,5
2021-11-17,0.0003271435727905647,0.00028568311314392,0.00023781357258185394,5
2021-11-18,0.00033483508273331354,0.00029803094875052,0.00023866370632894684,5
2021-11-19,0.00025484282095932854,0.00031262226287336,0.0002392301556846972,5
2021-11-22,0.0007854338403354,0.00031107530472739134,0.00023964414563878614,5
2021-11-23,0.00044240825576453996,0.0003736160567897,0.0002421566068876415,5
2021-11-24,0.0003584459555741761,0.00039258976635828,0.00024290361375132,5
2021-11-26,0.000266484475758198,0.00039018902665200004,0.00024364154001944434,5
2021-11-29,0.00019595226806876139,0.00037585743250805997,0.00024431617145819856,5
2021-11-30,0.00050905917095204,0.00034164491299696,0.0002446518540769445,5
2021-12-01,0.0005095271783847599,0.0003641721608252,0.0002451949053163817,5
2021-12-02,0.000357977409118,0.00039026997615354,0.00024585488609667677,5
2021-12-03,0.00073465400179384,0.00038795584782394,0.00024620037440513355,5
2021-12-06,0.00089338192430274,0.00044250284885296,0.0002485163038422434,5
2021-12-07,0.0003220967096244584,0.0004943866910597399,0.0002517326000864135,5
2021-12-08,0.00019895514321523097,0.00046719600829255996,0.0002523332013018227,5
2021-12-09,0.000310057967048205,0.00041161060428825997,0.0002523248448126203,5
2021-12-10,0.0003046195680857408,0.00039930894905642006,0.00025148969655087625,5
2021-12-13,0.00028893702805565964,0.00039201673651073995,0.0002518683504521196,5
2021-12-14,0.00045108977473550004,0.00039651748813063995,0.000252647889096563,5
2021-12-15,0.00096080052330356,0.00041506656046068,0.0002534281841055566,5
2021-12-16,0.00081074320580334,0.00046880434798090003,0.0002566013142553226,5
2021-12-17,0.00036161111165735997,0.0005488279165773199,0.0002594036431810079,5
2021-12-20,0.0002628067034428854,0.00051163286151152,0.0002604322953982758,5
2021-12-21,0.0005294663520126599,0.00045264062634487996,0.00026068938732352377,5
2021-12-22,0.00022372328011326654,0.00046254338574568,0.00026164559634521867,5
2021-12-23,9.538073446266974e-05,0.00041591602311096,0.0002615604776705519,5
2021-12-27,0.00015360795209357498,0.00033763502104232,0.0002616654867388548,5
2021-12-28,0.000189258639821688,0.00030302342390804,0.00026193247544698775,5
2021-12-29,0.00022157380596634678,0.0003029198783656,0.00026131578124540444,5
2021-12-30,0.00015018424092874309,0.00030894564811598,0.00026105812836426203,5
2021-12-31,0.00011257892308028376,0.00029939765393161694,0.00026108269090235236,5
2022-01-03,0.0002859628674980024,0.00027669397810992856,0.0002606952538782365,5
2022-01-04,0.00064242275313996,0.0002883783947368333,0.00025859682768238085,5
2022-01-05,0.0004439112007462279,0.00033959831510876,0.0002605342948762333,5
2022-01-06,0.00048368897203962,0.0003822590127095,0.00026093169408390206,5
2022-01-07,0.00031499064341392003,0.00041100895344483993,0.0002619505363208424,5
2022-01-10,0.00077052667466474,0.00041142672145200003,0.00026242144888592907,5
2022-01-11,0.00040831909268196007,0.00045315265185537996,0.000264400106433326,5
2022-01-12,0.0002098947618875264,0.00044977701529698,0.000264755108225981,5
2022-01-13,0.00043777315133971997,0.00040885934245050006,0.00026472936974006203,5
2022-01-14,0.000405139795160524,0.00043034963630636004,0.0002656844284367872,5
2022-01-18,0.0001937517195208179,0.00040389294725528,0.000266381617719818,5
2022-01-19,0.0003827990364747044,0.00037332903087014,0.00026601283058822964,5
2022-01-20,0.00059359660203248,0.0003929066851421,0.000265335009204275,5
2022-01-21,0.0012717125676803,0.00043635595313990005,0.0002654482111078966,5
2022-01-24,0.0027603183842087597,0.00051266449359388,0.0002696954264603361,5
2022-01-25,0.0007357547661106,0.00067015696167696,0.0002771062462372188,5
2022-01-26,0.0013259735088965601,0.0006790114650075,0.0002793611033942092,5
2022-01-27,0.0010732658059349602,0.00076519066912128,0.00028168442309128356,5
2022-01-28,0.0009218262425645399,0.00083052005039054,0.0002839470739759405,5
2022-01-31,0.00056374024673056,0.00084102966368578,0.00028604224063044875,5
2022-02-01,0.0007236385950362999,0.0007404008806625401,0.00028677558353294534,5
2022-02-02,0.0006749929539228101,0.00070348366508466,0.0002888000150019497,5
2022-02-03,0.0008850395705972799,0.00068973707487388,0.0002899048908486162,5
2022-02-04,0.00090901434641512,0.00072147012126864,0.00029227994124312353,5
2022-02-07,0.0005144586007486799,0.00071150708431262,0.00029540764213625,5
2022-02-08,0.00040627697350655994,0.0006776899491542599,0.0002965993406459877,5
2022-02-09,0.0003245242414553575,0.0006228997520737001,0.0002972601071852582,5
2022-02-10,0.0004563483660277,0.00055858099395886,0.000297428652400909,5
2022-02-11,0.0009352720442357,0.00055010142510522,0.000298759903721848,5
2022-02-14,0.00068495090968746,0.00062522781429712,0.00030171213595068413,5
2022-02-15,0.00031018422370822525,0.0006253383069876001,0.00030363931390840423,5
2022-02-16,0.00035799842337804,0.0005536926176085,0.0003041172263025556,5
2022-02-17,0.00053731443970078,0.0005231400232109001,0.0003048865964065374,5
2022-02-18,0.00075170388554674,0.00054032059795422,0.000306496746722078,5
2022-02-22,0.0006379318555964801,0.0005935861626932199,0.0003078403253556655,5
2022-02-23,0.00066844209902862,0.000606718272949,0.0003055248505812384,5
2022-02-24,0.00131667735977304,0.00064292965931656,0.00030651518709798575,5
2022-02-25,0.00045546099822914006,0.0006940806554548401,0.0003077296241918627,5
2022-02-28,0.00037624709166678003,0.00063014565734496,0.0003078811552401037,5
2022-03-01,0.00043320658549767996,0.0005682319158600201,0.00030841947578435537,5
2022-03-02,0.00039565798102734003,0.0005612723892459801,0.00030943371005690836,5
2022-03-03,0.00042793973816274,0.00053828896996046,0.00030907333655183093,5
2022-03-04,0.0006334826597759601,0.0005186120600548201,0.000306872917460011,5
2022-03-07,0.0005561912506240601,0.00054695931940094,0.0003051637207821456,5
2022-03-08,0.00149442212733184,0.00057785090422572,0.00030491877120668797,5
2022-03-09,0.00045506827355426,0.0006976903533420399,0.00030970029444719535,5
2022-03-10,0.0004941002406470605,0.00065105120195898,0.0003103255530353139,5
2022-03-11,0.00037213359136286,0.0006257980993713399,0.00031130417849859827,5
2022-03-14,0.0005579776292714399,0.00057921864211994,0.0003117416246412139,5
2022-03-15,0.0005954275998587401,0.00058653947644374,0.0003131085424292887,5
2022-03-16,0.00067110015126164,0.0005837964278828199,0.00031446749625539704,5
2022-03-17,0.00037074160391063814,0.00060166232069486,0.0003156354705757921,5
2022-03-18,0.00050590508871912,0.00054279892161696,0.0003163586603974292,5
2022-03-21,0.00043059858291898004,0.00053363994347268,0.00031771472093734886,5
2022-03-22,0.00055179291814606,0.00052464098085252,0.0003182633896185997,5
2022-03-23,0.0002980654183467505,0.00053534635246546,0.0003196924126372483,5
2022-03-24,0.00058868400415216,0.0005042121586039001,0.0003203315552608124,5
2022-03-25,0.0003135474571799504,0.00051087476342434,0.00032110251362565034,5
2022-03-28,0.000296185879888289,0.00048799721966116,0.00032127255153898456,5
2022-03-29,0.00031133995136677556,0.00045323425644378,0.00032160257423776827,5
2022-03-30,0.00025041006976955776,0.00042747307950606,0.00032239874785042644,5
2022-03-31,0.00017516963155620775,0.00040735971642298,0.00032248802677861227,5
2022-04-01,0.00036066047785975996,0.0003752582828839,0.00032267269496210184,5
2022-04-04,0.0003482766929037619,0.00039180340756275994,0.00032314704344068917,5
2022-04-05,0.00028759298974242564,0.00038076808931638,0.00032411293974785407,5
2022-04-06,0.00051818042978866,0.00038633398342364,0.0003243863639338039,5
2022-04-07,0.00063080392173224,0.00042322459008835994,0.00032612714671625146,5
2022-04-08,0.00012065169910047241,0.00046535937822172,0.0003281786487264543,5
2022-04-11,0.00023716388498144,0.00039563157531788,0.0003268382836554234,5
2022-04-12,0.00057995686880734,0.00037632146262994,0.0003272059071489659,5
2022-04-13,0.0003925503666042246,0.00041802582263512,0.0003289106006454848,5
2022-04-14,0.00047234629972954,0.00042484327543417996,0.0003298772453452726,5
2022-04-18,0.00037340266303251995,0.00045847040050304,0.00033128655996292057,5
2022-04-19,0.00050558991691004,0.00045235863028906,0.00033184394891887307,5
2022-04-20,0.00234797510940456,0.00045975463754836,0.00033257306773662335,5
2022-04-21,0.001823634049979,0.0005226705584935,0.00034135870697636357,5
2022-04-22,0.00095181328623108,0.00066097036588498,0.00034761674873780686,5
2022-04-25,0.0005941627793716,0.00068133047445948,0.0003507320609701933,5
2022-04-26,0.00037013186472256,0.00063604628966878,0.0003525856676817322,5
2022-04-27,0.00095816660437176,0.0005925277198219,0.00035371386591514473,5
2022-04-28,0.0014233479896484,0.00063857126842094,0.0003567510297764182,5
2022-04-29,0.00167756851888462,0.0007107651680354199,0.00036146215667933753,5
2022-05-02,0.00072884162625628,0.0008455857252584799,0.00036750217685216775,5
2022-05-03,0.00047898516894154003,0.0008056758571583601,0.00036948743451278783,5
2022-05-04,0.0016929431050933003,0.0007329422839494201,0.0003695361764882186,5
2022-05-05,0.0012506879341047,0.0008070901683212,0.00037548262904197216,5
2022-05-06,0.0014329573748285002,0.00090125585332876,0.00037982018781408986,5
2022-05-09,0.0010688438528821801,0.00097689956110494,0.00038510321602448067,5
2022-05-10,0.00118561222132974,0.00100628380344332,0.0003887701549769605,5
2022-05-11,0.00142318182518912,0.00103169590719684,0.0003922350760570376,5
2022-05-12,0.00197834347249826,0.00110376744925554,0.0003966396297201597,5
2022-05-13,0.0008831956596055401,0.00118856674087658,0.00040343927521589924,5
2022-05-16,0.00048614595130384,0.00108816275143126,0.00040619930644714055,5
2022-05-17,0.00047119228912677997,0.0009403043817120199,0.000407546297485749,5
2022-05-18,0.00097146214561316,0.0008219154407523799,0.0004088539330499968,5
2022-05-19,0.00086579906022302,0.00086891547418898,0.0004121669795698063,5
2022-05-20,0.00199917850178568,0.0008703592794982601,0.0004151244186430552,5
2022-05-23,0.00067469186864618,0.00102258873722734,0.0004226275721100767,5
2022-05-24,0.000784640386655,0.0008875257652839599,0.00042465428888564967,5
2022-05-25,0.00048764821688456004,0.00087301066907986,0.0004272494572996139,5
2022-05-26,0.00111387525968534,0.00077869558973868,0.00042898420806905936,5
2022-05-27,0.0002397325274995,0.0008057382086959,0.0004330735174579923,5
2022-05-31,0.0007721710073029201,0.00066342103833248,0.0004335571950074203,5
2022-06-01,0.0007743224474506,0.00068395072908564,0.00043604230417589854,5
2022-06-02,0.0006101319367511199,0.00071388583596914,0.00043853016671728545,5
2022-06-03,0.00036164539819072,0.00068990970989456,0.00044017024061514444,5
2022-06-06,0.00055853733013776,0.00064726042825608,0.0004410924591816973,5
2022-06-07,0.00038565306404192,0.0006493850674872,0.0004426145845334736,5
2022-06-08,0.00039881024013178006,0.0006073500764357601,0.0004435925355664637,5
2022-06-09,0.0005354770937354601,0.00057079462612764,0.000444868842241004,5
2022-06-10,0.00042734832172084005,0.00059468953634334,0.0004465842818838766,5
2022-06-13,0.0006886632670127801,0.0005824896034322599,0.0004479504491213955,5
2022-06-14,0.00052658975694146,0.00062141750857086,0.000449958959742737,5
2022-06-15,0.00116168485366606,0.00061415683524416,0.00045177500700231097,5
2022-06-16,0.0003655606339485,0.0006843760268556,0.00045564111288255905,5
2022-06-17,0.00053658324160808,0.0006295365949862,0.00045599767686578736,5
2022-06-21,0.0009412431860805799,0.0006183025151331,0.00045719250598947014,5
2022-06-22,0.00077523523846636,0.00063690106736206,0.00045987860150643585,5
2022-06-23,0.00058261803083766,0.0006517083816522,0.00046216151756948336,5
2022-06-24,0.00044690780817551406,0.00064589449454262,0.0004641927867628441,5
2022-06-27,0.0005535098846810601,0.0006014458722721,0.00046552855698593577,5
2022-06-28,0.00110145183892566,0.0006085159806884001,0.0004673493591549065,5
2022-06-29,0.00047764519604492006,0.00070743558272448,0.0004712270094475408,5
2022-06-30,0.00096783991683902,0.0006869371407007,0.00047271814769566067,5
2022-07-01,0.00038116563337702,0.0007415353235362199,0.0004763170276324882,5
2022-07-05,0.00107871097405744,0.00066639053863094,0.0004773951637798755,5
2022-07-06,0.00044573821453524004,0.00068923377973658,0.0004813478815322419,5
2022-07-07,0.0002959827436140747,0.00064356125699098,0.0004824124891490291,5
2022-07-08,0.00036271802928148207,0.0005683443184983,0.0004831447157310646,5
2022-07-11,0.00024671062356132,0.00053142880874234,0.0004836912341034517,5
2022-07-12,0.00047978678218054007,0.0004932034767534401,0.0004842789930795641,5
2022-07-13,0.00081700893746446,0.00050940453410848,0.00048587930196225234,5
2022-07-14,0.00057084890391216,0.00055656836252842,0.0004883582106221946,5
2022-07-15,0.0004532965872542,0.00057824167656706,0.0004900605198510048,5
2022-07-18,0.00087658866430434,0.0005417544209401399,0.0004907532564803729,5
2022-07-19,0.00087394041863424,0.00059623455150262,0.0004929517362363109,5
2022-07-20,0.0009699473073888999,0.0006315563628288201,0.0004950308980968138,5
2022-07-21,0.00051743043003182,0.0006533120690987999,0.000497461972176728,5
2022-07-22,0.0006610123925354799,0.0006324752701263999,0.0004981734191195588,5
2022-07-25,0.00043689419221694,0.0006366702629140399,0.0005001921804886772,5
2022-07-26,0.00031560033474726,0.00060908030240364,0.0005011399637774752,5
2022-07-27,0.00071656602520062,0.00055649928586188,0.0005016389838005158,5
2022-07-28,0.00053369802332426,0.0005778286660578,0.0005027363667080639,5
2022-07-29,0.00044865017805976,0.0005819691845613401,0.0005037325549561433,5
2022-08-01,0.000516800386637,0.00056668049799964,0.0005050440818804727,5
2022-08-02,0.00041097044066026,0.0005619922968501201,0.0005066687103752566,5
2022-08-03,0.0002943801606582,0.00054989364754712,0.0005076898256056069,5
2022-08-04,0.00024508373161542,0.00050954746033556,0.0005071988329476725,5
2022-08-05,0.00023526889345083508,0.00045998342967696,0.0005078149039281128,5
2022-08-08,0.0009336909898019199,0.00042386459239512,0.0005083488371115149,5
2022-08-09,0.0003568099837004351,0.00048476467023198,0.0005117777323623742,5
2022-08-10,0.000319064974322192,0.00047719540137697997,0.0005129443251976824,5
2022-08-11,0.00047910767827296,0.00045838929064048,0.0005137220376317462,5
2022-08-12,0.0002185239167673177,0.00047873944089782,0.0005150517378618091,5
2022-08-15,0.0001405452276453902,0.00043371903279775995,0.0005154983098435802,5
2022-08-16,0.0002887896298797262,0.00037722261016261995,0.0005158034665682529,5
2022-08-17,0.00024593334371773997,0.00037330563317864,0.0005153521844157268,5
2022-08-18,0.00022419000572931465,0.00036604430000566,0.0005157959325660171,5
2022-08-19,0.0002671673955580296,0.0003485871759346,0.0005160077632660323,5
2022-08-22,0.00023400780511321568,0.00035124689963682,0.0005131997359393867,5
2022-08-23,0.00018506481601538986,0.00034580814494448,0.0005134500991213536,5
2022-08-24,0.0003498144295015954,0.0003299916003243,0.0005134216315527997,5
2022-08-25,0.00020908441502529143,0.00033666333405034,0.0005144801058659,5
2022-08-26,0.0008215353999161399,0.00032049772098422,0.0005147935934812373,5
2022-08-29,0.00037012940750828,0.00039752519833586,0.0005176811048193335,5
2022-08-30,0.00065329159807004,0.00041051872717452,0.0005186213127048268,5
2022-08-31,0.0004032019260618349,0.00045907253264504,0.0005205626424791475,5
2022-09-01,0.00094001661066608,0.00045589689454100004,0.0005216958985066926,5
2022-09-02,0.00046391887784759996,0.0005135758194467,0.0005247025873570957,5
2022-09-06,0.00045181769615336,0.0005122532500323,0.0005260258922535132,5
2022-09-07,0.00039729013174608,0.0004909673975845199,0.0005272813831962379,5
2022-09-08,0.0003452639264409,0.00047173922861282,0.0005282797620736869,5
2022-09-09,0.0001313784031303288,0.00045055028609519997,0.000528708867826406,5
2022-09-12,0.00019143198245446933,0.0003783307651178,0.0005288038869694189,5
2022-09-13,0.0005206734215049,0.00034760149379398,0.0005286877948509046,5
2022-09-14,0.00045263185899402006,0.00039010475359928,0.0005294699763471802,5
2022-09-15,0.00064495029927054,0.00039513698569083996,0.0005307082096707061,5
2022-09-16,0.00048367530562868,0.00042373871575720004,0.0005325039263149409,5
2022-09-19,0.0002868569301917428,0.00043124196960006003,0.0005340620196592839,5
2022-09-20,0.00044935660993248,0.00040365882271463995,0.0005347732785421636,5
2022-09-21,0.00090102972363054,0.00041639714415276,0.0005347328870415229,5
2022-09-22,0.00047363058329326,0.0004781082279703,0.0005377836018185008,5
2022-09-23,0.00056463854110364,0.00049757623903464,0.0005389494396764163,5
2022-09-26,0.0004961754613078999,0.0004974398020696,0.0005407048626424233,5
2022-09-27,0.00063878812290232,0.00049825643218828,0.0005423922007676118,5
2022-09-28,0.00073110453289164,0.00052274968543802,0.000544100154052605,5
2022-09-29,0.00065602515624362,0.00053883520128666,0.0005457395231720414,5
2022-09-30,0.00066666990213112,0.00056765500453966,0.0005474466238598438,5
2022-10-03,0.00058432283222678,0.00059023578755016,0.0005495182481028724,5
2022-10-04,0.0003726075650452369,0.00058983262560128,0.0005506291422453193,5
2022-10-05,0.00083872707495132,0.00050906797600336,0.0005498506749574443,5
2022-10-06,0.00043522330461410005,0.00054830469552728,0.0005518195914804011,5
2022-10-07,0.00047649712135684,0.0005272063084217,0.0005529104304933762,5
2022-10-10,0.0006355297564284801,0.00053836340241804,0.0005543572187756574,5
2022-10-11,0.0009177197203020799,0.00056582975505508,0.0005565360803174691,5
2022-10-12,0.00040409329215366,0.00061206948645296,0.0005594597128386431,5
2022-10-13,0.0018434476680003,0.0005709351604168799,0.0005604336646510963,5
2022-10-14,0.0006816805581623999,0.0006645668680083201,0.0005674123949918417,5
2022-10-17,0.00043114286612628,0.0006784463135745,0.0005696508195969108,5
2022-10-18,0.00098232623025068,0.00060030503942304,0.0005709918079545722,5
2022-10-19,0.0006498185185168,0.0006659020038297201,0.0005742139127322104,5
2022-10-20,0.00074659242735126,0.0006469514160695,0.0005764970637817362,5
2022-10-21,0.0007484958672252,0.00066254662767294,0.0005787129147944981,5
2022-10-24,0.0005745715662868999,0.0006537782129151599,0.0005812970411318642,5
2022-10-25,0.0003288375247345,0.00063886882505266,0.0005827690791295059,5
2022-10-26,0.00090808689625818,0.00056496566502276,0.0005833018682982853,5
2022-10-27,0.00058081958974336,0.000608208726672,0.0005855861066234301,5
2022-10-28,0.00066397652683962,0.0006224626479168,0.0005862617029768264,5
2022-10-31,0.0004004315430657,0.0006153652996176,0.0005882629379185654,5
2022-11-01,0.0007611427532975,0.00056541361581284,0.0005890892582083313,5
2022-11-02,0.0008514997585356799,0.0005969525548849,0.0005913229964958878,5
2022-11-03,0.00062443108714942,0.00066901375183446,0.0005939754427045215,5
2022-11-04,0.00118291812840766,0.00067174943926774,0.0005959334398016677,5
2022-11-07,0.00039989636122984,0.0007548623484209,0.0005940462879610038,5
2022-11-08,0.00062673491533176,0.0006752218205191001,0.000593490966147965,5
2022-11-09,0.00021651482784303998,0.00067694145067312,0.0005950577929022839,5
2022-11-10,0.00124088988554262,0.00057769485107328,0.0005940417106419204,5
2022-11-11,0.00078164731711642,0.00064466871542936,0.0005960750515161663,5
2022-11-14,0.00080745865403202,0.00066031594891794,0.0005984510418649859,5
2022-11-15,0.00073081421572382,0.0006446483911791799,0.0006002680429124857,5
2022-11-16,0.00026363195592308,0.0006666692749817601,0.0006019355942583353,5
2022-11-17,0.00050079592711902,0.0005821837394036,0.0006025984155496538,5
2022-11-18,0.00047577417296620005,0.0005805088411826601,0.0006032875121938146,5
2022-11-21,0.00042470964390361543,0.00057715330135762,0.0006038467942979134,5
2022-11-22,0.00052191041055232,0.00054112900782524,0.0006045208689921366,5
2022-11-23,0.0001571269289690617,0.00054388634003954,0.0006034751410961721,5
2022-11-25,0.0001046026963800703,0.00045412035789474,0.000602343072339047,5
2022-11-28,0.00041362564681570005,0.00038022542552112,0.0006013357578184354,5
2022-11-29,0.00029951958964256,0.00040552606068574,0.000601919651354378,5
2022-11-30,0.00106337122511724,0.00040997439993234,0.0006023306327891945,5
2022-12-01,0.00039263615213794,0.00047452558495897996,0.0006045302837977865,5
2022-12-02,0.00020302433162296664,0.0004644906122149,0.0006040664305190293,5
2022-12-05,0.00048212033185128,0.00041947712377236,0.0006034515373543665,5
2022-12-06,0.0004412131378042,0.00045202719544148,0.0006024494196164992,5
2022-12-07,0.00028540682158936,0.00047416090319574004,0.0006006550990351556,5
2022-12-08,0.00052944884489328,0.00045365369608347996,0.0006005095042413655,5
2022-12-09,0.0003602576598021281,0.0004607386686035,0.0006018209871845325,5
2022-12-12,0.00047451947252449996,0.00046959198837323997,0.0006020201923145085,5
2022-12-13,0.00105583109901274,0.00046908336934624,0.0006026943982845035,5
2022-12-14,0.00068872429107122,0.00054924815369554,0.0006057376287248096,5
2022-12-15,0.00057767227089904,0.000595343362825,0.0006066806228372529,5
2022-12-16,0.00034370598295348,0.00060632900577662,0.0006051602726292985,5
2022-12-19,0.0002435035520573,0.00057015247106876,0.0006033069503164019,5
2022-12-20,0.00028620168157893997,0.00051582776588924,0.0006028382695243382,5
2022-12-21,0.0003983936183878,0.00048255801699472,0.000602931106739164,5
2022-12-22,0.0008318539302195401,0.00046449855937118,0.0006024109768438272,5
2022-12-23,0.00028147519736896004,0.0005191651063596199,0.0006048241937093284,5
2022-12-27,0.0003685870633449,0.00048610974979830003,0.0006055626638002265,5
2022-12-28,0.00040483260630508,0.00048613459877326,0.0006064157555115415,5
2022-12-29,0.00038562579098948,0.00048663936811378,0.0006072712077594914,5
2022-12-30,0.00021096028354145998,0.00045329902489416,0.0006079222077000595,5
2023-01-03,0.0007093397121405,0.0004052504307762,0.0006081633824723323,5
2023-01-04,0.00066155061086798,0.00047255860123840003,0.000610531480841619,5
2023-01-05,0.00023426657022972835,0.00050601828531594,0.0006120219083946747,5
2023-01-06,0.0010368013992883,0.0004636360108125,0.0006104022410021737,5
2023-01-09,0.00058149215986102,0.000534056990539,0.0006127549798852774,5
2023-01-10,0.00031541389877648,0.0005563415872382601,0.0006131430877734575,5
2023-01-11,0.00026860682072935997,0.00050577225515118,0.0006131447673582293,5
2023-01-12,0.000763623225363,0.00045674797944546004,0.0006111530219061049,5
2023-01-13,0.0002775683352162,0.0004955941237844401,0.0006125629589405534,5
2023-01-17,0.00026793844699884,0.0004612365880563,0.0006128315048664609,5
2023-01-18,0.00040390821795132,0.00043602344107122,0.0006121575576270129,5
2023-01-19,0.00029210039932188,0.0004442662897873199,0.0006121526704158653,5
2023-01-20,0.00045228404032615995,0.00042173179083213996,0.0006125429429547585,5
2023-01-23,0.0007217018342015799,0.00043458273819784,0.0006128186770970261,5
2023-01-24,0.00026612434905080005,0.00047600642694876005,0.0006133270311929354,5
2023-01-25,0.00049779574504234,0.00043665978852445997,0.0006093366017539293,5
2023-01-26,0.00037103687002446,0.0004507624593907,0.000600358337312793,5
2023-01-27,0.00042893597750135544,0.00044337622195396,0.0005989110440743561,5
2023-01-30,0.00028690356120892,0.00045141182632285994,0.0005953513713307242,5
2023-01-31,0.00019385576727212116,0.00043939227760254,0.0005922308862326052,5
2023-02-01,0.0008849720653613599,0.0003950564962091,0.0005893421145052542,5
2023-02-02,0.0005434158228993791,0.00045526486552704,0.0005906168439442652,5
2023-02-03,0.00123521834888232,0.00046188558477232007,0.0005899016742135631,5
2023-02-06,0.00034001889000514,0.00053813590501268,0.000592124790860228,5
2023-02-07,0.0005407671108860199,0.00049847472411696,0.0005899620103816878,5
2023-02-08,0.0005513668166278,0.00050248312354292,0.0005885007118280009,5
2023-02-09,0.00061694064951136,0.00051426783787054,0.0005886471730021244,5
2023-02-10,0.0005549636965292921,0.00053698829819574,0.0005894831399703974,5
2023-02-13,0.0004824233135678877,0.00054812486314138,0.0005903975822524368,5
2023-02-14,0.00056093016069118,0.00054066456080186,0.0005905010542664851,5
2023-02-15,0.00025240369823376925,0.0005463352434788999,0.0005890155706016259,5
2023-02-16,0.00034665510938800004,0.00048630137252001995,0.0005872991134133176,5
2023-02-17,0.0002845541629342234,0.00046051608046029994,0.0005874438391501419,5
2023-02-21,0.00023663617234516643,0.00043534927339812003,0.0005871523936721904,5
2023-02-22,0.00028637522319162,0.00040809835063263997,0.0005859592259445887,5
2023-02-23,0.00053303521181776,0.00039988596388932003,0.0005841126836336557,5
2023-02-24,0.00016266683982631594,0.00041794889191382,0.0005836964271107242,5
2023-02-27,0.00013642610672914767,0.00036841557107722,0.0005816893824313501,5
2023-02-28,0.00019133572269198,0.00032530758658526,0.0005770058457129218,5
2023-03-01,0.0003399763001229797,0.00031364390048055997,0.0005759577295401554,5
2023-03-02,0.00019485339164416001,0.00032513955439,0.00057581379782768,5
2023-03-03,0.0001682264100729775,0.00031476976449264,0.0005748679518203248,5
2023-03-06,0.00033124853249838,0.00030231379489306,0.0005739654455863788,5
2023-03-07,0.00029488358881372,0.00032067667149194006,0.000573581750325806,5
2023-03-08,0.0001672608019608833,0.00033236495376076,0.000572238103218813,5
2023-03-09,0.00062257116189122,0.00030901381742752,0.0005706947284225305,5
2023-03-10,0.00039256009202776,0.00035649417427696,0.0005672350023691947,5
2023-03-13,0.0009544188679088201,0.00037996678586841995,0.0005669869540298038,5
2023-03-14,0.00024621793071984003,0.00044104568332934,0.0005688136152490965,5
2023-03-15,0.00045439629421788007,0.00041340978309720004,0.0005683139499290845,5
2023-03-16,0.0008147707152152799,0.00041997111639872,0.0005679029128852212,5
2023-03-17,0.00033259187979514,0.00045810486036012004,0.000568773322073144,5
2023-03-20,0.00037548762984061996,0.00044427973938055993,0.0005674300352816103,5
2023-03-21,0.00031740702503138004,0.00044067306056699997,0.0005674488687178404,5
2023-03-22,0.0005603227616175,0.00042352505838290003,0.0005667008605286034,5
2023-03-23,0.0004276055350188,0.0004553004369763,0.0005672156390155022,5
2023-03-24,0.00023313686780580592,0.00045214952218811994,0.0005667228319396004,5
2023-03-27,0.0002828739598215,0.00041149910303038003,0.0005664651789612632,5
2023-03-28,0.00031413068944106,0.0003874954102539,0.0005652516470393161,5
2023-03-29,9.986822866271531e-05,0.00037745367056157993,0.0005652539614530507,5
2023-03-30,0.00013041626125672077,0.00031594256995818,0.0005644749231545366,5
2023-03-31,0.00013813638535631803,0.00028378940776166005,0.0005637569720033062,5
2023-04-03,0.00012999327401599497,0.00026841150255416,0.0005633114415096028,5
2023-04-04,0.0001214242420400293,0.0002539561471934088,0.0005631321702495229,5
2023-04-05,0.00023579810243826,0.0002467599461062525,0.0005621828201073811,5
2023-04-06,0.0002986215529600433,0.00026276987266254,0.0005617364764944229,5
2023-04-10,0.00020996968038217338,0.00026973026835394,0.0005617802406341751,5
2023-04-11,0.00015428910026628787,0.00027249554301932,0.0005605571821047842,5
2023-04-12,0.00021267128821212235,0.00026558276887419884,0.0005586662502735701,5
2023-04-13,0.00015353333001616557,0.00027579213851456,0.0005590314073732197,5
2023-04-14,0.00017970396233276954,0.00026265581585122,0.0005586995400916111,5
2023-04-17,0.00017264927944068157,0.00026110784310764,0.0005571112349071884,5
2023-04-18,0.00019146263600530475,0.0002496966722086289,0.0005562386115454283,5
2023-04-19,0.0002551761433027055,0.0002525642883788254,0.0005551239938322367,5
2023-04-20,0.0003418076489138606,0.00025989003737888,0.0005546548409761661,5
2023-04-21,0.000185437659300444,0.00028008101181468,0.0005540049113412605,5
2023-04-24,0.00029967849536480473,0.00026827520235978,0.0005454234135233869,5
2023-04-25,0.00020712622482110194,0.0002765922105227728,0.0005393759708463464,5
2023-04-26,0.0002787115785254,0.0002793209562738,0.0005364208634597988,5
2023-04-27,0.0004588184390519346,0.00028285669964424,0.0005351690729802504,5
2023-04-28,0.00031166400359332384,0.00030766848279298,0.0005355210038307637,5
2023-05-01,0.0003066953221921894,0.0003039591495495159,0.000532955517319738,5
2023-05-02,0.00024589585691202,0.0003091997737307161,0.0005285243559409434,5
2023-05-03,0.0003340146284877,0.00030747329028976,0.0005228431152188299,5
2023-05-04,0.00015980099641440827,0.00032228443544666,0.000521276341418161,5
2023-05-05,0.00015788133863316,0.00030223719448854003,0.0005200097375589264,5
2023-05-08,0.00015004384042141124,0.00028391925207114,0.000513918222612656,5
2023-05-09,0.00014823726618518762,0.00026486572273058,0.0005095505873202619,5
2023-05-10,0.00026267829901080003,0.00024737194709760106,0.0005044524916510424,5
2023-05-11,0.00030696606021110307,0.0002531284319667,0.0005012534219928225,5
2023-05-12,0.0002592161100923013,0.00026752050735668004,0.0004977667308772723,5
2023-05-15,0.00020335808201040663,0.00027680216948168003,0.0004931478193094278,5
2023-05-16,0.00028010712377642507,0.0002692903946748,0.00048610422649003165,5
2023-05-17,0.00019462943505158114,0.00027302265332464947,0.00048371101801451924,5
2023-05-18,0.00048513077530651664,0.0002689626679579,0.00048255420644208944,5
2023-05-19,0.00017490354641664667,0.0002821441717036296,0.0004826095178951835,5
2023-05-22,0.0002205825410656362,0.0002633391286487748,0.00047944857107297504,5
2023-05-23,0.0002145858475500472,0.0002673658385366168,0.00047688818806044565,5
2023-05-24,0.00017474159434222803,0.00026547734118781874,0.0004698064711785582,5
2023-05-25,0.000726993281540542,0.00026103093021867437,0.000467822541518622,5
2023-05-26,0.0006764890762688215,0.0003045055333602135,0.0004675937831649931,5
2023-05-30,0.0005979773161942417,0.0003364279263540364,0.00046834315165461305,5
2023-05-31,0.00038349482430412,0.0003761222028947476,0.0004662959375931404,5
2023-06-01,0.00031894050406387184,0.00038770760659802,0.0004668664228979205,5
2023-06-02,0.0002571935389531439,0.00037723242106173997,0.0004650678891549083,5
2023-06-05,0.00036928941079318004,0.00036158159054572,0.0004630157903116645,5
2023-06-06,0.00018291849876938,0.00034826689951942,0.0004620600660023076,5
2023-06-07,0.00074995557560364,0.00031757884457044,0.0004613508322744451,5
2023-06-08,0.00026184542290065576,0.00036851470290811996,0.00046211042848661127,5
2023-06-09,0.00021464136419796056,0.00035685674855922,0.00046161912832335213,5
2023-06-12,0.0001558530418360398,0.00033999860502102,0.0004608882994505989,5
2023-06-13,0.0001906990539415777,0.0003110594360931,0.00045938185480020433,5
2023-06-14,0.00033062688586103713,0.00029707846775207643,0.00045844277040425486,5
2023-06-15,0.0002203345131547845,0.00030975789244818005,0.00045702199111397025,5
2023-06-16,0.00015094674351692275,0.00030394023039576,0.0004558066925275152,5
2023-06-20,0.00019702987574447627,0.00028646914186392,0.0004517958270110504,5
2023-06-21,0.00026457521002043997,0.0002789829167908567,0.00045112705416103444,5
2023-06-22,0.00020953820778004295,0.00029105904283334004,0.00045004765721028985,5
2023-06-23,0.00012257105181817722,0.00027910302012057627,0.0004471440660265575,5
2023-06-26,0.0005686446898080609,0.00026014533779381997,0.0004445541287779535,5
2023-06-27,0.00023375684945196838,0.00030406015026404,0.00044449867901196307,5
2023-06-28,0.0002945452232332545,0.0003032288056857901,0.0004436528418741713,5
2023-06-29,0.00013626724131355172,0.0003105551684911592,0.0004426252043287433,5
2023-06-30,0.0001510213404165952,0.00028371774587106647,0.0004387951067191715,5
2023-07-03,0.00011385787838818515,0.00026776702396012536,0.0004374989803079479,5
2023-07-05,0.0002011979747132472,0.0002463499022450269,0.0004341101626950477,5
2023-07-06,0.00016223494535422267,0.0002498061507172176,0.00043339600531939776,5
2023-07-07,0.00015133485931438195,0.0002452676519450163,0.0004297591956816865,5
2023-07-10,0.0001824154532013204,0.00024090190586395017,0.0004285909283990639,5
2023-07-11,0.0001608277663863658,0.00024587239991318,0.00042814026454821984,5
2023-07-12,0.00015928133624616,0.00024129061407683998,0.00042733911271133446,5
2023-07-13,0.00019715193763256128,0.00023985572792488001,0.00042699217109500455,5
2023-07-14,0.0005420545649750703,0.00023825683683933416,0.0004258706042515602,5
2023-07-17,0.00020896282658261438,0.00027506338583045025,0.00042477951547184036,5
2023-07-18,0.0004493390124986693,0.000280588834541643,0.0004233434596094215,5
2023-07-19,0.00030647084114386,0.00030664299102129225,0.00042332775494769315,5
2023-07-20,0.00060070685741162,0.00030748551258380003,0.00042106538263356425,5
2023-07-21,0.00025680545698458,0.00033937756429162,0.00041998112246998244,5
2023-07-24,0.00020007554294314742,0.00033825223234079996,0.00041715119449218754,5
2023-07-25,0.00010741181621541063,0.00032064420468374,0.0004158918497021531,5
2023-07-26,0.0002322442677049453,0.00027952977021916,0.0004136950220183431,5
2023-07-27,0.00040800449589917996,0.00028450638303342,0.0004128829191432955,5
2023-07-28,0.00018124599530040166,0.00031022597601976,0.00041324960232246987,5
2023-07-31,7.307231086508956e-05,0.00028520592619276,0.0004111253164895324,5
2023-08-01,0.0001705799429545346,0.0002451432030299588,0.00040929743667818627,5
2023-08-02,0.0003436250538236627,0.00023905363726640008,0.0004081939833642767,5
2023-08-03,0.00027109700837811817,0.00026102602799406234,0.00040750677966263645,5
2023-08-04,0.0003437994079912,0.0002706709341705884,0.0004069517263599296,5
2023-08-07,0.0002650884968267581,0.00028960813148213996,0.0004071478344842668,5
2023-08-08,0.00017123176026173344,0.00029080547091272,0.00040722721847320065,5
2023-08-09,0.00027391202603630003,0.00027968811907052,0.0004069731028653073,5
2023-08-10,0.0003045701130464,0.00029486637645496,0.00040435493237417407,5
2023-08-11,0.00014982058062150205,0.00031003528642374004,0.00040414763130015,5
2023-08-14,0.00031325728868273294,0.00029416521320064,0.00040347602656324243,5
2023-08-15,0.00023857081577809055,0.00029960491269194,0.0004028178900966144,5
2023-08-16,0.00011539324821942731,0.00030206137600846,0.0004028974412831651,5
2023-08-17,0.00018420126426134002,0.00027209222591586,0.0004027976318409988,5
2023-08-18,0.00031648106155338,0.00026596004854022,0.00040238259864410045,5
2023-08-21,0.00027638624936476397,0.00027950537782558,0.00040266254990535294,5
2023-08-22,0.00023870901176493785,0.00028966269088324004,0.0004028696778562873,5
2023-08-23,0.00039849722968522276,0.00029831910016658,0.00040275674776187026,5
2023-08-24,0.00034050979929588,0.00031668715533054,0.000403409483573664,5
2023-08-25,0.00055300758325138,0.00033445020850062,0.000404026328745412,5
2023-08-28,0.00029633748155692127,0.00037054989135918,0.00040483265078410173,5
2023-08-29,0.0003826226165692645,0.00036859235359850003,0.00040517889311160834,5
2023-08-30,0.0001846073176423155,0.00037281884169188,0.00040343717571737455,5
2023-08-31,0.00010244431905575448,0.00034188058383319997,0.00040270097694806507,5
2023-09-01,0.0001856943540765774,0.00028333742122332,0.00040051507504721453,5
2023-09-05,0.00016587409292748146,0.00027374938990344135,0.0003996519497615588,5
2023-09-06,0.0003253233642163,0.0002608861272365969,0.00039657995564354833,5
2023-09-07,0.00022655574645398004,0.00028336264196782,0.0003960299734465988,5
2023-09-08,0.00015287079071121156,0.0002794956599358,0.0003951360768208077,5
2023-09-11,0.00024828646404407765,0.000269431829409,0.000394166158800828,5
2023-09-12,0.000202494233557866,0.00028117126977412,0.0003937813276008406,5
2023-09-13,0.00034164312781974,0.0002848715131833,0.0003940635332771404,5
2023-09-14,0.00014718220632649277,0.00028992513903262,0.00039465960925081213,5
2023-09-15,0.00021211927477178985,0.00026648619941256,0.00039317750125407246,5
2023-09-18,0.00031788479394123995,0.00027219413613577997,0.0003922230862373175,5
2023-09-19,0.0001601891977966532,0.000288302455948,0.0003909252072479154,5
2023-09-20,0.00020582658793,0.00027582799992622,0.00038964153221683574,5
2023-09-21,0.00021626534687494204,0.00028116409577668,0.0003893199832396066,5
2023-09-22,0.00019975022349919997,0.00027989377781358,0.00038839501791001314,5
2023-09-25,0.00018177960705815724,0.00027481283487208,0.0003856121627507618,5
2023-09-26,0.00025573268747498,0.00026839346188546,0.00038445402395617797,5
2023-09-27,0.00024341459502609446,0.00027732915781256,0.00038322820707669905,5
2023-09-28,0.00029115543056402,0.00028631574769486,0.000382225187766057,5
2023-09-29,0.00018291490179596,0.00029747699766952,0.0003808456929551908,5
2023-10-02,0.00021902607281273998,0.00028209456916396,0.0003786703372762396,5
2023-10-03,0.0005539669083332,0.00027901163734312003,0.00037693621392929157,5
2023-10-04,0.0001219090403905525,0.0003074317114324,0.00037648897982691884,5
2023-10-05,0.00019136445269092,0.0002781380549624,0.00037465400446248917,5
2023-10-06,0.00024520754866774,0.00027096234944611996,0.00037393478576267056,5
2023-10-09,0.00024593647599709996,0.00027401331464658,0.0003715795495472595,5
2023-10-10,0.00024099782341502826,0.00027365283702709996,0.0003708284113384619,5
2023-10-11,0.00014297512754047123,0.00027570173803496,0.00036989389031488333,5
2023-10-12,0.00025092746595422,0.00025481928615936,0.0003679393084542165,5
2023-10-13,0.00024899971798288004,0.00026636523868201996,0.0003652933074448996,5
2023-10-16,0.0001309100922829617,0.00027687313671788,0.00036467785675374574,5
2023-10-17,0.00047297263359418005,0.00026069922748346,0.00035788207272312127,5
2023-10-18,0.00027992528855157834,0.00029482062352863996,0.00035705386667324735,5
2023-10-19,0.0004201121546703,0.00030745567669021996,0.00035645379692096673,5
2023-10-20,0.0002487144142352082,0.0003271022185526,0.00035422278868453664,5
2023-10-23,0.00040327223654016006,0.00032368090814756,0.0003526311057310383,5
2023-10-24,0.00013935743491264675,0.0003384257118404,0.0003512687240214704,5
2023-10-25,0.0003278927334155567,0.00030406695800322,0.00034885150802022995,5
2023-10-26,0.0005576782229229201,0.00031590064288182,0.00034787262376280393,5
2023-10-27,0.0003446643869801078,0.00036254855105015996,0.00034878072177148826,5
2023-10-30,0.00030487251515719704,0.00035633965204068,0.0003465449181632418,5
2023-10-31,0.00028378750512497643,0.00035246265883309995,0.0003454498900894872,5
2023-11-01,0.00014285757997300588,0.00034781731554792,0.0003439412034953816,5
2023-11-02,0.00015008086227153916,0.00030698055455874,0.00034291908459422004,5
2023-11-03,0.00018618309939438552,0.00028242889975564004,0.0003404942358203075,5
2023-11-06,0.00010628182310356429,0.00027674735959870003,0.00033785409034752455,5
2023-11-07,0.00014284207542056,0.00025311526990004,0.00033579794247432654,5
2023-11-08,7.026557597229927e-05,0.00024653771669690003,0.0003316706565497747,5
2023-11-09,0.00017234175235872082,0.00022218542641804,0.0003303625978781176,5
2023-11-10,0.0001583226326748252,0.00023069129176817997,0.00032855945040600207,5
2023-11-13,0.0001038608045238125,0.00022954520157915997,0.00032832852899660446,5
2023-11-14,0.00012357104236522342,0.00021998737015252223,0.0003238165088338313,5
2023-11-15,0.0001846118174310261,0.00021556777268223358,0.00032120509504513607,5
2023-11-16,0.00016260711119188415,0.00022496778799436834,0.00031873348061417967,5
2023-11-17,8.02539874111756e-05,0.0002265905897304539,0.00031647869051683065,5
2023-11-20,0.00010836153432139152,0.00020813273947437456,0.0003157510001655927,5
2023-11-21,0.00012537461820641166,0.00020448491085703598,0.0003141937208290941,5
2023-11-22,0.00032762316366521,0.00020603618568457282,0.00031280324640544407,5
2023-11-24,9.366970014473394e-05,0.00023238981072771017,0.00031241798259497414,5
2023-11-27,0.00010224683634614933,0.00022439934447879176,0.00031071861469653117,5
2023-11-28,7.126894653769215e-05,0.00021361180125570702,0.0003105008365512022,5
2023-11-29,0.00012688760731657442,0.0001980589843374808,0.00031036855976611345,5
2023-11-30,0.0002101599599194014,0.0001999749831436652,0.00030923071040302164,5
2023-12-01,0.00011003129150191195,0.00021329646374089375,0.00030887610869777103,5
2023-12-04,0.00014405066727200559,0.00021104847399046838,0.00030509301372310706,5
2023-12-05,0.00024527759266442114,0.0002156039707033,0.0003041065633863373,5
2023-12-06,0.0001644338934932261,0.00022075832468766,0.0003042742350571367,5
2023-12-07,0.00012406796895711854,0.00022702502463584,0.0003030135745874617,5
2023-12-08,9.338727459243538e-05,0.00021100316025688548,0.0003017550620126717,5
2023-12-11,0.00024976620043907626,0.00020202849238141205,0.0003009930796833187,5
2023-12-12,8.879820322361956e-05,0.00022062170224032874,0.0002998832279196114,5
2023-12-13,0.00014549443443815217,0.00020812961242107166,0.0002988060078538236,5
2023-12-14,0.00034625652984028,0.00020739265758243754,0.0002975003529407824,5
2023-12-15,0.00011234609014616039,0.00023091127752662,0.00029468458084089163,5
2023-12-18,0.00028197090427011103,0.00021647162599682432,0.0002923973657578556,5
2023-12-19,0.00010690912836542645,0.00023190520086553327,0.00029122394763631215,5
2023-12-20,0.0002809804098970413,0.00021539109979508645,0.0002902842775784231,5
2023-12-21,9.357421445819263e-05,0.00023428513667402722,0.0002904329952682633,5
2023-12-22,8.771210663223703e-05,0.0002161025839034843,0.00028966860055746664,5
2023-12-26,3.9805147886207e-05,0.000203560203522738,0.00028843573741557936,5
2023-12-27,6.790465525650074e-05,0.00017678920747144517,0.0002852926866920342,5
2023-12-28,3.3345576179155494e-05,0.0001696743836995192,0.00028444518454079414,5
2023-12-29,0.00015936099522769715,0.00015318669247389854,0.000283114861179025,5
2024-01-02,0.00040272850218936,0.00016946136778822602,0.00028214076748427346,5
2024-01-03,0.00014106777244404269,0.00020354332770108,0.0002822086353858602,5
2024-01-04,0.00021536608974165693,0.00020406003707360002,0.00028193128415134657,5
2024-01-05,0.00012997287675289097,0.00021403614818882,0.0002799710713640496,5
2024-01-08,0.00015945244628291457,0.00021214728399952001,0.0002778616359112118,5
2024-01-09,0.00033082672276043667,0.00021278737237856,0.00027756475446697826,5
2024-01-10,0.00015323643263086333,0.00023328355761386002,0.00027476326765535965,5
2024-01-11,0.00045379062443863993,0.00022632417805612,0.0002730638401663511,5
2024-01-12,6.789055179938088e-05,0.0002560301852548,0.00027361295415707394,5
2024-01-16,0.00025623565926182,0.0002196029641615723,0.0002728164610263992,5
2024-01-17,0.00022082358100230623,0.0002331109410893,0.00027080301830377556,5
2024-01-18,0.00013171554258016306,0.00023981897630228,0.0002705778407076886,5
2024-01-19,0.00020080043769730963,0.00023200353658152,0.00027003727362666195,5
2024-01-22,0.000151852186514753,0.00023858821901115998,0.0002692312903716857,5
2024-01-23,0.00021277012071528622,0.00023553536711716,0.00026867474984467344,5
2024-01-24,0.00043845733477238056,0.00023399224111422,0.0002677242977827254,5
2024-01-25,0.00025605685744708,0.00025654490816043606,0.0002666003116738793,5
2024-01-26,0.0002084244725350344,0.00026448434126464,0.00026656036131037246,5
2024-01-29,0.00015488094717862707,0.0002568381565605066,0.00026541206260994644,5
2024-01-30,0.00014981824665019576,0.00024442262113265025,0.00026455430101135176,5
2024-01-31,0.00019496485007882471,0.00023633617788428003,0.00026344669096829145,5
2024-02-01,0.00013428221025100243,0.0002331366639078,0.0002630818548130131,5
2024-02-02,0.00044459561181920266,0.0002258662199002382,0.0002628454518089609,5
2024-02-05,0.00029376298570848,0.00024525154235312003,0.0002610979261996668,5
2024-02-06,0.00031456359800736717,0.0002619708998643,0.00026010724033779826,5
2024-02-07,0.0001825675430782949,0.00027233572679503996,0.0002564538484692468,5
2024-02-08,9.243031452622064e-05,0.00027207477098716004,0.00025582904153699726,5
2024-02-09,0.00012823948195896912,0.00024466327646778,0.0002540499272657282,5
2024-02-12,0.0003067895064891104,0.00022771690980128,0.00025237085054085175,5
2024-02-13,0.00042468229348269996,0.0002431068469124906,0.0002511400920367952,5
2024-02-14,0.00021524069802197999,0.00027257499145418,0.000250623102342166,5
2024-02-15,0.00015953869326876003,0.00027730313423472003,0.00024956285386777753,5
2024-02-16,0.0001914329684323,0.00025648158482125997,0.0002479700305843552,5
2024-02-20,0.00041687951417002767,0.00025092721235642,0.0002477280832438732,5
2024-02-21,0.00023328966620019738,0.00027505996561190003,0.0002480067515168177,5
2024-02-22,0.0002599253888996487,0.00028056884206318,0.0002478033209742222,5
2024-02-23,0.0003890004034427549,0.00028852958281034,0.00024789573850023203,5
2024-02-26,0.00014779236439873476,0.00031005568591142,0.00024830298127900623,5
2024-02-27,0.00019970949823418233,0.00028814128846352,0.00024677423982099407,5
2024-02-28,0.0001313383532820386,0.00028187881143944,0.0002469212344972158,5
2024-02-29,0.00014250602246378,0.00026016141470644,0.0002469010449994098,5
2024-03-01,0.00016136453914212195,0.00024690875115694,0.00024670727634771043,5
2024-03-04,0.0003240303667310995,0.00024356352043224,0.0002459984995184214,5
2024-03-05,0.0002373664097373952,0.00026217086593916,0.00024651110656241713,5
2024-03-06,0.00020679416811085274,0.00027278332321168,0.0002467854716404505,5
2024-03-07,0.0002173066330106583,0.0002751997705723,0.00024629160511510303,5
2024-03-08,0.00114713199329884,0.00027227708795148,0.0002459837600523924,5
2024-03-11,0.0003662073107271948,0.00034909644100659996,0.000249872137795797,5
2024-03-12,0.00046853645825257106,0.00037060588081426,0.0002488548209260984,5
2024-03-13,0.00017607274993865953,0.00039526979330696007,0.0002491563144428635,5
2024-03-14,0.00030911492164219657,0.00035893573277648,0.00024606763937155336,5
2024-03-15,0.0002671105815655074,0.00035802970893942,0.0002463172306053722,5
2024-03-18,0.0005470907478331144,0.00034503635106768,0.000245574033332942,5
2024-03-19,0.00044242778760589544,0.00037895254689793997,0.00024451181124015555,5
2024-03-20,0.00015221017417929553,0.000395935353508,0.0002449476680171824,5
2024-03-21,0.00020592670822129999,0.00034371845250285996,0.00024406164636773262,5
2024-03-22,0.00017045825931594704,0.00031954247278638,0.0002436192641581687,5
2024-03-25,0.00021002520557279747,0.00029674626895178003,0.00024207218279982912,5
2024-03-26,0.00017196719055588965,0.0002913057118462,0.00024120876879409102,5
2024-03-27,0.0002612832091550527,0.0002837194329586,0.00024096603197960726,5
2024-03-28,0.0001253785192130146,0.00029768923049728,0.00024088035439759752,5
2024-04-01,0.00021177687071324494,0.00027610658784395995,0.0002401313378490734,5
2024-04-02,0.00012853478726532327,0.000274080730667,0.00024057541976197245,5
2024-04-03,0.00012385746963878907,0.0002601798066737291,0.00024056795359533997,5
2024-04-04,0.00026802712070452,0.0002490351777556155,0.00024051129123138151,5
2024-04-05,0.00019488566995166001,0.00026829319048592,0.00024105904459125653,5
2024-04-08,7.832745303121829e-05,0.0002656527896900115,0.00024135055819408043,5
2024-04-09,0.0003497064896082338,0.00023982236517735333,0.00024072567466468733,5
2024-04-10,0.0001442637743297196,0.0002680621945031665,0.00024092839266725953,5
2024-04-11,0.00025882494487948,0.00026354620784398077,0.00024066765494482907,5
2024-04-12,0.0002171999466174,0.00027223231886779997,0.00024108247972504012,5
2024-04-15,0.00039781882024752006,0.000275019943027,0.00024110045059172778,5
2024-04-16,0.00021103297053589907,0.00030752562727932,0.00024206983745772527,5
2024-04-17,0.00024538764353670506,0.00029825264001172,0.00024219415891884875,5
2024-04-18,0.00033151735330109636,0.00030080431261076003,0.000242482803220817,5
2024-04-19,0.0009160655871545851,0.00031665069125418,0.00024303857590849881,5
2024-04-22,0.00040252977050608005,0.00039188853617946,0.00024566115306664117,5
2024-04-23,0.00020554908780741707,0.00040981783518432007,0.00024590211386661025,5
2024-04-24,0.0003237779130590585,0.0003634969294348,0.00024598192112259035,5
2024-04-25,0.0005498488284923599,0.00036292830780940003,0.0002460775537324882,5
2024-04-26,0.000344952693673791,0.00037942032303700003,0.00024743756406451703,5
2024-04-29,0.00022383707444611757,0.00037215331562922,0.00024770042563256603,5
2024-04-30,0.00035182903188022514,0.00035012643582678,0.00024676795990000324,5
2024-05-01,0.00066551151164266,0.00034845854062336,0.0002469273449328878,5
2024-05-02,0.00020631074726096236,0.00039334045839372006,0.0002483512187005485,5
2024-05-03,0.00021301074968889665,0.0003672680660862,0.0002481941349320919,5
2024-05-06,0.000171294006526748,0.00033935150101144,0.0002477139608098744,5
2024-05-07,0.00020590541593439255,0.00031227362206624,0.00024775956799285984,5
2024-05-08,0.00011654500822704713,0.00030411689928824,0.00024795013972818213,5
2024-05-09,0.0001762156155857284,0.00026586357418726,0.000247817207854395,5
2024-05-10,0.0002141573632117528,0.00026128659829230004,0.0002479282330504289,5
2024-05-13,0.00017122845793238789,0.0002654406397923,0.000247735689654401,5
2024-05-14,0.00016553212228362268,0.00026440456965966003,0.00024719704837551713,5
2024-05-15,0.00021221046006252887,0.00026103783586703996,0.00024682528651913334,5
2024-05-16,0.00010168988008341655,0.00026661218197698,0.0002468604150034672,5
2024-05-17,0.00012497936648998704,0.0002429281633797469,0.0002461524100681774,5
2024-05-20,0.00016852223671927352,0.0002382584882624018,0.00024587602090721873,5
2024-05-21,9.880603130781413e-05,0.00023476218900508094,0.0002446196378175868,5
2024-05-22,0.0001621580254655608,0.0002197492150538707,0.00024431766355128187,5
2024-05-23,0.00034686758425897535,0.00022706957656284192,0.00024408582023540852,5
2024-05-24,0.00016281913591421334,0.00025567734527328,0.00024461074776203125,5
2024-05-28,0.00019117050220386037,0.00025856954087626,0.0002445634364190629,5
2024-05-29,0.00027256362925494603,0.00026177429215344,0.0002424371555486791,5
2024-05-30,0.0002581247007103892,0.00027755072769457994,0.00024083427679068753,5
2024-05-31,0.00046455093293109413,0.0002901744828190506,0.0002394856553006721,5
2024-06-03,0.000202418159199136,0.00032822519659338,0.00023980730652538236,5
2024-06-04,0.00011897930306542081,0.00030811947042604,0.00023934491626798255,5
2024-06-05,0.00021663533345070933,0.00027416271077974,0.00023879644707795172,5
2024-06-06,0.00037828835585562265,0.00026891436411277203,0.00023819067692976728,5
2024-06-07,0.0001612683944557453,0.0002887638340416177,0.00023896595414042688,5
2024-06-10,0.00037410122879363405,0.00027971186601941507,0.0002366298938977764,5
2024-06-11,0.00028670827741367915,0.00030449457957866,0.00023707535344497078,5
2024-06-12,0.0005436584341341601,0.00030914564629756,0.00023736133325931883,5
2024-06-13,0.00019246040062134928,0.00032665175142234,0.00023890024354621624,5
2024-06-14,0.00023277580498222392,0.00029885055073862,0.0002389072330171678,5
2024-06-17,0.00027338892600556,0.00029008610702057995,0.00023851893507717239,5
2024-06-18,0.00020285499495301283,0.00029882968636052,0.00023872946846150082,5
2024-06-20,0.00047068696988882865,0.00029366509317388,0.00023893545358624735,5
2024-06-21,0.00038086896727607496,0.00032874720088733997,0.00024002139443602652,5
2024-06-24,0.0003488083678281687,0.00035322648186632,0.00024048287759973917,5
2024-06-25,0.0003186004781457372,0.00037368037382944,0.00024103553696500947,5
2024-06-26,0.0003729055885050871,0.00036489331510856,0.00024181343151392833,5
2024-06-27,0.00019658659233224774,0.00037031703510428,0.00024103668904844038,5
2024-06-28,0.000302430765968802,0.00033858638993491616,0.00024088918802812396,5
2024-07-01,0.00036995446599176,0.00034240699232531964,0.00024092047986437617,5
2024-07-02,0.00013955311173433998,0.00035490841302771996,0.0002418478101210356,5
2024-07-03,0.00013850388640318444,0.0003047094678402,0.00024180230127705845,5
2024-07-05,0.00017073951236258378,0.0002750180128286,0.00024190010289616557,5
2024-07-08,0.00017240945263896957,0.00026301699439734,0.00024177923598207564,5
2024-07-09,0.00020871548015677886,0.00026323797883398,0.00024181961101098337,5
2024-07-10,0.00010508218179087171,0.00026809075732874,0.00024204731188734208,5
2024-07-11,0.00044841723995372,0.00024869275898919957,0.00024174043382618938,5
2024-07-12,0.00021980202976717308,0.00029243311693094,0.00024288166189590107,5
2024-07-15,0.00029326878002544,0.0002968508772005,0.0002431218233781271,5
2024-07-16,0.00026333518488504,0.00030615613643946,0.00024350323941936875,5
2024-07-17,0.00028728261099137997,0.00031199219083334,0.00024239721013329715,5
2024-07-18,0.000534270189439,0.0003236450779635,0.00024270800292856988,5
2024-07-19,0.0006493783928088,0.00036535929474372,0.00024304503140849188,5
2024-07-22,0.0002395186617252468,0.00037453744245316003,0.00024440577566113054,5
2024-07-23,0.00019017895391295041,0.00034644483457198,0.00024297248917031167,5
2024-07-24,0.000464279899411,0.00031091036441521997,0.00024270809828510657,5
2024-07-25,0.0013167192558849801,0.00034522251896504,0.00024375652827109026,5
2024-07-26,0.00024114062908582235,0.00043287130309101993,0.0002485553673173981,5
2024-07-29,0.00024120082295373728,0.00041153601850004,0.0002485906703387508,5
2024-07-30,0.0006098819748243201,0.00039212721734024,0.0002479287510016656,5
2024-07-31,0.0004515879171238489,0.0004378158902043,0.0002496296874283478,5
2024-08-01,0.00148405697041644,0.00044307570808143997,0.0002511317334849304,5
2024-08-02,0.00089179821005706,0.00056094531901416,0.0002563439439113665,5
2024-08-05,0.0024115203038982,0.00060494865453438,0.00025851923421388014,5
2024-08-06,0.00099630710291414,0.00072354227091822,0.000267012977450071,5
2024-08-07,0.00075476112272322,0.00075957462097916,0.0002696022936997652,5
2024-08-08,0.00077410627814296,0.0007728512402827001,0.00027154543904062416,5
2024-08-09,0.00019429167942846,0.0007594995561345999,0.00027393779823856566,5
2024-08-12,0.0002516804419734252,0.0005918798577810201,0.0002736218444821853,5
2024-08-13,0.00018410561503404897,0.00050622274960926,0.0002734119648350702,5
2024-08-14,0.00031990423301072,0.00041830359892622,0.0002735480165589296,5
2024-08-15,0.00023380415747190005,0.00040031007985118,0.0002735743933221361,5
2024-08-16,0.000182750981518678,0.00037788365628502,0.00027355547801139715,5
2024-08-19,0.00017913756477214217,0.00034312751928518,0.00027382277060385444,5
2024-08-20,0.00020595486699031312,0.00032425858322568,0.00027380267655826234,5
2024-08-21,0.00012497355959490282,0.00030968690345974,0.00027336408054809126,5
2024-08-22,0.00031695822405810003,0.00028339970608274,0.0002727632365410679,5
2024-08-23,0.00020355384607951342,0.00030967997678796,0.00027307374928826303,5
2024-08-26,0.00034622740182699014,0.0003042231934759,0.0002723001644326848,5
2024-08-27,0.0002640996723344531,0.00032497209763344,0.00027232285333161785,5
2024-08-28,0.0003668565384922,0.00033232333723774,0.00027117639336766167,5
2024-08-29,0.0005369251296235,0.00035647767266712004,0.00027145623089518253,5
2024-08-30,0.00025378922523569417,0.00039731161268286003,0.00027206854245492173,5
2024-09-03,0.0005177682208317999,0.00038711882575469996,0.0002723430738342606,5
2024-09-04,0.00083472345738064,0.00042879401533882003,0.00027399118455559413,5
2024-09-05,0.00033907181573814,0.00047869675285384,0.00027656669687029287,5
2024-09-06,0.00054801763084644,0.00046206557334704004,0.00027725398942112883,5
2024-09-09,0.0002683617031289872,0.00048906929935124,0.0002781376968283912,5
2024-09-10,0.0003222035650354,0.00042179307899694007,0.0002783035934818633,5
2024-09-11,0.0008533808429798201,0.00040941970305391994,0.0002789755489355308,5
2024-09-12,0.00029179246357359946,0.0004513709285883001,0.00028137671710591074,5
2024-09-13,0.0001267544877815737,0.00043209810508452003,0.00028173107516152866,5
2024-09-16,0.00019865296963378077,0.00035789220147012,0.0002808783424629644,5
2024-09-17,0.00014944171648893388,0.00033807660643254,0.0002810825915237074,5
2024-09-18,0.00023999512011534381,0.00031031519428653995,0.00028083387105433096,5
2024-09-19,0.00018524877209370622,0.00031706041817918,0.00028052478504708527,5
2024-09-20,0.00019995691255332346,0.00029693241375066,0.00028062422780223236,5
2024-09-23,0.00015550611736518,0.00029215599847058,0.0002806009354396265,5
2024-09-24,0.00033537675334736,0.00027423088126394,0.0002803598273860164,5
2024-09-25,0.00010798214264400887,0.00029143644245631996,0.0002808980279012868,5
2024-09-26,0.000342517206870188,0.00027144236651302,0.00028060518082027814,5
2024-09-27,0.00019669321750520708,0.0002992762503132,0.00028094956383375113,5
2024-09-30,9.860033246904402e-05,0.00029941002303632,0.0002807641615420015,5
2024-10-01,0.0003990089667059001,0.00026087952023737997,0.0002800000540098783,5
2024-10-02,0.00019991035208859052,0.00029425259222299997,0.00028085757014047343,5
2024-10-03,0.00016170917234640836,0.00029375097184494004,0.0002807817141058539,5
2024-10-04,0.00018529515949616,0.00028482161800942,0.000279225135788446,5
2024-10-07,0.00031832825132512,0.00028131814978588,0.00027947666800711915,5
2024-10-08,0.00014235776010377573,0.00029973115728926,0.0002799804926048738,5
2024-10-09,0.0001932186402974014,0.00028127403993354,0.00027957235852327065,5
2024-10-10,0.00011725937263935545,0.00026690041892213996,0.00027936316076255754,5
2024-10-11,9.681956242781754e-05,0.0002510738006053,0.00027887213516424123,5
2024-10-14,0.000108804649945196,0.0002293111122720899,0.000278688978159826,5
2024-10-15,0.0005269951138497399,0.00022338550801543033,0.00027812499873121853,5
2024-10-16,0.00017752375844351168,0.00026913590929956,0.0002792281550640236,5
2024-10-17,0.00022776711311136107,0.00027247259856311997,0.0002794131299297401,5
2024-10-18,0.00014217274347358064,0.00027771476605736,0.0002784400921500462,5
2024-10-21,0.00012209229521205437,0.00024104600115544116,0.00027789345506640326,5
2024-10-22,0.00013254148371215493,0.00022642087851110015,0.0002767108365764896,5
2024-10-23,0.00032540219659420004,0.00021868509875512169,0.0002762498328839377,5
2024-10-24,0.00011504151342623726,0.00024743087123776003,0.00027594082478891405,5
2024-10-25,0.00014593431793321897,0.00023591386610818002,0.0002758443330369839,5
2024-10-28,0.0001173478863332406,0.00023782967281834,0.00027512227583268887,5
2024-10-29,0.00014831528935353944,0.00021870374187682,0.0002733749332271741,5
2024-10-30,0.00021614063436776586,0.00022178192262728053,0.0002725957701413545,5
2024-10-31,0.00024627180823941035,0.00022914198885265997,0.000272243659503301,5
2024-11-01,0.00019550731024668,0.00024547674860608,0.000272094787690263,5
2024-11-04,0.00014342907868614504,0.00025269790065586,0.00027230371519134907,5
2024-11-05,7.451378233652757e-05,0.0002490978192446,0.00027227731922474025,5
2024-11-06,0.00030579269534608316,0.0002249613375212,0.000271834187014193,5
2024-11-07,0.0001112960568955369,0.00024383068009682,0.0002726258968246794,5
2024-11-08,0.00010109790498744118,0.00021975425069344,0.0002725007142114847,5
2024-11-11,0.00016991060518663567,0.00021201279310375997,0.00027262306472344963,5
2024-11-12,0.00013459105192621616,0.00021992665815698001,0.0002726134173140366,5
2024-11-13,0.00013981156724554396,0.00021965620940742,0.0002725192443745579,5
2024-11-14,0.00017214109763275773,0.0002189000375044608,0.0002726619061313902,5
2024-11-15,0.00027574273374974325,0.00022007080539582,0.0002728546444459438,5
2024-11-18,0.0002723597438252334,0.00023748685808758002,0.0002732162750662562,5
2024-11-19,0.00023309041895492,0.00025367234330114,0.00027365180138622986,5
2024-11-20,0.00026822933783078,0.00025716341445802,0.0002742582951621972,5
2024-11-21,0.00116705655930876,0.00027086007025466,0.00027489269120786953,5
2024-11-22,0.00018294795295296394,0.00034185979451845994,0.0002790263497043075,5
2024-11-25,0.00017054006034012176,0.00033210563063898,0.0002784522417252906,5
2024-11-26,0.0001547287001517887,0.00031574313360362,0.00027875728283717716,5
2024-11-27,0.000249799578264101,0.0002885587138656831,0.0002789655442014853,5
2024-11-29,0.00013383256185205318,0.0002868033668788349,0.00027967399908928854,5
2024-12-02,0.0001279089860818626,0.00026599041523035213,0.00027970155843268316,5
2024-12-03,9.11811862807618e-05,0.0002469289292145882,0.00027937516567935956,5
2024-12-04,0.00019456951216709434,0.00022230564982604002,0.0002793003636745137,5
2024-12-05,0.00013046362771582625,0.00022859458899288,0.00027950083528124024,5
2024-12-06,0.00015523098325026844,0.00022324416050274092,0.000279045224309222,5
2024-12-09,0.00018632139326219113,0.00022779270355066618,0.0002790087048241309,5
2024-12-10,0.0004284972025841704,0.00023372052026501998,0.00027925574222216704,5
2024-12-11,0.00029463700101538,0.00026167290343915596,0.0002805855435237215,5
2024-12-12,9.858445972619098e-05,0.00027860141239552003,0.0002807636022561674,5
2024-12-13,0.00027978106261653706,0.00025471135150485996,0.00028080243660736807,5
2024-12-16,0.00020708134298393755,0.00027287411807306,0.0002813353200525204,5
2024-12-17,0.0002892929781395992,0.00026791425782738,0.0002807830375649952,5
2024-12-18,0.00065025139786786,0.00027927967374694973,0.00028148520775544527,5
2024-12-19,0.0002204255113287269,0.00033633162994264,0.00028294663828559507,5
2024-12-20,0.00051449158406182,0.00033408257706538,0.000283397100122751,5
2024-12-23,0.0001787476517979397,0.00036197633329794,0.00028432373176626196,5
2024-12-24,0.0001224279006892876,0.00032728234159528003,0.0002846617215969753,5
2024-12-26,0.00010032197805867336,0.000288466689254108,0.0002847994826845031,5
2024-12-27,0.00029076655783928,0.0002583044808678204,0.00028503962883598134,5
2024-12-30,0.0002943914062329345,0.00027338980671467994,0.00028592400146527827,5
2024-12-31,0.00011434141937287415,0.00028327852018714,0.0002869598976162855,5
2025-01-02,0.00032858924299090003,0.00026335027412589996,0.00028678124850575043,5
2025-01-03,0.00014589151046314432,0.00027954621866992,0.00028648704509623283,5
2025-01-06,0.00022794630070958,0.00026279247211244,0.000286506186913769,5
2025-01-07,0.00041510450723336,0.00027129950577472,0.00028655610838586396,5
2025-01-08,0.00028068332142244,0.00030660145824188,0.0002876875831099929,5
2025-01-10,0.0004269608167773,0.00032067033062582,0.0002881686580113404,5
2025-01-13,0.0001828125823087236,0.00035458366661308,0.0002885501425114073,5
2025-01-14,0.00029501665774768,0.00032580909686718,0.00028866750818473224,5
2025-01-15,0.00024017634989584926,0.0003295875040111,0.0002880374527613553,5
2025-01-16,0.00020101979591463014,0.00032386197990062,0.0002887211265633255,5
2025-01-17,0.00014220229304374,0.00031177496092716,0.00028850201599448725,5
2025-01-21,0.00072027722298028,0.00028413248784506,0.0002881900267565565,5
2025-01-22,0.00020004979051949342,0.00031442072019202,0.00029052558898036657,5
2025-01-23,0.00021941636081632002,0.00029790694480724,0.00029052261022172437,5
2025-01-24,0.00021190359187262157,0.00029190135718828,0.0002907907220245085,5
2025-01-27,0.00097691390597706,0.00029228482946248,0.00029078728341799007,5
2025-01-28,0.00108551605072122,0.00036010857703786,0.00029292401584340543,5
2025-01-29,0.0003845942890999,0.00043493323987353995,0.00029621552057862026,5
2025-01-30,0.00044910956451989383,0.00045135682121383996,0.00029691460715229053,5
2025-01-31,0.00065613341488482,0.00046286661271171994,0.000298082181030629,5
2025-02-03,0.00041677001340354,0.00050385299633284,0.0003000913682061633,5
2025-02-04,0.00028347741311281996,0.00048639763037787995,0.0003009715474257059,5
2025-02-05,0.00018067934331972545,0.0004341747857961,0.00030156359188150683,5
2025-02-06,0.00014237588815411238,0.00036404979481106,0.00030051630510174695,5
2025-02-07,0.00044799698215842,0.00032080393554436,0.0002999155626511343,5
2025-02-10,0.00017952709715499555,0.00034713892254154,0.0003004450602072893,5
2025-02-11,0.00019940718600607951,0.00032574957201406,0.00030043299494568893,5
2025-02-12,0.00017179632907947016,0.00031684801316416,0.00030085750634045044,5
2025-02-13,0.00020150646552406846,0.00029739452270818,0.000301030350971881,5
2025-02-14,0.0001310037134862334,0.00029431350831334,0.0003006125611267816,5
2025-02-18,0.0003507938075180968,0.00027487243776278,0.00029944716993631924,5
2025-02-19,0.00016131960421055533,0.0002969252337311,0.00029998507910098635,5
2025-02-20,0.00018135644002230825,0.00028860557527928,0.0002999921462078981,5
2025-02-21,0.00036106709586598357,0.00028375057188982004,0.00029995215998404893,5
2025-02-24,0.00038174833788352,0.00031089174150982,0.0002997306821336361,5
2025-02-25,0.00056701505031268,0.00034305242180378,0.0003003198038466652,5
2025-02-26,0.0003437098226521,0.00037667593010278,0.00030153841361417726,5
2025-02-27,0.00066580573554256,0.00038161053711364,0.0003013586890872303,5
2025-02-28,0.00063972046101684,0.0004397842704452801,0.00030341429770288053,5
2025-03-03,0.00092335658017168,0.00047042672054444,0.0003051603729520182,5
2025-03-04,0.00100378839889974,0.00054121085381938,0.00030830330242380253,5
2025-03-05,0.00039178497127174,0.00059040648462084,0.0003117210896318817,5
2025-03-06,0.0006022843550575399,0.00054801157835904,0.000312635456426047,5
2025-03-07,0.00090640550518612,0.000535245365301,0.00031373963891940604,5
2025-03-10,0.0007129402261744,0.00056514414596784,0.0003163945559648376,5
2025-03-11,0.00096904054491702,0.00060391000235666,0.00031840307206826453,5
2025-03-12,0.00041038156659098,0.00065567398022336,0.00032138614314725794,5
2025-03-13,0.00041406102679556,0.0006035773918674,0.00031846253034286163,5
2025-03-14,0.0001605438554047568,0.00057188340499586,0.0003186524260415457,5
2025-03-17,0.00034390490635982,0.00045918522595982,0.0003174302331731021,5
2025-03-18,0.00049184707034526,0.00044664800656878,0.0003180962337938209,5
2025-03-19,0.0004944510952629,0.00044259058817356,0.0003188213613680395,5
2025-03-20,0.00036063746444742,0.00046004729045663996,0.00031972350626366413,5
2025-03-21,0.00017113226507722,0.00044746275499628005,0.0003189836122819749,5
2025-03-24,0.0001757718643431838,0.00039512108176004,0.00031790704274813097,5
2025-03-25,0.00010182390291693907,0.00035428946396064,0.00031800054151862256,5
2025-03-26,0.00031980021741626004,0.00031123840372377997,0.00031758743514836713,5
2025-03-27,0.0002736495648647,0.00033478657550628,0.00031818006196622555,5
2025-03-28,0.00049559262031936,0.0003431208746622,0.0003184325395824634,5
2025-03-31,0.0008766367762007999,0.00037684774877838,0.00031971676747835024,5
2025-04-01,0.00031938945769332,0.00044612445910638,0.0003221586467126587,5
2025-04-02,0.00050513805136874,0.00042866690606266,0.000322928531389168,5
2025-04-03,0.00057692765195106,0.00043739433573611997,0.0003240926630584358,5
2025-04-04,0.0016487459045775802,0.00046556802100338,0.0003258719998230619,5
2025-04-07,0.0052643751752127,0.00059355164009234,0.00033192314440615243,5
2025-04-08,0.00276417496797202,0.00083818227729972,0.0003517499224002325,5
2025-04-09,0.0033753459105679605,0.00110924204415592,0.0003619455148526944,5
2025-04-10,0.00240909565729486,0.00122715226544516,0.0003750289214302212,5
2025-04-11,0.0006134041139999,0.00138760795395352,0.000383201100667073,5
2025-04-14,0.00063994321487574,0.00115420198750818,0.0003850627686816374,5
2025-04-15,0.00036675104282991996,0.0010587543103732998,0.00038657514276892413,5
2025-04-16,0.00087110885915496,0.0008246690837924401,0.0003871685994999263,5
2025-04-17,0.00041527552254106,0.0008418362309100199,0.00038904673457495576,5
2025-04-21,0.0005115722149056799,0.00073442076064126,0.0003898572208924367,5
2025-04-22,0.00055931549337334,0.0006837619062554201,0.00039091350887405986,5
2025-04-23,0.00037479883595812,0.0006325254773349,0.0003918174697473624,5
2025-04-24,0.00027887746811152,0.0005797882509981399,0.00038966958581404304,5
2025-04-25,0.00036680671994593816,0.0005192280161555801,0.0003891789020743822,5
2025-04-28,0.00040504162181090005,0.00046696492300076,0.0003898188133130271,5
2025-04-29,0.00020071376751068,0.00048467420955364,0.0003901412883477567,5
2025-04-30,0.00039424713592362004,0.00044051235451102004,0.0003887558317565596,5
2025-05-01,0.00028243069989426,0.00044926226716782,0.0003889514446226305,5
2025-05-02,0.00025851136934084004,0.0004354103268180001,0.00038918395900932955,5
2025-05-05,0.00020218499175022115,0.00041372867813833995,0.0003888136508246495,5
2025-05-06,0.00025021237597185996,0.00038633680992872,0.00038697505352348904,5
2025-05-07,0.00101392860969408,0.00037417598086316,0.00038714926633583396,5
2025-05-08,0.00027788279948530003,0.00042162964678402003,0.0003903275118120449,5
2025-05-09,0.00016487087618216,0.00042260436779768004,0.0003907504832126742,5
2025-05-12,0.00023509802653028,0.00038611554491532,0.00039058764773746704,5
2025-05-13,0.00042146742017672,0.00038048765926864,0.00039105809622279737,5
2025-05-14,0.00023836223299502122,0.0003931002281437199,0.00039203131766958713,5
2025-05-15,0.00024369236987432003,0.0003707432412845,0.0003921273687401557,5
2025-05-16,0.00013275038844028723,0.00036612293428816,0.0003924149239462746,5
2025-05-19,0.0001380719402013981,0.00033308431658289996,0.00039228483770086464,5
2025-05-20,0.00016936626217802233,0.00030801736192847997,0.000391990637225225,5
2025-05-21,0.0006479286132501001,0.00028823076408932,0.00039225919429702915,5
2025-05-22,0.0002634053703995594,0.00034042488245670003,0.00039433438972068046,5
2025-05-23,0.00017105787683258702,0.0003300161459646,0.0003947109100924277,5
2025-05-27,9.917349823323003e-05,0.00032108828792822,0.00039499762376514496,5
2025-05-28,0.00011330258768908583,0.00028528640089998003,0.0003947476851650168,5
2025-05-29,0.0002838333234907,0.00026637418560478,0.00039382083994053305,5
2025-05-30,0.00044079147791410006,0.00029228848984554003,0.0003943010549705985,5
2025-06-02,0.00010551991506536039,0.00033132939074074,0.00039529161439802034,5
2025-06-03,0.0001581651580476292,0.0002833069596077,0.0003946287425163157,5
2025-06-04,0.0001254369069441556,0.00027565784885548,0.00039423207766447945,5
2025-06-05,0.00026804476017754,0.00026538416202838,0.0003928863870851661,5
2025-06-06,0.00011228869884965555,0.0002831802168453,0.000393146810104922,5
2025-06-09,0.00017770444504647698,0.00025780932113111997,0.00039312026008819274,5
2025-06-10,0.00030412388778114,0.0002609578434096,0.0003929657724357949,5
2025-06-11,0.0002045472109005,0.00026144989355618,0.000392671468991055,5
2025-06-12,6.620919177542592e-05,0.00027115935825196004,0.00039284321032615323,5
2025-06-13,0.00018856483052090002,0.00023477149798864,0.0003916214165284619,5
2025-06-16,9.841785255835234e-05,0.00024368644342045997,0.00039123195840587156,5
2025-06-17,8.982755913202766e-05,0.0002211287732907,0.0003894651307012054,5
2025-06-18,0.0001761934899676318,0.00021226337263406003,0.00038905785752069215,5
2025-06-20,0.00033760603480697995,0.00021646022240286001,0.0003888333245246025,5
2025-06-23,0.00025631254287308754,0.00024245247684052002,0.0003890881543214335,5
2025-06-24,9.758695345132909e-05,0.00025194407761393995,0.0003893002874481004,5
2025-06-25,0.00018203991627881999,0.0002326675933197,0.00038781973182731665,5
2025-06-26,0.00016146912893940366,0.00023692466874239998,0.0003870307276566928,5
2025-06-27,0.00026447901574124,0.00023507002375370003,0.00038628731797856283,5
2025-06-30,0.00029621736742157606,0.00024800041023574,0.0003860725502706086,5
2025-07-01,0.00029286184177634004,0.00026464469719434,0.0003857682319329756,5
2025-07-02,0.0001461545686487682,0.00027368508212899996,0.000386150276573627,5
2025-07-03,0.00011084170315437457,0.0002608352048324,0.000385530132933468,5
2025-07-07,0.00017931107320555726,0.00023995451212986,0.00038450190768411324,5
2025-07-08,0.0001630466494346604,0.00023906415955938002,0.000384659677372491,5
2025-07-09,0.00023707053159724,0.00022626788161165997,0.00038475706928928265,5
2025-07-10,0.00016685212404569054,0.00022992492279533998,0.000385020287619579,5
2025-07-11,0.00020945275702591073,0.00023002761430628,0.0003849982347283359,5
2025-07-14,0.00016578889476068416,0.00023465189418498002,0.00038500116043019755,5
2025-07-15,0.00013547197241445228,0.00023861320613026,0.0003852420600848398,5
2025-07-16,0.00011528356970162111,0.00023407007857788,0.0003840002137850809,5
2025-07-17,0.00013294849061180322,0.00022595534648903998,0.00038358545799117003,5
2025-07-18,0.00015949757398212036,0.00021772795641743998,0.0003829492663665126,5
2025-07-21,0.0001439309000523231,0.00021597479389528002,0.00038253721235499314,5
2025-07-22,0.0002627527014855709,0.00021252387188336,0.00038196835635920316,5
2025-07-23,9.664733403994604e-05,0.00022329596357577997,0.0003808909060101814,5
2025-07-24,0.00022545702168553757,0.00021163313538204,0.00037869752879284463,5
2025-07-25,5.4132899414452234e-05,0.00021138550095377997,0.00037864172863395686,5
2025-07-28,0.00010554142715624272,0.0001868422252528955,0.0003781018633383279,5
2025-07-29,0.00011732363305612366,0.00018322172082069812,0.0003766782979722374,5
2025-07-30,0.00010342472433437611,0.00018399737940826,0.00037191879153244045,5
2025-07-31,0.00023798911992634368,0.00018234130767276,0.0003713722998469187,5
2025-08-01,0.00049918721034838,0.00019851172346664,0.0003713595549936354,5
2025-08-04,0.00020006844745353472,0.00023801109918228,0.0003709202900552389,5
2025-08-05,0.00016951252659668,0.00023877016621674,0.0003699221969216265,5
2025-08-06,0.00025097433829063845,0.00023293233956336,0.00036470575071599257,5
2025-08-07,0.00022746714955736,0.00023570037093005998,0.0003621627988439034,5
2025-08-08,0.0002704305296800417,0.00023764278601762,0.00035349592124731265,5
2025-08-11,0.0001398617442696156,0.00024196606701912,0.00035061545865511386,5
2025-08-12,0.00020750290271512,0.00023070398064108,0.0003481753817564883,5
2025-08-13,0.0002390937463778431,0.00023000568990145997,0.00034592695566352074,5
2025-08-14,0.00019827300241402,0.00023408488031094002,0.0003461047416434786,5
2025-08-15,0.00019686469521966,0.00023445646231834002,0.00034589280735951257,5
2025-08-18,7.801112317133372e-05,0.0002360716331565,0.00034594343863009056,5
2025-08-19,0.0002264806640413268,0.00021011223322154002,0.0003449835453370769,5
2025-08-20,0.00036783588295717065,0.0002194635938165,0.0003449544838552097,5
2025-08-21,0.00011141813329753345,0.00024007267575832,0.0003456889477498069,5
2025-08-22,0.00033013548401153133,0.00022633142648046,0.00034542021984712996,5
2025-08-25,0.00023070997530051963,0.00023856516977598,0.00034591300007340476,5
2025-08-26,0.0001138222421479981,0.0002458292569765,0.0003463325890246177,5
2025-08-27,8.601846460938441e-05,0.00023226672877666002,0.00034552649385830757,5
2025-08-28,0.00031776069942663997,0.00021070254425498,0.00034506008361437845,5
2025-08-29,0.00013199963988781105,0.0002308531569785,0.0003449471205096151,5
2025-09-02,0.00026083879156698,0.00022314119577774,0.0003444229140316522,5
2025-09-03,0.0001593361777318733,0.00023934266992344002,0.0003440022086867108,5
2025-09-04,0.0001270944068445425,0.00023264092703092001,0.0003425038398299978,5
2025-09-05,0.000172426153379978,0.00021578883856124,0.00034200108261415974,5
2025-09-08,0.00015310871560956,0.00021910875919475999,0.000340630677584589,5
2025-09-09,0.00017563707274833839,0.00022078679659151998,0.00033792585718073556,5
2025-09-10,0.00018554922010287575,0.00022337808400953998,0.0003372773066133157,5
2025-09-11,0.00024752861236402863,0.00022786410873582003,0.00033583893990401576,5
2025-09-12,0.00014342743679037127,0.00022572492368156004,0.00033575626890891666,5
2025-09-15,0.00020203604998927997,0.00021856544290532,0.0003350468398285792,5
2025-09-16,0.00011051509301320413,0.00022301899214408,0.00033246213826909285,5
2025-09-17,0.00021617090702525862,0.00021062896773561997,0.0003317427836240118,5
2025-09-18,0.00017954576818088,0.00021733948656872004,0.00033209761068450264,5
2025-09-19,0.0001573254598193,0.00022478638171536002,0.0003320217884565151,5
2025-09-22,0.00023747369113668888,0.00022286567739962,0.0003320530731522706,5
2025-09-23,0.00019261649357615968,0.00022608734624728,0.00033204306748172037,5
2025-09-24,0.00016411557217315998,0.000233228059526,0.0003320723044717301,5
2025-09-25,0.00029109953619530003,0.00023639749716442,0.00033193007693053895,5
2025-09-26,0.0001440671330901712,0.00025281587335259997,0.00033246814605288066,5
2025-09-29,0.0002484533369049695,0.0002448164697649,0.0003317089808931299,5
2025-09-30,0.00018777909174645758,0.00024006995252925998,0.0003322664062671815,5
2025-10-01,0.00021140225801018572,0.00024036456576406002,0.0003316523661278018,5
2025-10-02,0.00017408615581288,0.00023873756300408,0.00033171073533615496,5
2025-10-03,0.00019021241191284,0.00023585795866074003,0.0003320102822541861,5
2025-10-06,0.00018612559360192,0.0002402054288466,0.0003311817244970708,5
2025-10-07,0.00015282831183357722,0.00023875969566586,0.00033112702307450456,5
2025-10-08,0.00010728570631190617,0.00023203329235176002,0.000331091781564533,5
2025-10-09,0.00021589628988258648,0.000210367582107712,0.00033078222024237317,5
2025-10-10,0.00069687761688234,0.00021847322496903999,0.0003303757442049027,5
2025-10-13,0.00014406961121942794,0.00027100302592048,0.00033257621982704,5
2025-10-14,0.00023169146927098,0.00025941628856774,0.0003323811839973655,5
2025-10-15,0.0002594560601420643,0.00025569498205142,0.0003328352796189197,5
2025-10-16,0.00027604858506933996,0.00026453158071962,0.00033348066254635717,5
2025-10-17,0.00018296726450626,0.00026985680095562,0.00033414432895558,5
2025-10-20,0.00018641761273170064,0.00026189755336474,0.00033277913907723276,5
2025-10-21,0.0002585212837697881,0.00025337661377348,0.0003328144321498051,5
2025-10-22,0.00039854226566384004,0.00024182638751066,0.0003329364725095608,5
2025-10-23,0.00011548965571603498,0.00027305394301558,0.0003339538118833318,5
2025-10-24,0.00014756474748502758,0.0002477183315057,0.0003339276109329507,5
2025-10-27,9.857410085150152e-05,0.00023996314860908,0.0003339872270590336,5
2025-10-28,0.0003166039759391069,0.00022210391679178,0.000333087115567991,5
2025-10-29,0.00024035018841880827,0.00023253160951248,0.0003338869666097088,5
2025-10-30,0.0002202458445554,0.00024627665217266003,0.0003342616327624295,5
2025-10-31,0.00029363163543346,0.00025456235451646,0.00033466995799347,5
2025-11-03,0.00039626525286916,0.00026884790258826,0.0003352466101604539,5
2025-11-04,0.00023419564973616993,0.00028424196226266003,0.0003359613903926025,5
2025-11-05,0.00033478401255376,0.0002762100892652,0.0003359134691287008,5
2025-11-06,0.00039032971671678,0.00029369433481890003,0.00033646615445531616,5
2025-11-07,0.00045465312502488006,0.00032000306697534,0.00033744591889194573,5
2025-11-10,0.0002667375462401,0.00034989922372051995,0.00033895440834705857,5
2025-11-11,0.00011184712079503661,0.00034410615265332,0.000338799427596638,5
2025-11-12,0.0002317841644595327,0.00029615462797964005,0.000338801614358144,5
2025-11-13,0.00026151075041556,0.00028813953761636004,0.0003393202106258905,5
2025-11-14,0.00040565774500658,0.000293022693208,0.00033968370326568795,5
2025-11-17,0.00031344621694151997,0.00031609556331611995,0.00034075936474616567,5
2025-11-18,0.0005002230142438599,0.00031664024800224,0.00034144839113384813,5
2025-11-19,0.00058730760214144,0.00033688977498808,0.0003427503035013526,5
2025-11-20,0.0006607846096272401,0.0003590085347005,0.0003439866720267166,5
2025-11-21,0.00068964034778192,0.00041832706744834,0.0003455280405418039,5
2025-11-24,0.00039724363917762004,0.00046019688268156,0.0003473397466085777,5
2025-11-25,0.00046751837811733995,0.00045569687756844,0.0003478517081218587,5
2025-11-26,0.00017025935008803628,0.00046295092542726,0.0003450757629584007,5
2025-11-28,0.0001395374073150187,0.00040588519648556006,0.00034502541135973035,5
2025-12-01,0.00020007110871656,0.0003382151039342,0.000344902384958837,5
2025-12-02,0.0002259253328886619,0.00032104853193385996,0.0003450823151515544,5
2025-12-03,0.0002824040198594287,0.00030935910315025997,0.00034498757608260425,5
2025-12-04,0.0002342525969825,0.00030240968561188,0.00034557714536041144,5
2025-12-05,0.0005384580154553354,0.00029982429855112,0.0003459991438163664,5
2025-12-08,0.0003161365366920594,0.00029241035299452,0.0003477740518686464,5
2025-12-09,0.0001032649636242994,0.00030311165480756,0.0003482564606961265,5
2025-12-10,0.00018668747027729453,0.00027003645119054004,0.00034814852948941407,5
2025-12-11,0.00028512822928144,0.00026681375155122,0.0003482733568188864,5
2025-12-12,0.00028262482454643974,0.00027934463362278,0.0003486654474380104,5
2025-12-15,0.00018891495278882,0.00029068427498734,0.0003480865887950036,5
2025-12-16,0.00015414504376752046,0.00029080409316078,0.0003476670568575965,5
2025-12-17,0.00020597774422765288,0.00027595600353576,0.00034788753536569704,5
2025-12-18,0.00023296702649521997,0.00028205625634732,0.0003475946650546301,5
2025-12-19,0.00015461878270248,0.00028893553621144,0.0003476973860209449,5
2025-12-22,8.089989243211834e-05,0.00027518724760184,0.0003471629646104803,5
2025-12-23,0.00014087086285683494,0.00024099653009227996,0.00034490363323970343,5
2025-12-24,4.873231803868238e-05,0.000231966787671,0.00034458794019021175,5
2025-12-26,9.512651736312983e-05,0.00020326200583763998,0.0003427396891345642,5
2025-12-29,6.064024838652609e-05,0.00019627806993945156,0.00034240785923601326,5
2025-12-30,4.8127896991830187e-05,0.00018496781890664342,0.0003421626701395737,5
2025-12-31,6.259164277906646e-05,0.00016802759587896616,0.0003419555507702607,5
