date,actual,predicted,reference,count
2019-01-02,0.0016590149125891938,0.0013591584426183394,0.0008719544313984251,2312
2019-01-03,0.0013200467082338837,0.00143338765424325,0.0008747302542307954,2310
2019-01-04,0.0012257492572536556,0.0013489340906127456,0.0008770947290603912,2311
2019-01-07,0.0012763419813249398,0.0012893215082061622,0.0008788564550009698,2312
2019-01-08,0.0011096298101690497,0.0012479345351311807,0.0008795231843486464,2311
2019-01-09,0.0009160945162766688,0.0011768559252226427,0.0008845140058212984,2311
2019-01-10,0.001097606065577945,0.001115710108457045,0.0008870410944809416,2310
2019-01-11,0.0007705333089428743,0.0010917109834210372,0.0008856460549137531,2306
2019-01-14,0.0009522990106626036,0.0010024271381377278,0.0008862452628304839,2305
2019-01-15,0.0010083278681917915,0.0010478494860228066,0.0008871246116308532,2305
2019-01-16,0.0008360363267371493,0.0010115149212955824,0.0008886780626093454,2305
2019-01-17,0.0008654310448940728,0.0009480910663420272,0.0008882281618976626,2306
2019-01-18,0.0008286761703436622,0.000951324883391523,0.0008862849001909861,2303
2019-01-22,0.000833768809510105,0.0009176100423837116,0.0008872908058488129,2303
2019-01-23,0.0009067267591677651,0.0009422500027899389,0.0008882028264894485,2303
2019-01-24,0.000811101685360674,0.0009379685042470207,0.0008889263697754347,2301
2019-01-25,0.0006476522087289924,0.0009271993369320803,0.0008900165742509573,2300
2019-01-28,0.0008003331511021161,0.0008872954954482715,0.0008870366749984959,2299
2019-01-29,0.0006476748315653406,0.0009103194542597236,0.0008881773867071678,2298
2019-01-30,0.0007317275728733403,0.0008596517418757457,0.0008895250019178184,2296
2019-01-31,0.0009895228182579237,0.0008545672275806133,0.0008903878187944608,2295
2019-02-01,0.0007349505555111077,0.0009014885032808196,0.0008914456707731453,2292
2019-02-04,0.0006692993451155923,0.0008612861602036602,0.0008927591282229512,2287
2019-02-05,0.0006575976837460916,0.0008320420968229672,0.0008934977201153552,2286
2019-02-06,0.0006229522760681805,0.0008006120829285173,0.0008922887052240998,2287
2019-02-07,0.0008279164525916244,0.0007763988149951366,0.0008893568915195545,2288
2019-02-08,0.0008942431271312888,0.0008184641695443105,0.0008811644964102799,2291
2019-02-11,0.0006448745042559179,0.0008257969304925119,0.0008806114132890049,2291
2019-02-12,0.0006595046849903088,0.0007854723236455914,0.0008804093884527513,2290
2019-02-13,0.0006488490879797695,0.0007689932716026535,0.0008765704234425605,2290
2019-02-14,0.0007681102767537172,0.000789731316795729,0.0008756879339301205,2290
2019-02-15,0.0007462041837078446,0.0007673994841992476,0.0008767396050925155,2293
2019-02-19,0.0007476011213258975,0.0007590831405703933,0.0008766286217261939,2294
2019-02-20,0.0007346260080702736,0.0007878062132514609,0.0008768407904773087,2292
2019-02-21,0.0006262539175482933,0.0007607054087896855,0.0008766284581529194,2294
2019-02-22,0.0006852913251461925,0.0007286268599393412,0.0008762615440077753,2296
2019-02-25,0.000650326862122496,0.0007012047409042079,0.0008762733795872592,2295
2019-02-26,0.0006902972855110843,0.0007210101477689655,0.0008764221256754368,2292
2019-02-27,0.0006826474743561094,0.0007168652367774218,0.0008815436985160894,2293
2019-02-28,0.0006902191194708407,0.0007129211992058809,0.0008824427933163199,2291
2019-03-01,0.0006706213213395726,0.0007086621712118142,0.0008822074624472937,2291
2019-03-04,0.0009898402356443496,0.000703760220533537,0.0008812796216808768,2292
2019-03-05,0.000662880404838657,0.0008028020071910585,0.0008797936285484827,2294
2019-03-06,0.0007636804421773694,0.0007511589574231919,0.0008812770176338869,2293
2019-03-07,0.0009659289327674832,0.0008040779980751086,0.000880395510175544,2296
2019-03-08,0.0011659330755505058,0.0008666523944584283,0.0008820681844201744,2292
2019-03-11,0.0008147234218089007,0.000854375261042699,0.0008837157311928463,2292
2019-03-12,0.0006233101220363512,0.0008224206289399798,0.0008839131571524455,2291
2019-03-13,0.0007260410057693248,0.000763018334905328,0.0008839787904406765,2293
2019-03-14,0.0007303243061830686,0.0007351107703852632,0.0008836864379403919,2293
2019-03-15,0.0008123924019962552,0.0007550440475650226,0.0008841012291482015,2292
2019-03-18,0.0008624764920940655,0.0007315591945377117,0.0008844194827735996,2292
2019-03-19,0.0007234525981949849,0.0007319834094054784,0.0008832895798493818,2294
2019-03-20,0.0007650627031823513,0.0007294636429581679,0.0008826561313036652,2292
2019-03-21,0.00065010845410504,0.0007485327976775993,0.0008826251431790864,2292
2019-03-22,0.0007162025476973134,0.0007260100724114055,0.0008632313612127159,2290
2019-03-25,0.0008346360330920253,0.0007985298913306216,0.0008647657681688797,2298
2019-03-26,0.0006284853300730643,0.0007929504744084888,0.0008645303291823625,2296
2019-03-27,0.0007472902884881771,0.0007638512900354292,0.0008621649207594883,2293
2019-03-28,0.0006411713276889556,0.000777654062622227,0.0008611492001674702,2295
2019-03-29,0.000657935939221867,0.0007099071316104336,0.000858227011577049,2293
2019-04-01,0.0006944649770069909,0.0007022300380858111,0.0008587259043399425,2293
2019-04-02,0.0005486039039457024,0.0007099755142662669,0.0008599542426864768,2296
2019-04-03,0.0005464149806049687,0.0006784293432617211,0.0008568926551741828,2296
2019-04-04,0.0005573796229047143,0.0006631356633970537,0.0008570057772011425,2297
2019-04-05,0.0007225506501516228,0.0006474440270167466,0.0008567844596179044,2297
2019-04-08,0.0005909815485981467,0.0006535516050290223,0.0008570983485953686,2296
2019-04-09,0.000550887329633916,0.0006389592366384962,0.0008564500069279912,2294
2019-04-10,0.000601510447573483,0.0006310555701045839,0.0008553025084063907,2292
2019-04-11,0.0005507494583319041,0.0006344775303831432,0.0008554115738578922,2291
2019-04-12,0.0005159791261329589,0.0006145653781594008,0.0008581772174212141,2292
2019-04-15,0.0005896991412083693,0.0006149142723980206,0.0008591484013185825,2292
2019-04-16,0.0006423826860158986,0.0006177818257572048,0.0008600673568668432,2292
2019-04-17,0.0007195136792271727,0.0006428044627554656,0.0008622629626560571,2291
2019-04-18,0.0006178015232291449,0.0006903304801902781,0.0008596841918822219,2290
2019-04-22,0.0005852617043474188,0.0006439330020219785,0.0008598307723625077,2290
2019-04-23,0.000611628706478084,0.0006236140263486136,0.0008599078034895577,2291
2019-04-24,0.0006123830411972072,0.0006259653901226958,0.0008637482862524646,2290
2019-04-25,0.0007835807154803236,0.0006227686311769465,0.0008599373818435396,2298
2019-04-26,0.0005637423964568515,0.0006411424759345004,0.0008514472113677365,2296
2019-04-29,0.0005704766996239773,0.0005909461983515008,0.000852064120899813,2298
2019-04-30,0.0006329221557745348,0.0005907909095118231,0.0008552301359064,2298
2019-05-01,0.0007389110450661976,0.0006166831286069951,0.0008548295378705388,2297
2019-05-02,0.0009101221762635673,0.0006492982197431961,0.0008548183095715479,2297
2019-05-03,0.000678966861019106,0.0006778948606033412,0.0008528057151286723,2295
2019-05-06,0.0007798079678975586,0.0006447929772137379,0.0008521784828692147,2296
2019-05-07,0.0008197447707642429,0.0006568998589594713,0.0008503423194404849,2296
2019-05-08,0.0007319252282517213,0.0006631699749507898,0.0008470129389794529,2298
2019-05-09,0.0009774042599621684,0.0006564529820417923,0.0008444011768622142,2297
2019-05-10,0.0008015442257279472,0.0007011952943325318,0.0008436417500079136,2290
2019-05-13,0.0008049526025416585,0.0006728688085457787,0.0008416841322458822,2289
2019-05-14,0.0007625829473475898,0.0007221959446178553,0.0008408591910206055,2289
2019-05-15,0.00060882727703954,0.000682011895769489,0.000843008596157824,2291
2019-05-16,0.0005982283250146545,0.0006571617312223896,0.0008430337361251012,2290
2019-05-17,0.0006880930860571975,0.0006487142297313401,0.0008436597672068869,2287
2019-05-20,0.0006467276071988095,0.0006703880070792294,0.0008447909759083541,2286
2019-05-21,0.0006163666108680302,0.0006518136867397441,0.0008451750825620904,2289
2019-05-22,0.000642891328264723,0.0006407568885083276,0.0008458714489999472,2289
2019-05-23,0.0007807644938851526,0.0006707039620575246,0.0008476142941165254,2291
2019-05-24,0.0006150867654353237,0.0007142910037340277,0.0008475365194675201,2294
2019-05-28,0.0006020371363581791,0.0006668508398387252,0.000847456921267863,2292
2019-05-29,0.0006517434142090149,0.0007073180149307135,0.0008477367368491076,2292
2019-05-30,0.0008263858449410213,0.0006980806256661254,0.000847555386610447,2294
2019-05-31,0.0007478097477479888,0.0007248753206909699,0.0008492777150708713,2297
2019-06-03,0.000904743723296676,0.0007203293532099147,0.0008489506428066168,2298
2019-06-04,0.0007958525603745731,0.000755723112780157,0.0008494767535802799,2298
2019-06-05,0.0010109158939390114,0.0007255010401411306,0.0008552091427237249,2298
2019-06-06,0.0008515029198470291,0.0007869554432368815,0.0008517333217964695,2296
2019-06-07,0.0006669933385623274,0.0007874102840059869,0.0008524057214215553,2295
2019-06-10,0.0007789921201945033,0.0007162367891751934,0.0008528676534969013,2296
2019-06-11,0.0009647000528310741,0.000731968560388408,0.0008527039914323519,2296
2019-06-12,0.001109907080355122,0.0007764398879768597,0.0008506140199640705,2291
2019-06-13,0.0006035643256343356,0.0008028768721704027,0.0008509116461491293,2293
2019-06-14,0.0005913544714287833,0.0007041368401425865,0.0008489775340053862,2291
2019-06-17,0.0008103209402850481,0.0006974962746038732,0.0008486399462780691,2289
2019-06-18,0.0007491695735812282,0.000714979586813475,0.00084923360827588,2289
2019-06-19,0.000606121208003217,0.00069829044945459,0.0008504266346069222,2287
2019-06-20,0.0007822599557572082,0.0006801026669180435,0.0008528375445295434,2291
2019-06-21,0.0006844570083960405,0.00070314368821278,0.0008506184809811626,2294
2019-06-24,0.002625240882996407,0.0007154720878485921,0.0008526144349900181,2295
2019-06-25,0.0012024945416346437,0.0007577622451322503,0.0008521053114891495,2296
2019-06-26,0.0008438254316578036,0.0007893640455955206,0.000851743597124495,2294
2019-06-27,0.000683034216111804,0.0008018141591853176,0.0008504859883385409,2289
2019-06-28,0.0007692614663620307,0.0007103050678181589,0.0008506244663254555,2291
2019-07-01,0.0007926848968658844,0.0007071223755912406,0.0008496854095581187,2294
2019-07-02,0.000708756403113114,0.0007076183794396277,0.000849047270788635,2294
2019-07-03,0.0004707572786997614,0.0007165095793065898,0.0008485679115618884,2293
2019-07-05,0.0004547895086325895,0.0006264817510343829,0.0008500414912826208,2290
2019-07-08,0.000558326917986543,0.0006132825041436266,0.0008489853758300534,2287
2019-07-09,0.0005394383639991391,0.0006135864977333585,0.0008487944117535244,2287
2019-07-10,0.0005876223711274702,0.0006023091432872786,0.0008473200726698937,2286
2019-07-11,0.0006255414931645841,0.0006139150921751737,0.0008473693089593475,2289
2019-07-12,0.000491712521434993,0.0006236249344415155,0.0008419881165626854,2289
2019-07-15,0.0006909667006377582,0.0005934751623387822,0.0008427044731788786,2290
2019-07-16,0.0006270376529259204,0.0006565535357056106,0.0008439102550926749,2288
2019-07-17,0.0005885441503858275,0.0006603711247760668,0.0008451320015746648,2289
2019-07-18,0.0006481912304132785,0.0006372996019071635,0.0008456142776208505,2288
2019-07-19,0.0007659650683628492,0.0006504368864361224,0.0008467723479881055,2286
2019-07-22,0.0006874736652097498,0.0006676572819630962,0.0008447262369882115,2288
2019-07-23,0.000547113988238538,0.0006590367077849578,0.0008452094409188084,2289
2019-07-24,0.0006310107635369986,0.0006237146997296325,0.0008474712143058164,2289
2019-07-25,0.0007079892344640826,0.0006245176799792735,0.0008465293816319546,2290
2019-07-26,0.0006203474965426641,0.0006401478282336534,0.0008258521346816021,2289
2019-07-29,0.0006865554875704581,0.0006016088594661592,0.0008268056861029604,2287
2019-07-30,0.0008287300367864783,0.0006511002843186085,0.0008287987924148645,2287
2019-07-31,0.0009038262737459144,0.000658309284346426,0.0008293868343847987,2288
2019-08-01,0.0013386548647293256,0.000700096375245689,0.0008277072042436486,2286
2019-08-02,0.001051523275144357,0.0008417092391598466,0.0008265858365827291,2290
2019-08-05,0.0010448520561506496,0.000805526687133223,0.0008273073854959178,2292
2019-08-06,0.001098335470665219,0.0008663944268981829,0.0008271026516265664,2293
2019-08-07,0.0012738232632042022,0.0008611473519934865,0.0008266739248813459,2292
2019-08-08,0.0009544477944890909,0.0008582787849266383,0.0008279444369341551,2293
2019-08-09,0.0008986794784807965,0.0008231884113440799,0.0008268962971167612,2289
2019-08-12,0.0008332547035978016,0.0008197966996262801,0.0008274399624906267,2292
2019-08-13,0.0013088527277607476,0.0007969860319172562,0.0008219870539883507,2292
2019-08-14,0.0009589316360886943,0.000789939539016544,0.0008223399144206703,2290
2019-08-15,0.0010661250860736847,0.0008511528486236744,0.0008243762837312733,2291
2019-08-16,0.0007420684310280031,0.0008873136080786507,0.0008245021232045164,2292
2019-08-19,0.0009441693676294086,0.0007796285140888551,0.000820455823576747,2292
2019-08-20,0.0006564350062039465,0.0008076192165646662,0.0008205966822819563,2292
2019-08-21,0.0007302639194885109,0.0007323955891328513,0.0008206235764748622,2292
2019-08-22,0.0005842362522090718,0.0007186656271639851,0.0008209554523017027,2294
2019-08-23,0.0008524667639692309,0.0006974824883738875,0.0008217683344579765,2293
2019-08-26,0.0007192227598165071,0.0008244113479610575,0.0008238810479478626,2291
2019-08-27,0.00105695165367871,0.0007679266199011323,0.0008260763512376099,2289
2019-08-28,0.0007660848969102908,0.0008429953363792087,0.0008274970231329059,2292
2019-08-29,0.0006323095347449776,0.0007558979102989067,0.0008279821132403341,2292
2019-08-30,0.0006408462563815638,0.0007129375015849119,0.0008303489256268621,2291
2019-09-03,0.0008411588027255033,0.0007057464220310448,0.0008350556020819555,2290
2019-09-04,0.0006415715795014651,0.0007648691066273264,0.0008377500564858975,2294
2019-09-05,0.0007967054176853561,0.0007061850583246777,0.0008383162574555274,2296
2019-09-06,0.0006432293936122015,0.0007129137746322283,0.0008385981638424651,2295
2019-09-09,0.0007576862554629374,0.0006998494695087825,0.0008387317977602698,2295
2019-09-10,0.0010661238961091422,0.0007548718851948529,0.0008397000902054179,2293
2019-09-11,0.0008739575777087561,0.0007780272948151332,0.0008404725736860385,2291
2019-09-12,0.0008393465682890005,0.0007526353160432355,0.0008411004140408534,2293
2019-09-13,0.0007235522668402305,0.0007512763834929153,0.0008407956755995978,2293
2019-09-16,0.0007980026399680484,0.0007432335944100847,0.0008405795327851307,2293
2019-09-17,0.0006713599408851155,0.000753989652456206,0.0008416948227397794,2290
2019-09-18,0.0006579357236411932,0.000722302077324863,0.0008428652197920946,2291
2019-09-19,0.0006376914816712263,0.0006998727685125181,0.0008447680350703656,2294
2019-09-20,0.0006262789309941258,0.0007000358907032489,0.0008449624867725665,2297
2019-09-23,0.000566482987496264,0.0006875298621808261,0.0008469059062498743,2298
2019-09-24,0.000983164268286313,0.0006739383542828042,0.0008472292961687935,2300
2019-09-25,0.0006497776605620068,0.0007669965690212515,0.0008471226616922916,2300
2019-09-26,0.0006524440181593161,0.0007127992725766703,0.0008476823948579429,2297
2019-09-27,0.0007756489438264409,0.0007162891673526306,0.0008443906395578928,2298
2019-09-30,0.0009129600475659089,0.0007662303329889562,0.0008460134391933239,2297
2019-10-01,0.0009930818860851057,0.0009028409791706025,0.0008471654416735961,2296
2019-10-02,0.0008630160221964687,0.0008794609720412024,0.0008478055025623263,2296
2019-10-03,0.0008832464263068478,0.000823632994632647,0.0008494753921746523,2298
2019-10-04,0.0006462281000090114,0.0007924126738056313,0.0008484740716646616,2295
2019-10-07,0.0006910861505113712,0.0007328180061083516,0.0008477841266815298,2297
2019-10-08,0.000761489420269389,0.0007302633806296482,0.0008496319219707797,2297
2019-10-09,0.0006526262703028066,0.000773700757676767,0.0008511254725071453,2298
2019-10-10,0.0006483559052360446,0.0007531125339404705,0.0008500269831149151,2297
2019-10-11,0.0006830687343849327,0.0007152286331734995,0.0008498437420607886,2295
2019-10-14,0.0006820678505832204,0.0007254369509637169,0.0008439567872015297,2292
2019-10-15,0.0007971672856654717,0.0007216325734637701,0.0008423772604261532,2293
2019-10-16,0.0010435152120403515,0.0007535776185308707,0.0008416248718887281,2291
2019-10-17,0.000750615734204618,0.0008023317498779713,0.0008397736646992026,2291
2019-10-18,0.000590062155326886,0.0007493121318074317,0.0008390547090947328,2287
2019-10-21,0.0006200447650134498,0.0007170207754114481,0.0008369047856871865,2288
2019-10-22,0.0008056459344194606,0.0007032024545569997,0.0008324031622436298,2289
2019-10-23,0.000672067940709403,0.000735495710050833,0.0008306817672214235,2287
2019-10-24,0.0007221206788017466,0.0007059314651282136,0.000830178274893191,2288
2019-10-25,0.0007942506376740708,0.0007177252553854639,0.0008289208786745113,2286
2019-10-28,0.0006763929972707915,0.0007197813994915835,0.0008264845893833844,2286
2019-10-29,0.000735035516739039,0.000717864606070083,0.0008237010865680506,2289
2019-10-30,0.0007758052239013757,0.0007280636120772494,0.0008214410361865816,2288
2019-10-31,0.0009326707778433283,0.0007506376717484905,0.0008187265658917184,2291
2019-11-01,0.0007765536402333937,0.0007625195140766852,0.0008164654970376663,2288
2019-11-04,0.0007189217757539775,0.0007177940761432983,0.000808969522503693,2287
2019-11-05,0.0008963363554669716,0.0007156197243304592,0.0008071442750415951,2286
2019-11-06,0.000886727060553593,0.0007429515014013199,0.00080544306896513,2287
2019-11-07,0.0010134288708981126,0.0007631528644975108,0.0008043144998028775,2289
2019-11-08,0.000925678245525749,0.0007899133843917714,0.0008021241354455241,2293
2019-11-11,0.0006227169772772125,0.0007622177408255154,0.0008014863405495903,2294
2019-11-12,0.0007592607093237808,0.0007113963272438669,0.0007984996640454321,2293
2019-11-13,0.0008648735338529561,0.0007328533298388335,0.0007972492416727822,2292
2019-11-14,0.0008339982589912913,0.0007786437408930068,0.0007954943821932307,2292
2019-11-15,0.0008050700549878162,0.0007449412191407832,0.0007944695318882186,2291
2019-11-18,0.0007033790049006563,0.0007412201028023814,0.000792400646159822,2289
2019-11-19,0.0007511115016220362,0.0007589734709006716,0.0007867092639564024,2288
2019-11-20,0.0009222442625346234,0.000753886106773434,0.0007859998141996713,2288
2019-11-21,0.0008758867063395698,0.0007793527474670196,0.0007846771253270468,2289
2019-11-22,0.0007563805618215244,0.0008383773625551261,0.000782853789836644,2290
2019-11-25,0.0009232559486890374,0.000750922875290194,0.0007824445612336163,2291
2019-11-26,0.00072135079035651,0.0007712477779194304,0.0007823880168059118,2292
2019-11-27,0.0007305641064498222,0.0007236044618826701,0.0007822180735970554,2291
2019-11-29,0.0004694917248996935,0.0006799727074679536,0.0007779514688389045,2282
2019-12-02,0.0007557881270388419,0.0006363898980243309,0.0007763606264685613,2276
2019-12-03,0.0007352037176817815,0.0006999638740091326,0.0007753361905773153,2273
2019-12-04,0.0006951958204283985,0.0007027422185656297,0.0007755784134851583,2273
2019-12-05,0.0006412102820951336,0.0006921275410350818,0.0007742175184781864,2275
2019-12-06,0.0005913004106051877,0.0006682959381076432,0.0007723441000749526,2276
2019-12-09,0.0006071009192128502,0.000656094702457696,0.0007698957077602225,2276
2019-12-10,0.0006792337074756114,0.0006534445356149344,0.0007661589232656464,2276
2019-12-11,0.0006234983244382212,0.0006463152504214845,0.0007723868615496665,2277
2019-12-12,0.000925109348923955,0.0006471574800992203,0.00077357499210392,2280
2019-12-13,0.0008053097267521178,0.0007010433783208367,0.0007743545027743226,2281
2019-12-16,0.0006838867168261181,0.000705064531360428,0.0007727918820778656,2275
2019-12-17,0.0009778086753573765,0.000705043030554715,0.0007724394600773993,2274
2019-12-18,0.0007719419492671524,0.0007934024760390534,0.0007720822333380919,2279
2019-12-19,0.000752675357379675,0.000704706312816032,0.000770166058462773,2282
2019-12-20,0.0008254789325167252,0.0006817145045244744,0.0007668171695298685,2282
2019-12-23,0.0008827968936885292,0.0007498486538704338,0.0007604888714687659,2282
2019-12-24,0.0005627588739813283,0.0006936380434016291,0.0007582472432637458,2283
2019-12-26,0.0005467663161878683,0.0006318390435160607,0.000756386070204522,2284
2019-12-27,0.0006151831800723821,0.0006559518720923307,0.0007528668120471891,2285
2019-12-30,0.0006902983701525836,0.0006409912090361391,0.000749177606143756,2284
2019-12-31,0.0006741382029882214,0.000734659130122017,0.0007460191884631369,2283
2020-01-02,0.0008715501955127291,0.0006896611367120144,0.0007443274809579799,2281
2020-01-03,0.0008804213365255747,0.0007095014566377467,0.0007420526645869475,2281
2020-01-06,0.0009850750466888645,0.0007027166501646431,0.0007388799141943766,2285
2020-01-07,0.0006541940988942357,0.000689264799349677,0.0007355233487298036,2289
2020-01-08,0.0006409054628064172,0.0006368521925651707,0.0007338795720201151,2290
2020-01-09,0.0007640449503401224,0.0006813497229434935,0.0007315444777875965,2290
2020-01-10,0.0007022249539951125,0.000716360894553162,0.0007303975379883512,2288
2020-01-13,0.000862847588389641,0.0006519561097410563,0.0007288556495195124,2289
2020-01-14,0.0006973162941795929,0.0006827837622407306,0.0007275905981794132,2290
2020-01-15,0.0006544497290909634,0.0006671405340242556,0.0007264004846860698,2290
2020-01-16,0.0008201817701678816,0.000646242795513226,0.0007250108890802316,2290
2020-01-17,0.0005644907252091758,0.000679942914029105,0.0007209704774274313,2289
2020-01-21,0.0007430342000589741,0.0006367517616214203,0.0007199996109944946,2288
2020-01-22,0.000606361366286812,0.000658384322174821,0.0007183309779022726,2289
2020-01-23,0.000727860647413665,0.000642045571687288,0.0007178454136226409,2290
2020-01-24,0.0009108462780830136,0.0006353650805156531,0.0007179922266412806,2291
2020-01-27,0.0008082150380557329,0.0007086799265493449,0.0007142457131065094,2291
2020-01-28,0.000658099791533303,0.0007295515351519885,0.000713599353269939,2289
2020-01-29,0.0007230241058755117,0.0007221497442826692,0.0007132305041425001,2289
2020-01-30,0.0007195862554027356,0.0006996107546243389,0.0007137432902523875,2289
2020-01-31,0.0007680067171020933,0.0006764006547856486,0.0007140404903612822,2294
2020-02-03,0.0006890631384143537,0.0007340318597871747,0.0007140843732929121,2292
2020-02-04,0.0009030181824680978,0.0007126281108733993,0.0007144335051655398,2294
2020-02-05,0.0008568066463151803,0.0007388048040953837,0.0007160189014259685,2296
2020-02-06,0.000858105066867222,0.0007124815015846665,0.0007172014712065993,2297
2020-02-07,0.000772826443050152,0.000726714610475567,0.000717328702838489,2302
2020-02-10,0.0006849363917676866,0.0007200056936463346,0.0007197133907250232,2298
2020-02-11,0.000892219849366494,0.0007563411597347678,0.0007284336391420351,2299
2020-02-12,0.0009510327304300198,0.0007556275422434456,0.000727664202963004,2299
2020-02-13,0.0009037696684485741,0.000719981814595562,0.0007282037490641813,2303
2020-02-14,0.0006770694044044938,0.0007405826306770116,0.0007309826689817779,2305
2020-02-18,0.0007010304995079897,0.000718079652989435,0.000730748513332401,2305
2020-02-19,0.0008723784784385641,0.000677212182684401,0.0007298250023975972,2305
2020-02-20,0.0008372901577627305,0.0006869745310306242,0.0007301890689284672,2308
2020-02-21,0.0009216056391909637,0.0006981633526089532,0.0007307399335760259,2307
2020-02-24,0.0012023691316092881,0.000758243481423701,0.000730034056198214,2311
2020-02-25,0.0016708706887006311,0.0007972275608105214,0.0007301309889242784,2311
2020-02-26,0.0014608440546091711,0.001028092715342892,0.0007307954741512466,2310
2020-02-27,0.0026978453125396833,0.001098144036016443,0.0007327951916013361,2311
2020-02-28,0.0026004307799268062,0.0013609404742524708,0.0007359712525396461,2311
2020-03-02,0.0019428707096620077,0.0015273989395995819,0.0007431040007113586,2310
2020-03-03,0.0025540321118348044,0.0013462001778320838,0.0007482211306218481,2312
2020-03-04,0.0017839882949701811,0.0015543541184202094,0.0007507122677929594,2314
2020-03-05,0.001727274800383862,0.0014000007194348335,0.0007532948448864404,2316
2020-03-06,0.001949789711718497,0.0014906752630672588,0.0007559698522767287,2316
2020-03-09,0.005757303869464766,0.0015310950604919835,0.0007600001352504038,2320
2020-03-10,0.0050108954184088115,0.0027372019262495626,0.0007633204994075343,2321
2020-03-11,0.0035487801717075168,0.003062133937924259,0.0007743011869482376,2323
2020-03-12,0.009533851091937702,0.0032127547679585973,0.0007844095159016995,2326
2020-03-13,0.008969562766199219,0.0047850087773173705,0.0007972635975462133,2326
2020-03-16,0.012177387699020579,0.0049259932739132255,0.0008133301568891904,2327
2020-03-17,0.0100114847630555,0.006325933197649041,0.000829504770252637,2326
2020-03-18,0.01914126420994537,0.006080233784220411,0.000852779137444803,2322
2020-03-19,0.015118751195425297,0.011026591602443049,0.0008743035753648708,2323
2020-03-20,0.009518037352754966,0.00718788153867296,0.0009152649380287927,2323
2020-03-23,0.008175518445319786,0.006769570799717087,0.0009421992874170416,2325
2020-03-24,0.006180235923296619,0.0066071671640593535,0.0009608967474645318,2323
2020-03-25,0.008919768557872118,0.005898796457708626,0.0009838971489720425,2323
2020-03-26,0.006074479881240235,0.005032477583435771,0.001016638427054123,2328
2020-03-27,0.004590844440750793,0.004545710344479316,0.0010327157871635744,2338
2020-03-30,0.004561063773643432,0.004201837599538889,0.0010476533756724573,2340
2020-03-31,0.003861207598307993,0.004142312900417042,0.001063499633601489,2346
2020-04-01,0.0037297654719589744,0.0036244256060336093,0.0010815022731964624,2346
2020-04-02,0.004279653790226642,0.0037604313354186528,0.0010922193211344914,2346
2020-04-03,0.0038729395126291125,0.003818902112219325,0.001109060555706853,2347
2020-04-06,0.0034226683428423927,0.003774285618086736,0.0011207618114851235,2345
2020-04-07,0.003951219305798719,0.0034042991455440434,0.0011328188891577147,2346
2020-04-08,0.00274541325277522,0.0034003656130302093,0.001142679738394539,2348
2020-04-09,0.0037740014653914367,0.00299493893652028,0.001150959928009086,2346
2020-04-13,0.0028962311984261895,0.002984477567783282,0.0011628251005809114,2348
2020-04-14,0.002723485834621108,0.0029892337653426486,0.0011716012551747374,2350
2020-04-15,0.0026082239235887894,0.002838646996963921,0.0011806742415191986,2351
2020-04-16,0.0026977245739666575,0.0027338161056157666,0.0011890987387711245,2351
2020-04-17,0.0019040141565952434,0.002777156363258882,0.0011978675930209147,2351
2020-04-20,0.0025674026973263073,0.002531822745830415,0.001207179142963474,2349
2020-04-21,0.002190736858246269,0.0025531829440059626,0.0012148918927298497,2347
2020-04-22,0.0018444203660621511,0.0024416845441009934,0.0012214849988088174,2348
2020-04-23,0.002190068195081019,0.0023602799500417816,0.0012283202557859785,2350
2020-04-24,0.0018502460608777452,0.002273312086205618,0.0012347167465412883,2354
2020-04-27,0.0020588106110630148,0.0022040333837729043,0.0012406813748966504,2353
2020-04-28,0.0022239051271268255,0.0021738233522189533,0.0012467779936531484,2355
2020-04-29,0.0026813184408082287,0.002228480918592454,0.001251045821230192,2356
2020-04-30,0.002568086067293452,0.002274226379501699,0.0012582354563387963,2355
2020-05-01,0.002475299484288561,0.0023574591340175346,0.001264413169477866,2356
2020-05-04,0.0021152106514662123,0.0023088300326666116,0.001273087474498795,2354
2020-05-05,0.0021747966955774486,0.00220566446196512,0.0012796241713005623,2354
2020-05-06,0.0022351260753962535,0.0023686723502824958,0.0012859236266252818,2352
2020-05-07,0.0018360873298473325,0.002391096059099471,0.0012930616059290319,2352
2020-05-08,0.0017716241243450686,0.002177241298257936,0.0012984416581663851,2356
2020-05-11,0.0018509052925238306,0.002083803988637578,0.0013043154963191595,2357
2020-05-12,0.0019864927898916585,0.0021180444683168392,0.0013097562252191329,2357
2020-05-13,0.002630925307254427,0.002282529439792878,0.0013153319769185618,2357
2020-05-14,0.003071511031429036,0.002671753011310308,0.001321872466602573,2356
2020-05-15,0.0018224848983429576,0.0024264155564012865,0.001329745304384104,2357
2020-05-18,0.0018194816063512884,0.0021651857212197363,0.0013365145140187354,2359
2020-05-19,0.0018590428191470518,0.0020546267270549166,0.001342077262653822,2362
2020-05-20,0.002016558863168521,0.0020862542435032528,0.0013475896315026303,2359
2020-05-21,0.0015868422694413327,0.0019498649447921921,0.001352689681217309,2358
2020-05-22,0.0012952626052158917,0.0019037966251384758,0.0013575821790605207,2363
2020-05-26,0.0014670033203796472,0.0018073382443028127,0.0013758753696289532,2361
2020-05-27,0.002104618641233513,0.0018099850844846704,0.0013823842214095638,2362
2020-05-28,0.0017507550534724395,0.00189683140182741,0.0013653532417685031,2359
2020-05-29,0.0018514071662032751,0.0020050862199307296,0.0013684548008720333,2361
2020-06-01,0.0015442810458527417,0.0018796203096474104,0.00137337941191374,2359
2020-06-02,0.0013539525409212879,0.0017832958529882897,0.0013771146226744778,2360
2020-06-03,0.0016434906777851477,0.0016757346654262559,0.0013830128095383895,2364
2020-06-04,0.0019253766510289759,0.001797064977682527,0.0013869010059617678,2364
2020-06-05,0.002261806656805393,0.0018329298482151527,0.0013903395980900458,2368
2020-06-08,0.0018415209729975687,0.001962731654015792,0.0013950063872639963,2367
2020-06-09,0.002408205025546754,0.0019821676739618906,0.0013996680608003701,2371
2020-06-10,0.002678273174833396,0.0020952545632276745,0.0014048839067460506,2370
2020-06-11,0.002784634650971998,0.002184920735310014,0.0014135329516193097,2371
2020-06-12,0.0025911970955879767,0.0024869034921939427,0.0014204975706613929,2374
2020-06-15,0.002429768096940358,0.0024240003284147905,0.0014266812593278114,2376
2020-06-16,0.0018708841458576965,0.0023422142387556286,0.0014344199090047408,2380
2020-06-17,0.0014223100908333662,0.0022697616955148618,0.0014454943222891937,2381
2020-06-18,0.0012945756273280064,0.0020960180728077085,0.0014534052155732876,2383
2020-06-19,0.0015701520513018601,0.0019219923892276386,0.001459012884997925,2382
2020-06-22,0.001369293720342488,0.0020368494934476867,0.0014632129076834668,2382
2020-06-23,0.0011414633161072308,0.0018239905062604053,0.001468588024908296,2381
2020-06-24,0.0016738671908109062,0.0017590551796324205,0.0014710570132801834,2382
2020-06-25,0.0013474320073536912,0.0018908425013383506,0.0014744056139789894,2382
2020-06-26,0.0016445012853033738,0.0017046739667372168,0.0014818925958693166,2381
2020-06-29,0.001538967963768532,0.0018163766231491156,0.0014863646813687457,2386
2020-06-30,0.0011537011395831166,0.0016970858105708956,0.0014905922750522783,2386
2020-07-01,0.0015105285343629403,0.0016130398261795054,0.0014959948990626855,2386
2020-07-02,0.0011291212451471431,0.0015863336960541044,0.0014982597182129308,2387
2020-07-06,0.0013715285726084469,0.0015395770057398648,0.0015026336650425872,2387
2020-07-07,0.0010923201558709931,0.0015800340557043332,0.001513227019136634,2389
2020-07-08,0.0011575948041677691,0.0015329556088132083,0.0015160352867188114,2388
2020-07-09,0.0013475865450031353,0.0015045331369127177,0.0015243067662132467,2390
2020-07-10,0.0010640929049392876,0.001575128887116256,0.001528038234939841,2392
2020-07-13,0.001829857071367482,0.0014600517597415752,0.0015319460338658235,2391
2020-07-14,0.0015044758961923839,0.0016456876813145738,0.0015342487469071258,2394
2020-07-15,0.0013739187193820242,0.0014720839749759965,0.0015406335198864679,2395
2020-07-16,0.0012766687253720937,0.0014663176365698252,0.0015440433269767791,2396
2020-07-17,0.0010508741573391305,0.001399094511250006,0.0015537550435374978,2395
2020-07-20,0.001135687376955824,0.0013415791165666466,0.0015563035165359455,2396
2020-07-21,0.0013858872347346787,0.0013421673762105165,0.0015592627633300039,2395
2020-07-22,0.0011254812886538435,0.001341629990420457,0.0015610870690209036,2397
2020-07-23,0.001167041312761916,0.0012589393557491217,0.0015630290049774161,2398
2020-07-24,0.0009596487756450533,0.001272741132960288,0.0015694725659735412,2399
2020-07-27,0.0012722134455344881,0.0012096213656617675,0.001571375578025972,2396
2020-07-28,0.0011497275275156873,0.00124158010283802,0.0015768159384405656,2397
2020-07-29,0.0016145801129009848,0.0012510275873366225,0.0015796357808038383,2398
2020-07-30,0.002016417256465937,0.0013638191719216493,0.0015828193049250041,2400
2020-07-31,0.0014248768413114502,0.0013087959443278425,0.0015846925041716144,2401
2020-08-03,0.0014828569572368049,0.0013140798438390634,0.0015902897547566634,2402
2020-08-04,0.0012325634548645962,0.0013276201563812028,0.0015922081825152001,2401
2020-08-05,0.0011319744685528582,0.0012668462169532382,0.0015945645383927342,2398
2020-08-06,0.001301812515481755,0.001222406678717775,0.0015974092004765906,2399
2020-08-07,0.0011903164124861068,0.0012309722242986388,0.001599698715188511,2396
2020-08-10,0.0012417298104195182,0.0012039783724335624,0.0016008064057666802,2396
2020-08-11,0.001457740789312411,0.001227058704794478,0.001602086619148717,2396
2020-08-12,0.0011472544447028745,0.0012832409320881239,0.0016029632687341215,2396
2020-08-13,0.001117585160846396,0.0012213695986856648,0.0016116373799571905,2400
2020-08-14,0.0010020331201630037,0.00117588725926788,0.0016196002879012707,2399
2020-08-17,0.000939957368755994,0.0011215961365391854,0.001620937027766059,2398
2020-08-18,0.0010380445645696615,0.0011351522197303248,0.0016214960403322521,2395
2020-08-19,0.0009330312549592152,0.0011055169782822824,0.0016281429684776173,2398
2020-08-20,0.0009996092436038214,0.0010820973818766357,0.0016279724738207295,2396
2020-08-21,0.0008963863590907649,0.0010670657924567537,0.0016316637517248956,2397
2020-08-24,0.0011477223829297002,0.0010893016449346688,0.0016322493528637414,2398
2020-08-25,0.0010273799615525654,0.0011425056005266892,0.001634572697606819,2400
2020-08-26,0.0008338774835588881,0.0010745715208438388,0.001635893446435259,2401
2020-08-27,0.001246394260143502,0.0010390223930234245,0.0016363125227077157,2400
2020-08-28,0.0008131896008495931,0.0010540168071115905,0.0016384389424541927,2401
2020-08-31,0.0009728535013054356,0.0009993937621687458,0.0016420483423540224,2402
2020-09-01,0.0010185375741008458,0.0010582955010189935,0.001642722745963276,2403
2020-09-02,0.001102699532412061,0.0010403419179580986,0.00164412988608043,2402
2020-09-03,0.001437144672670583,0.0010444852718629349,0.001645078985540939,2402
2020-09-04,0.0019771253728704174,0.001176205308203538,0.0016467789088671129,2402
2020-09-08,0.001349198972488747,0.0012664376805212043,0.001648496818204324,2402
2020-09-09,0.000923000203064469,0.0012462509933085575,0.001657478383828739,2408
2020-09-10,0.0009067182057439604,0.0011609354781673207,0.0016588191751422288,2411
2020-09-11,0.0009460548688274809,0.0011604062263757332,0.001660082885297181,2413
2020-09-14,0.0008893032155597815,0.0011125589690757164,0.0016613364161614207,2413
2020-09-15,0.0009257049169450499,0.001077224374833301,0.0016629132127831021,2415
2020-09-16,0.0010808851346109098,0.0010525718992397783,0.0016644271386854546,2416
2020-09-17,0.0010684256120908856,0.0010563474497598565,0.0016656305154976825,2417
2020-09-18,0.0011423255090421652,0.0010635635907451932,0.0016661678364033278,2418
2020-09-21,0.0013921856806844606,0.0011080970342043001,0.0016758666237352193,2421
2020-09-22,0.0009453959812302325,0.001168793009769387,0.0016741266798526915,2421
2020-09-23,0.0014767027352425757,0.0010712823946965166,0.0016708609485968952,2417
2020-09-24,0.0015946496760852796,0.0012832701348463463,0.0016710335355198446,2421
2020-09-25,0.0012190613707430973,0.0012694287287919473,0.0016741572625156664,2420
2020-09-28,0.001698493135091332,0.0011717878036108756,0.001675791349645441,2419
2020-09-29,0.001153887414985633,0.0011298598466507853,0.0016832270463688767,2421
2020-09-30,0.0009821156895803023,0.0011427993914691317,0.0016895181879091046,2421
2020-10-01,0.000990037393987835,0.0011099122114669882,0.0016876264591021905,2420
2020-10-02,0.00129729093960982,0.0010479426158182532,0.0016883526786709527,2419
2020-10-05,0.0009800592534899408,0.0011335306254033786,0.0016848689389627257,2416
2020-10-06,0.0016506528201851469,0.001058692031082148,0.001686586263507846,2416
2020-10-07,0.0011610665578743909,0.0011417915408003276,0.001687664736629415,2416
2020-10-08,0.00099752052611696,0.001067835132006107,0.0016860864225999878,2415
2020-10-09,0.0010669943762937576,0.001036347561474569,0.0016870010889960027,2414
2020-10-12,0.0008838197683355976,0.001005076723638572,0.0016883122130575184,2413
2020-10-13,0.000833128655539114,0.0009766581219724745,0.0016869677741300293,2413
2020-10-14,0.0008274429470016343,0.0009464359983684237,0.001687703660512723,2413
2020-10-15,0.0009000392687942903,0.000937254798327576,0.0016893373261486534,2413
2020-10-16,0.0008174631089886538,0.0009358620111821261,0.0016893985440672966,2418
2020-10-19,0.0012661745630057665,0.0009156725639830498,0.0016862864572106788,2417
2020-10-20,0.0008460561197253775,0.00098325610867441,0.0016833086277389276,2417
2020-10-21,0.0010599288870868707,0.0009364925691097371,0.0016846347649226475,2419
2020-10-22,0.0010682288850947727,0.0009798301577722429,0.0016843796558155587,2418
2020-10-23,0.0009821749736286698,0.0009737068113523689,0.0016850736208632393,2418
2020-10-26,0.0010106050639532454,0.0009339046951927028,0.0016833870600028208,2416
2020-10-27,0.0009021042053252109,0.0009797782010399047,0.0016844869616757423,2417
2020-10-28,0.001244117894220155,0.0009793653384431947,0.001685550728870618,2413
2020-10-29,0.0012911881110220296,0.0010604214190341214,0.0016858490591659327,2415
2020-10-30,0.00143383908584578,0.0010532312375575643,0.0016869052091754643,2415
2020-11-02,0.001088052865130427,0.0010930736002742294,0.0016869377263234123,2418
2020-11-03,0.0009990161636958086,0.0010544119849779108,0.001702721471790596,2421
2020-11-04,0.0013681353731029157,0.001022041177517177,0.0017011441341700728,2419
2020-11-05,0.001128323256998319,0.001094348298707294,0.0017014722979631274,2417
2020-11-06,0.0011877651798347468,0.00104220334284793,0.0017023584355058763,2416
2020-11-09,0.0029766608908531078,0.0010905909371317474,0.0017034013015728995,2414
2020-11-10,0.0015479026596253794,0.0014631264228633666,0.0017038344366151928,2417
2020-11-11,0.0011590812569774915,0.0012607600574388708,0.001745176300763194,2417
2020-11-12,0.0011733371560965929,0.0011549416515026813,0.0017462801250264389,2416
2020-11-13,0.0009201999727829287,0.001156202674705361,0.001747229257090506,2415
2020-11-16,0.0010196613424347703,0.001048796800301374,0.0017436067496522023,2414
2020-11-17,0.001064520695895332,0.0010818619674395331,0.0017420679157740026,2415
2020-11-18,0.001149873500340528,0.001058028245834212,0.001741228493587796,2416
2020-11-19,0.001369251738830327,0.0011022788596345538,0.0017423069606104767,2416
2020-11-20,0.001133474792267498,0.0010899619401418352,0.0017428912609060892,2418
2020-11-23,0.0011736820220226937,0.0011075762281088082,0.0017433825330766682,2419
2020-11-24,0.001570240308403196,0.0011254042165816565,0.001744616586617731,2420
2020-11-25,0.0011591623447744946,0.0011747956705346128,0.0017462456711065744,2422
2020-11-27,0.0008431332165189474,0.0010624052366724566,0.0017460157004448621,2421
2020-11-30,0.0014869757565623672,0.0010007882249565617,0.0017468117245961403,2421
2020-12-01,0.0015145692579690694,0.0011693241428649642,0.0017483731971084974,2418
2020-12-02,0.0012963151222981273,0.0011218719928085441,0.0017493750678531123,2418
2020-12-03,0.0010904500679587393,0.001096495821309155,0.0017537060834288392,2419
2020-12-04,0.0008707259427320834,0.0010666798209122367,0.0017555021090075176,2418
2020-12-07,0.0010125776453491987,0.001006610390208319,0.0017550357054087347,2417
2020-12-08,0.0009742219158205311,0.0009942240184423034,0.001755738846331202,2418
2020-12-09,0.0015484858396691452,0.0009686796516822025,0.0017560372744782953,2419
2020-12-10,0.001436882580241481,0.0010844248506184785,0.001757221402023768,2420
2020-12-11,0.0011105941113571046,0.0010957786750964526,0.0017584702318836625,2420
2020-12-14,0.0012167351219846759,0.0009979209220544948,0.001758202195160054,2422
2020-12-15,0.001069411191986073,0.0010630265910424848,0.0017590191638783192,2421
2020-12-16,0.0008862175124810141,0.0009963503736010856,0.0017590779277650685,2421
2020-12-17,0.0009410106182019916,0.0009718175112949063,0.0017583125530013731,2420
2020-12-18,0.0010451643466287029,0.0009841993560076698,0.00175882049459689,2420
2020-12-21,0.0012175870473562034,0.0010156175026359712,0.0017604210696066736,2419
2020-12-22,0.001232020254533143,0.00103710201755871,0.0017611387307781875,2420
2020-12-23,0.0012206065786967862,0.0010967056661015675,0.0017588429709744385,2421
2020-12-24,0.0007902156943897147,0.0010655275445155268,0.001760638497968713,2420
2020-12-28,0.0016699850118663873,0.0009352856572956987,0.0017614065634203528,2420
2020-12-29,0.0013919578939424768,0.0010850367851780469,0.0017611557717942484,2420
2020-12-30,0.0010471076339256722,0.0010930668947477576,0.001762397681932516,2421
2020-12-31,0.0009431034168699849,0.0009738880813622226,0.0017626824101893185,2423
2021-01-04,0.0017169174487218096,0.0009683392708303031,0.001761337405433586,2423
2021-01-05,0.0015055784678099213,0.001190173463082696,0.0017617543993322495,2424
2021-01-06,0.0016572277020927737,0.0011050015047466817,0.001762426593633337,2425
2021-01-07,0.0014249813119393466,0.0011580795793971275,0.0017628948423079195,2426
2021-01-08,0.0016150137514883193,0.0011580719484012038,0.0017652294928486995,2427
2021-01-11,0.0013262036483480226,0.0012349887768299027,0.0017665991588527137,2427
2021-01-12,0.0011418945127310842,0.0011726431679278772,0.0017662590583521081,2425
2021-01-13,0.0011701176358649638,0.001126506214757552,0.0017678259930186929,2426
2021-01-14,0.0013968601453631631,0.0010955362809641548,0.0017692119104235344,2427
2021-01-15,0.0013015043140400832,0.0011467291743787237,0.0017706835312072617,2427
2021-01-19,0.0012719338182320937,0.0010763010726717666,0.0017719958051377255,2428
2021-01-20,0.0013427725249252913,0.0010977977474094073,0.0017720183254155857,2431
2021-01-21,0.0013622444092274985,0.0011219587232208844,0.0017741879787534782,2430
2021-01-22,0.0012121438559391812,0.0011360508733366948,0.0017750941671224034,2430
2021-01-25,0.002162690391101187,0.0010963118499427772,0.0017772452254302571,2430
2021-01-26,0.001585781861675667,0.001238221588957796,0.0017780688706557181,2433
2021-01-27,0.0035293506682072756,0.0012519294744932497,0.001780582035289357,2435
2021-01-28,0.003464011062698526,0.0015635609709762053,0.001786088892531253,2436
2021-01-29,0.002174855954636437,0.0016606482987927193,0.0017895211092435075,2434
2021-02-01,0.0014633380359027899,0.0016383986390707396,0.0017944205144373327,2435
2021-02-02,0.0017100769832873771,0.0014869746976716514,0.0017972308177539899,2436
2021-02-03,0.0013413243316384841,0.00155760792656407,0.001799931298222542,2434
2021-02-04,0.0017346057405952064,0.001372642611579285,0.0018035018337024134,2433
2021-02-05,0.0016451947341034993,0.0013370849729251297,0.0018056668538317425,2434
2021-02-08,0.0014228304512976986,0.0013460160893937253,0.001810959006715672,2433
2021-02-09,0.0018963395169714632,0.0013694609279289412,0.001811128735522296,2433
2021-02-10,0.0020392074161009947,0.0013589642503124733,0.0018130928245443452,2435
2021-02-11,0.0019298269283336772,0.0014289225325564475,0.0018186466481179238,2439
2021-02-12,0.001313808240954409,0.0014076766603762466,0.0018232535234394267,2440
2021-02-16,0.0014638921757446058,0.001271268941825601,0.0018281773692817034,2440
2021-02-17,0.001594969125816918,0.0013010556725221996,0.001830726182723004,2439
2021-02-18,0.0013466377571630752,0.0012667191891501902,0.0018326419671790936,2437
2021-02-19,0.0010179117647934346,0.0012574356814339619,0.001832351113399153,2435
2021-02-22,0.001469130904906993,0.0011519647472890565,0.0018365018864017653,2438
2021-02-23,0.003423819155506109,0.0012902611629391045,0.0018394366906741865,2439
2021-02-24,0.0013688935800923651,0.0015093471910835338,0.0018418044635252712,2440
2021-02-25,0.0019335568658954208,0.001338231899772021,0.0018445766137493759,2441
2021-02-26,0.0018102194796428097,0.001568963975415964,0.0018454081584045573,2441
2021-03-01,0.0010479614707046441,0.0015130543928431595,0.0018464065517554565,2440
2021-03-02,0.0011008721414759012,0.0013309329385998037,0.001844616556843842,2441
2021-03-03,0.0012710124545867482,0.001296730698603152,0.0018433411515538089,2440
2021-03-04,0.0028555990411573673,0.001387520054441783,0.0018471270681391636,2442
2021-03-05,0.004087998925197598,0.0018295021457221466,0.0018462526333536786,2445
2021-03-08,0.0015929130527553741,0.0019746778581149825,0.0018478320401529756,2448
2021-03-09,0.00123522875273569,0.0018205048081065664,0.0018508373117664067,2450
2021-03-10,0.0014023637067310758,0.0015422445296466058,0.0018513764705089058,2451
2021-03-11,0.0010231591166978355,0.0014635677296446505,0.001844677099068004,2453
2021-03-12,0.0009483504879274423,0.0012848963405333686,0.0018376186906954137,2455
2021-03-15,0.0010609286608736104,0.0012358350116811266,0.0018355484817112388,2456
2021-03-16,0.0010677873554535227,0.001184051927389565,0.0018240405448245224,2457
2021-03-17,0.0012178130003319715,0.0012317637893130527,0.0018107747611337027,2454
2021-03-18,0.0013548692149545473,0.001210372331630047,0.0017912493889368684,2457
2021-03-19,0.0011558207741824823,0.0012854259994037511,0.0017689847032992937,2457
2021-03-22,0.0009989561792259482,0.0012016223698499372,0.0017284440848932743,2458
2021-03-23,0.001358288402775566,0.0012047083338279207,0.001700898074160152,2459
2021-03-24,0.001492439819935892,0.0013510222201348675,0.0016772413675008322,2457
2021-03-25,0.0017847284527452859,0.0015354049873264961,0.0016569771559652438,2461
2021-03-26,0.0013301933058571683,0.0013946305301975742,0.001643295798094137,2463
2021-03-29,0.0011734072262619942,0.0013088488153886883,0.001627245260180167,2464
2021-03-30,0.0010412920148788944,0.0013295534502678955,0.0016125860881237863,2467
2021-03-31,0.000916521463863491,0.0012122668151334883,0.0015993136153325228,2465
2021-04-01,0.0008420111974275323,0.0011596324138305558,0.0015886351252344358,2465
2021-04-05,0.0009067872501206137,0.0010976898907479606,0.0015791206617292632,2467
2021-04-06,0.0007431394476016859,0.0011090089077301006,0.0015686131651641878,2468
2021-04-07,0.0007069807943645963,0.001030696963190095,0.0015580403346823375,2467
2021-04-08,0.0006634800596702796,0.0010213621426454751,0.001547266912232323,2466
2021-04-09,0.000601284799786888,0.0009627201831820628,0.0015389085689121893,2467
2021-04-12,0.0008403833762645796,0.0009320750488929541,0.001528237152584369,2468
2021-04-13,0.000754947791818037,0.0010156566719101334,0.0015215301834462529,2469
2021-04-14,0.0008603076445744763,0.0009693704227082965,0.0015206700469048364,2469
2021-04-15,0.0008516419921154567,0.0009858681448090482,0.0015221109192319145,2471
2021-04-16,0.0007685697241222038,0.0010349987350481708,0.0015125387972404843,2471
2021-04-19,0.0008678244744542736,0.0009865320037819177,0.001504973167329214,2470
2021-04-20,0.0010119857320730402,0.0010409767126298302,0.0014975222053992786,2472
2021-04-21,0.0008909558218657296,0.001098152655037327,0.0014908338723580738,2470
2021-04-22,0.0008332485694506322,0.0010280597044063755,0.001484601955493236,2470
2021-04-23,0.0008598359393009283,0.0010209900894194706,0.001480491115077987,2473
2021-04-26,0.0007040901381758338,0.0009909050570175101,0.001475556799535789,2474
2021-04-27,0.0007218504453403123,0.0009714329562997426,0.0014604324489493961,2473
2021-04-28,0.0007972470294447223,0.0009497945652303347,0.0014532391764612166,2471
2021-04-29,0.0008913262371761536,0.0009122338899786091,0.0014581156177525699,2473
2021-04-30,0.0007759340368462351,0.0009413049863547751,0.0014528133587128986,2472
2021-05-03,0.0007247627914949647,0.0009024861036694406,0.0014472275738447982,2471
2021-05-04,0.0011682507303132888,0.0009128196135493748,0.0014390791981232088,2469
2021-05-05,0.00106629520743201,0.0009706968448648042,0.0014342344289060174,2462
2021-05-06,0.0012741448204506183,0.0009777729198533417,0.0014291907974644006,2462
2021-05-07,0.0009695847082525766,0.0010602658419605828,0.0014259171018023956,2459
2021-05-10,0.0010526110883304052,0.0009838632877564317,0.0014198806815655647,2461
2021-05-11,0.0013627685119444834,0.0011005772701546549,0.001415137816904182,2461
2021-05-12,0.0012105433777395813,0.001086666525980299,0.0014116931318314315,2458
2021-05-13,0.0014918519460536278,0.0011311309672933014,0.0014063302587464265,2458
2021-05-14,0.0009515991280745887,0.0011792438366201644,0.0014016993744423848,2459
2021-05-17,0.0008514942496615214,0.0010862191087634048,0.0013958391621426965,2459
2021-05-18,0.000845624150070256,0.0010291667338520596,0.0013936992023259125,2458
2021-05-19,0.0010256902732678683,0.000988114472790577,0.0013885836061408546,2462
2021-05-20,0.0008626081747072462,0.0009961104570960885,0.0013835338757292334,2463
2021-05-21,0.0006683600030864108,0.0009687182913038206,0.0013762446007414557,2462
2021-05-24,0.0006649836804176462,0.0009102563269035567,0.0013722835400416873,2462
2021-05-25,0.0007149795076585698,0.0008740364456955233,0.0013683281568155725,2459
2021-05-26,0.0006462991043288815,0.0009076683294358533,0.001363201933355121,2462
2021-05-27,0.000659234633736694,0.000847743428194911,0.0013594152647144256,2462
2021-05-28,0.0007387188469684953,0.0008480308529089395,0.0013562653678717747,2457
2021-06-01,0.0007624121913343471,0.0008398136254507552,0.0013507043051110624,2459
2021-06-02,0.0009149133136780596,0.0008400177006806913,0.001345244522420197,2462
2021-06-03,0.0010665843968464827,0.0009154725321199182,0.001339302762542724,2461
2021-06-04,0.0007751520812643239,0.000916835435935769,0.0013353118300745343,2462
2021-06-07,0.0008199295468222723,0.0008738211958394231,0.001330223397709873,2463
2021-06-08,0.0008337623859091859,0.0008690254416110204,0.001325591734497369,2463
2021-06-09,0.0008257204271762723,0.0008343742024340209,0.001320886904825622,2462
2021-06-10,0.0008213001915598988,0.0008173064699913891,0.001317476310244931,2461
2021-06-11,0.0008134031979808808,0.0008190166432147168,0.0013110736546912934,2461
2021-06-14,0.0006983623050068393,0.0007691600270289025,0.0013035011398750773,2462
2021-06-15,0.0006612299794130812,0.0007748556771555502,0.0012962169963980107,2465
2021-06-16,0.0007059394982532971,0.0007600938035090206,0.0012872150331700045,2466
2021-06-17,0.0009387973317436049,0.0007513764802464985,0.0012763381873030907,2466
2021-06-18,0.0007522319594911098,0.0008180842242953377,0.0012657235714673822,2464
2021-06-21,0.0007609793260029172,0.0008094842782780759,0.0012578019300073231,2464
2021-06-22,0.000692777986807813,0.0007751127436284945,0.0012496543912498867,2466
2021-06-23,0.0005467050860885884,0.0007481787104436942,0.001242666092137175,2471
2021-06-24,0.000570699586580858,0.000699183659982457,0.0012377867907073642,2472
2021-06-25,0.0006624954276279626,0.0006881260434173497,0.0012330222521173772,2469
2021-06-28,0.0007120951516320295,0.0007001770849580492,0.001227716066473536,2469
2021-06-29,0.0005622929868553594,0.0007202316079900508,0.001222710495761663,2469
2021-06-30,0.000786059391298878,0.0006993405607027598,0.0012175686547282723,2470
2021-07-01,0.0007331939792002861,0.0007003379540991933,0.0012118557669108393,2472
2021-07-02,0.0006218519339726932,0.0006951003096328323,0.0012074858764035848,2472
2021-07-06,0.0008671966291857926,0.0006915880339676294,0.001203738690309565,2472
2021-07-07,0.000937850806110299,0.0007658262057619633,0.0011994037352902399,2472
2021-07-08,0.0011780725373735587,0.0007842490261645922,0.001195507101769495,2472
2021-07-09,0.001472875887952544,0.0008372809900506642,0.0011919710380869865,2471
2021-07-12,0.0009093953392480419,0.0008680344502115017,0.0011888588021225638,2471
2021-07-13,0.0008114256218646555,0.0007812603693991027,0.0011838039215896273,2475
2021-07-14,0.0010007944248436472,0.0007771203247675535,0.0011804249504263435,2474
2021-07-15,0.0010398390554621079,0.0008550332982652201,0.0011764104892169956,2476
2021-07-16,0.0007429254999476948,0.000811517991507329,0.0011736719267507962,2474
2021-07-19,0.0011097127694214446,0.0008849148009976058,0.0011693108742463043,2472
2021-07-20,0.0010650146579934392,0.0009054543061649711,0.0011668314540743793,2474
2021-07-21,0.0007517040664384972,0.0008538468969354916,0.001165062728102589,2474
2021-07-22,0.0007994632480579864,0.0007836842024225994,0.0011625604286456055,2475
2021-07-23,0.0008999496285667231,0.0007882098485270669,0.0011601687279009477,2474
2021-07-26,0.0009522852917060585,0.0007909608938974727,0.0011578620646308002,2474
2021-07-27,0.0011950768807842398,0.0007827908364660762,0.0011582017570409345,2475
2021-07-28,0.000845040874504149,0.000824395809843609,0.0011555891370894262,2476
2021-07-29,0.0007556518404667014,0.00077645406163692,0.0011538313021113521,2474
2021-07-30,0.0006987473610587635,0.0007543191971018219,0.0011519652711467286,2470
2021-08-02,0.0008272184847330729,0.0007474746074441395,0.0011497851138900516,2469
2021-08-03,0.0008855272621793678,0.0007632152107599795,0.0011466892584892016,2471
2021-08-04,0.0008675171271357528,0.0007933381157592841,0.0011436995567260188,2469
2021-08-05,0.0008224259311513938,0.0008295860083785036,0.0011415411886559052,2466
2021-08-06,0.000741276341085887,0.0007919205536021705,0.0011443679276354763,2467
2021-08-09,0.0007550541682696464,0.0007507801188092407,0.0011413984626344239,2470
2021-08-10,0.0007841415225021454,0.0007525690678238816,0.0011387667393031812,2469
2021-08-11,0.0007169068882958356,0.0007608315642904979,0.001136145898559995,2470
2021-08-12,0.0006257598659379229,0.0007341664483889837,0.0011346748212680364,2469
2021-08-13,0.0006740995927669661,0.0007093731296125906,0.0011320692097843974,2469
2021-08-16,0.000715605298751621,0.0007375650311670303,0.001131854872931225,2472
2021-08-17,0.0008032976589572887,0.0007497398639968477,0.0011293121945292052,2476
2021-08-18,0.0008129622770476166,0.0007611088628154508,0.0011269846425152144,2475
2021-08-19,0.0007881903740373664,0.0007703153766375925,0.0011327609933449573,2475
2021-08-20,0.0006461531315250507,0.0007623146231780992,0.0011312324991204269,2474
2021-08-23,0.0005574304864375723,0.0007080563043076673,0.0011296068301124608,2474
2021-08-24,0.0005987440415359343,0.0006772307603350068,0.0011281410628939867,2476
2021-08-25,0.000607465655715112,0.0006635530083526778,0.0011272521089671895,2475
2021-08-26,0.0005952612249632277,0.00064450536546055,0.0011254709833297325,2475
2021-08-27,0.0007260413637192458,0.0006431527432803194,0.0011234350491285438,2476
2021-08-30,0.0006186242869131902,0.0006727900669393534,0.0011207561070008456,2482
2021-08-31,0.0006024499825257841,0.0006647777098172062,0.001119437571183235,2479
2021-09-01,0.000565195026034105,0.0006402582821121413,0.0011176048003582813,2479
2021-09-02,0.0006410719731491304,0.0006213558844528647,0.0011148135963166329,2479
2021-09-03,0.0005316173301021125,0.0006246574292911696,0.0011130486969524198,2478
2021-09-07,0.0006290206222139736,0.0006157060854253994,0.0011104792806063556,2478
2021-09-08,0.000621150893409708,0.0006294584148462477,0.0011076469325531234,2478
2021-09-09,0.0006122140892121019,0.0006485058671504591,0.001105157222092838,2476
2021-09-10,0.0005535763280338935,0.0006269923857027018,0.0011024815664132622,2475
2021-09-13,0.0007955721373250262,0.0006545610112139446,0.00109897265064507,2477
2021-09-14,0.0007464740051872245,0.0006859628724524497,0.0010967919661066152,2477
2021-09-15,0.0008799025805129686,0.0007297236418340971,0.0010947309638226128,2477
2021-09-16,0.0005878932293140696,0.0006755596355069326,0.001093136712308462,2478
2021-09-17,0.0006488787889840785,0.0006675953818385822,0.001093344998315311,2478
2021-09-20,0.0009205804580690454,0.0006664839779281312,0.0010909760377796423,2481
2021-09-21,0.0006556840506449072,0.0007104963479116813,0.0010891459888688754,2481
2021-09-22,0.0006446849031835278,0.0006873918735106358,0.0010868933071674063,2481
2021-09-23,0.0006034782522664641,0.0006544788371118731,0.001084156337269295,2481
2021-09-24,0.0005761569066001622,0.0006409751256857476,0.0010835610349186169,2477
2021-09-27,0.0006774947961499061,0.00063641170711228,0.001082168626999123,2475
2021-09-28,0.0006721031355621541,0.000651329520314554,0.0010796375014807185,2477
2021-09-29,0.0006841302098927153,0.0006746501236912227,0.0010771282636045684,2477
2021-09-30,0.00061934192038829,0.0006809859711026802,0.0010774958830969494,2476
2021-10-01,0.0007941129078834053,0.0006831350260979594,0.0010748697929907158,2477
2021-10-04,0.0006750248738518808,0.0006932891997806531,0.00107125965576213,2479
2021-10-05,0.000714168133955897,0.0007113088771719981,0.0010708232881226816,2479
2021-10-06,0.0006919549286099367,0.0006943443992839628,0.001069689722102916,2476
2021-10-07,0.0005801056011849009,0.0006830310355760272,0.0010674034013999664,2478
2021-10-08,0.0004751404683207016,0.0006447944416781629,0.0010655470961827955,2478
2021-10-11,0.0005322210970375033,0.0006276329149442501,0.0010648454196087451,2474
2021-10-12,0.0005097654727146724,0.0006262954006682223,0.0010620671510436315,2470
2021-10-13,0.0005301782147283144,0.0006123973099305465,0.00105759769083234,2470
2021-10-14,0.0004733382711648687,0.0006060010455340034,0.0010566726896595287,2471
2021-10-15,0.0004933986971081496,0.0005914262280522163,0.001054736990559523,2466
2021-10-18,0.0006403844270823647,0.0006123181187413304,0.0010533678153746733,2466
2021-10-19,0.0005367139374326071,0.0006076026269071826,0.0010516310981069346,2468
2021-10-20,0.001021655610541599,0.0005879836882283444,0.0010499418984574612,2469
2021-10-21,0.000566549844380955,0.0005858428946613755,0.0010486177454527956,2469
2021-10-22,0.0007127239315705713,0.0005808833010912141,0.0010477871869445385,2469
2021-10-25,0.000642505217954912,0.0006040774616928167,0.0010458535436201752,2469
2021-10-26,0.0007545229824020973,0.0005967078690394872,0.0010447317414675678,2465
2021-10-27,0.0008562298199862652,0.0006315510669178387,0.0010433376692858846,2464
2021-10-28,0.0007613474622750404,0.0006969923695593867,0.0010414262610156388,2464
2021-10-29,0.0008278340939603112,0.0006365250515036608,0.0010385826957886588,2462
2021-11-01,0.0007669681138675017,0.0006858132449877418,0.001036726016476762,2462
2021-11-02,0.0010650274399074257,0.0006694717611857372,0.0010335491448181544,2462
2021-11-03,0.0009227318459102732,0.000671401495459793,0.0010317413251357392,2462
2021-11-04,0.0009186294376557847,0.0006867591105401136,0.0010299520878700834,2463
2021-11-05,0.0008264589583354353,0.0006938928677271078,0.0010283296174944966,2464
2021-11-08,0.000778602315402965,0.000687967459021069,0.00102689804094256,2464
2021-11-09,0.0007364611728548504,0.0006753534350078773,0.001023317701010928,2463
2021-11-10,0.0007968430722646885,0.000663187900218784,0.001021882082926288,2461
2021-11-11,0.0006108184636973865,0.0006927900170534263,0.001018344946632854,2461
2021-11-12,0.0005833107967772811,0.0006406030676066454,0.001015460202512881,2461
2021-11-15,0.0006771306158139292,0.0006248566946704695,0.001012899703130244,2461
2021-11-16,0.0006177510329474098,0.0006513014716014783,0.0010107048653165075,2461
2021-11-17,0.0006968160533496072,0.0006424403320389495,0.0010089321550890286,2459
2021-11-18,0.0009247340508714606,0.0006724630774679787,0.0010091718150356279,2458
2021-11-19,0.0007905409287799566,0.0007614029943935584,0.0010070734032814764,2459
2021-11-22,0.0009586693364367476,0.000724041872853174,0.0010087704377986805,2460
2021-11-23,0.0009593621423448644,0.0008304370371023679,0.0010068854797338832,2460
2021-11-24,0.0007395174173094906,0.0007937926113663698,0.0010053948824301114,2461
2021-11-26,0.0009893750110909919,0.0007080068288732759,0.0010037015825084174,2461
2021-11-29,0.0009909220721808461,0.0007443241349974342,0.0010014657717164629,2464
2021-11-30,0.0012728392001135653,0.0008231161209729393,0.0009989923556849494,2468
2021-12-01,0.0014654604677892442,0.000912481950985748,0.0009978663639254224,2467
2021-12-02,0.0010797764758877014,0.0012547970008837488,0.0009958703023850673,2467
2021-12-03,0.0012046830285502193,0.0009943702377746592,0.0009957651517511264,2469
2021-12-06,0.0013910971170932823,0.0011715649416117956,0.0009951792223875536,2471
2021-12-07,0.0009190971633494178,0.001097953236856337,0.000993933665575915,2475
2021-12-08,0.0008461095713931772,0.0009416192912652759,0.0009939615596799268,2475
2021-12-09,0.0007979620865886759,0.0008693977368765119,0.0009934252859850306,2475
2021-12-10,0.0007811612186906387,0.0008712764588286692,0.0009927237795154895,2474
2021-12-13,0.0009095867326158467,0.0008708598077042866,0.0009925381041074957,2476
2021-12-14,0.0009280667718361438,0.0009404716543609526,0.0009910984373752857,2477
2021-12-15,0.0012920983955711576,0.000904709027377656,0.0009902958970788198,2478
2021-12-16,0.0010027055479216698,0.000956927680847934,0.0009893995913483379,2477
2021-12-17,0.001240433969674465,0.001021739144768403,0.000988686574639647,2479
2021-12-20,0.0009905262116875755,0.0010204498929264907,0.0009889077396016176,2478
2021-12-21,0.0007635220706905073,0.0009535044211992456,0.000988810115993616,2480
2021-12-22,0.0006800093450283348,0.0008697396229235431,0.0009902508431398646,2480
2021-12-23,0.0006855804659294053,0.0008041255543949052,0.0009890990830566315,2480
2021-12-27,0.0007039429341199718,0.0007841049808822523,0.000987355741794558,2479
2021-12-28,0.0006541437948799338,0.0007861328826450357,0.0009861055220841456,2477
2021-12-29,0.000639672968931183,0.0007757918533864908,0.0009850170455225826,2476
2021-12-30,0.0007748359977615278,0.000750368743711365,0.0009827985526796599,2478
2021-12-31,0.0005903410471966641,0.0007614014502122353,0.0009781116215794843,2479
2022-01-03,0.0008902415364995756,0.0007282058890347424,0.0009767320670897393,2478
2022-01-04,0.0009621807144843942,0.0007772409156647203,0.0009735942457422685,2480
2022-01-05,0.0010949442202659088,0.0007852418180919282,0.0009712552354706269,2480
2022-01-06,0.0010397018379123808,0.000930840749270642,0.0009692095018129442,2479
2022-01-07,0.0007633803152487037,0.0008665593097613333,0.0009669827416446916,2478
2022-01-10,0.0009272677124311174,0.0008594940424189263,0.0009651820933306241,2477
2022-01-11,0.0008441052222966871,0.0008516546085923112,0.0009620530865592876,2477
2022-01-12,0.0006529838224508475,0.000811862486233047,0.0009598389282563951,2476
2022-01-13,0.0007932944756464765,0.0008020694285307665,0.0009581705879261401,2475
2022-01-14,0.0007265129492815117,0.0008580525331417958,0.0009569316498069468,2474
2022-01-18,0.000802924220921722,0.0008041655280296022,0.0009552753981977342,2474
2022-01-19,0.0008254338100116168,0.000858725939404226,0.0009527258763505969,2475
2022-01-20,0.001212982224929258,0.0009051217940869353,0.0009514137507485108,2477
2022-01-21,0.0011195083227328348,0.0010429333966506004,0.000949623530353792,2476
2022-01-24,0.0026143023610522634,0.001098316353333887,0.0009485828369774716,2476
2022-01-25,0.0015444637393726582,0.0012497915363690825,0.0009476319571609492,2477
2022-01-26,0.0015428812595730751,0.001153613289486238,0.0009467337828371078,2479
2022-01-27,0.0014486441301855579,0.0013137995572393435,0.0009477670934229416,2481
2022-01-28,0.0012810016870275732,0.001506450463994599,0.0009446331839589252,2481
2022-01-31,0.001040217126262633,0.0012746891688615912,0.0009434128754353277,2481
2022-02-01,0.0009859925498263479,0.0011491654357456557,0.0009414635936353856,2482
2022-02-02,0.0008684204088011091,0.001071922027810527,0.0009387561022529807,2481
2022-02-03,0.0008495808456141342,0.0010562649681860172,0.0009366879958650715,2480
2022-02-04,0.00101484240896536,0.0010253008592278462,0.0009344191970780856,2484
2022-02-07,0.0007298176149660523,0.0010044860450145476,0.0009327415729734335,2485
2022-02-08,0.0007053624501319807,0.0009338168721848207,0.0009300974337594751,2485
2022-02-09,0.0006425258018293747,0.0008936799325335896,0.0009269069909038806,2483
2022-02-10,0.001313289920974312,0.0008644536545449788,0.0009227725703578871,2487
2022-02-11,0.0010667259678166297,0.0009401466189189751,0.0009194007174347834,2489
2022-02-14,0.0007535960932832474,0.001007966481268584,0.0009218802876195343,2489
2022-02-15,0.0007113822188730009,0.0009307441639868777,0.0009144575224288982,2489
2022-02-16,0.0006806653424703377,0.0008582477838100566,0.0009125012021031076,2488
2022-02-17,0.0008496223216447125,0.0008279978853090733,0.000910327151489969,2488
2022-02-18,0.0007579073815318997,0.000867340778023222,0.0009080954635173001,2486
2022-02-22,0.001031227567483774,0.0008673227445961818,0.0009056220219285749,2486
2022-02-23,0.0009499742817984934,0.0009300694756003441,0.0009030439994048048,2486
2022-02-24,0.0020196511993404334,0.001023588376395617,0.0009030792114446457,2487
2022-02-25,0.0010571300791741573,0.0011899111392791608,0.0009089636772408741,2489
2022-02-28,0.000974964999046181,0.0009917786282918734,0.0009059212609365548,2488
2022-03-01,0.0013127122721746688,0.0009797982447255383,0.0009041404583093154,2490
2022-03-02,0.0009432477928259894,0.0010765562467040248,0.0009021572959416247,2492
2022-03-03,0.0009652102608237431,0.000970214323491149,0.0009013115130588549,2490
2022-03-04,0.001067800372423567,0.0010641541786084862,0.0008988682041469014,2488
2022-03-07,0.0015935896530977216,0.0010668545469059343,0.0008947112018115642,2486
2022-03-08,0.002368941073405965,0.0013044334011649476,0.0008916087976217458,2486
2022-03-09,0.0012109739994213432,0.0013192096084397164,0.0008848149398705389,2485
2022-03-10,0.0010359508586741707,0.0011185494754175507,0.0008836609668831147,2486
2022-03-11,0.0010117211118897006,0.001046255265314304,0.0008804898994192061,2486
2022-03-14,0.0013888125797923703,0.0011443777465778124,0.000879030518938129,2485
2022-03-15,0.0011239963017844034,0.001306460281884911,0.0008785331490077528,2485
2022-03-16,0.001196523449969945,0.0011138631467966485,0.00088045212844993,2487
2022-03-17,0.0009931059427563474,0.0010924522343077339,0.000879476857407896,2490
2022-03-18,0.0011255516331428812,0.001045769524416652,0.0008812068326884174,2491
2022-03-21,0.0009454894997411774,0.0010525264338345195,0.0008787697753340895,2489
2022-03-22,0.0013657821590946505,0.0009951779609104936,0.0008775900834710986,2490
2022-03-23,0.0008726236513143255,0.0009673958635679917,0.0008762555916272136,2489
2022-03-24,0.000848221696571218,0.0009441018836692475,0.0008748544162071337,2487
2022-03-25,0.000775362744958673,0.0009061979056395613,0.0008728716706545544,2485
2022-03-28,0.0009044304863916134,0.0008953334803899286,0.0008704248046805923,2484
2022-03-29,0.0009441981643920136,0.0008942682729219757,0.0008688042701346228,2480
2022-03-30,0.0010034066586232342,0.0008969427717173984,0.0008670628682864675,2481
2022-03-31,0.0007824817456712882,0.0009589796146247431,0.0008644055857933436,2481
2022-04-01,0.0008442758358192185,0.000899828004827312,0.0008630040800028968,2482
2022-04-04,0.0008145587337136054,0.000887939199572366,0.0008622592681068896,2483
2022-04-05,0.0008829476368129455,0.0008634336522041905,0.0008613972829801804,2483
2022-04-06,0.0009294003053761608,0.0009269761574719438,0.0008597298920173366,2482
2022-04-07,0.0009233096319381424,0.0009236097943444636,0.000859320945453761,2482
2022-04-08,0.000743292183300133,0.00091236982082057,0.0008583693114807671,2480
2022-04-11,0.0012532731255356572,0.00087776882725579,0.0008577646512839623,2479
2022-04-12,0.0013649515640636954,0.000940584794548429,0.0008578544621869468,2476
2022-04-13,0.0007371542925990011,0.0009972603239270285,0.0008579800889217316,2475
2022-04-14,0.0006784661509051838,0.0008693518727459591,0.0008576398348844003,2477
2022-04-18,0.0007790224870289763,0.0008676898005729178,0.0008561151304819087,2474
2022-04-19,0.0007632228070446284,0.0008866842712294926,0.0008559223822926229,2473
2022-04-20,0.0007496933871143953,0.0008499357380592962,0.0008552929995256326,2474
2022-04-21,0.0011405607287573347,0.0008460240071622712,0.0008529062883571542,2472
2022-04-22,0.0009181359051162714,0.0010555276001995432,0.0008521231526430155,2471
2022-04-25,0.0010413530860087445,0.001024423273500214,0.0008504436943471632,2470
2022-04-26,0.000843414190446462,0.0009876056923698512,0.0008504338454998127,2471
2022-04-27,0.0010087441496422454,0.0010608698370702847,0.0008504493430597102,2471
2022-04-28,0.0014511181972859583,0.0010292287654571344,0.0008504090904636721,2473
2022-04-29,0.0012446788167733082,0.0010643765294043486,0.0008499628149790185,2472
2022-05-02,0.0012104607775858982,0.0011389549466405654,0.0008504621173747969,2472
2022-05-03,0.0009927304205719098,0.001102207387878521,0.0008502212138556894,2473
2022-05-04,0.0015215662839301383,0.0010194244838764896,0.0008476304431886273,2469
2022-05-05,0.0015113333200796344,0.0010993028841701869,0.000847496786938523,2469
2022-05-06,0.0013735675196454697,0.0012221122393734874,0.0008472026938803469,2468
2022-05-09,0.0015363521092848552,0.001192584196523114,0.000848500860658591,2465
2022-05-10,0.0022081047697380387,0.0014833059541548728,0.0008493938134576565,2465
2022-05-11,0.0020350297581328393,0.0015490179169161701,0.0008507838339264598,2464
2022-05-12,0.0019835141378868326,0.0017828931530081923,0.0008522744537022646,2464
2022-05-13,0.001334059819615351,0.0015707226439762923,0.000854808228024853,2464
2022-05-16,0.0011820028963148703,0.001375046540819263,0.0008564881752592984,2464
2022-05-17,0.0009502820908320956,0.0012622646907290574,0.0008575827144410986,2465
2022-05-18,0.0013425317158429183,0.0011634485968938556,0.0008604712789782366,2465
2022-05-19,0.0011031328955628523,0.001297120789997337,0.0008612616161635907,2465
2022-05-20,0.0016437188544369335,0.0011775015864211719,0.0008619126398676339,2466
2022-05-23,0.0010346278567579135,0.0013365058471809495,0.0008617834154635829,2465
2022-05-24,0.001138951188430615,0.001208637376436104,0.0008635267664971295,2465
2022-05-25,0.0009893268768215386,0.0012793746328796653,0.0008637814456698869,2465
2022-05-26,0.0009675119731419055,0.0011398416360087478,0.000863287073435835,2466
2022-05-27,0.0008685188640812451,0.0010971644893243955,0.000861867686978044,2466
2022-05-31,0.0011382571538039365,0.0010357714310400671,0.0008628289862558985,2466
2022-06-01,0.0012107566321515274,0.0010684621798617067,0.0008633333179227676,2467
2022-06-02,0.000952002838654059,0.0011135996695663453,0.000863736591364089,2467
2022-06-03,0.000804866268782521,0.0010340477196838648,0.0008643045242153262,2466
2022-06-06,0.0009852919396328376,0.0009879176630341834,0.0008635041266901743,2466
2022-06-07,0.0009632042387309462,0.0010341411788839336,0.0008642618897030599,2465
2022-06-08,0.0009716826528059202,0.0010420676330812671,0.0008637177240208612,2463
2022-06-09,0.001050223380312305,0.0010009848896868456,0.0008645216798442078,2463
2022-06-10,0.001155186224413903,0.0010378804126747146,0.0008732153160280441,2464
2022-06-13,0.0014967064793640274,0.0010743613852342514,0.0008732043851760844,2463
2022-06-14,0.0015396415581864207,0.001217239732287731,0.0008744597245301416,2463
2022-06-15,0.001242554220568892,0.0011892783010475437,0.0008760262850037513,2464
2022-06-16,0.0013248492957562805,0.0011364670510695305,0.0008785926012363825,2464
2022-06-17,0.0012644994307792928,0.001238762710388864,0.0008801618195374356,2463
2022-06-21,0.0012417698482227611,0.0011955907430482038,0.000881115682017503,2462
2022-06-22,0.0011675300608113472,0.0011422801278383814,0.0008826327351739426,2462
2022-06-23,0.0012165389317593713,0.0011043948544527185,0.0008846386506189003,2465
2022-06-24,0.001737162446560239,0.0011703366898888163,0.0008865297461577315,2462
2022-06-27,0.0009688812630106961,0.0011870068049495276,0.0008883928923058293,2462
2022-06-28,0.0011683233522376132,0.0010876769425495806,0.0008953041255488155,2464
2022-06-29,0.001053536758855714,0.0011402346541304139,0.0008957745358377436,2463
2022-06-30,0.0011183900504383212,0.001154222364147319,0.0008972075811190656,2462
2022-07-01,0.0010699600408372062,0.001112657857409895,0.0008991891819766453,2462
2022-07-05,0.001529996895329918,0.0010967681239870365,0.0009007279391456678,2460
2022-07-06,0.0012053400165394045,0.0012049458098037247,0.0009025538395492354,2459
2022-07-07,0.0008380247351716414,0.0011691122265858815,0.0009040823515197,2460
2022-07-08,0.0009095589449203446,0.0010652354735564622,0.0009060286068948065,2461
2022-07-11,0.0007808117563582371,0.0010372732975543655,0.0009073315848404651,2460
2022-07-12,0.0010736964963960114,0.0010055319362779216,0.0009075388020563052,2458
2022-07-13,0.0009182389359711065,0.001005142440537765,0.0009069893277367712,2456
2022-07-14,0.0008754814987710294,0.0009874952410047569,0.0009064180310449651,2457
2022-07-15,0.0009119599251859516,0.0009704956027624781,0.0009071234899501357,2457
2022-07-18,0.000938892476999052,0.0009547170902562459,0.000906532000809742,2456
2022-07-19,0.0007436126207440605,0.0010065837839053535,0.0009067677928610463,2452
2022-07-20,0.0008558803548273246,0.0009129063596420006,0.0009084366491635581,2452
2022-07-21,0.0007109453031704532,0.0009227118780650337,0.0009081244035040818,2450
2022-07-22,0.0009023083299790785,0.0008790384149998349,0.0009067071029269591,2449
2022-07-25,0.0008294236028975675,0.000978202940668038,0.0009071052898826864,2448
2022-07-26,0.0007888998593435523,0.0009318943041105543,0.0009064086012881471,2449
2022-07-27,0.0009217491411214138,0.0009172131784625823,0.000907182744539851,2452
2022-07-28,0.0011853552553789195,0.0009054731848582193,0.000907824679029456,2452
2022-07-29,0.0008311016105409534,0.0009566107751797483,0.000904591611308454,2449
2022-08-01,0.0009216497889881101,0.0009046179004782666,0.0009061652589861109,2448
2022-08-02,0.0010163563426595955,0.0009111525808290749,0.0009053401311976544,2447
2022-08-03,0.0010584710648799962,0.0009292834245697823,0.0009069986876458073,2444
2022-08-04,0.0013260680529010329,0.0009661184642666697,0.0009079132579856708,2442
2022-08-05,0.0012547236954029836,0.0010188596423193969,0.0009089154798716085,2442
2022-08-08,0.0009754762994827235,0.0009997079746939773,0.0009098256631485185,2442
2022-08-09,0.0010297958233015908,0.0009663492272059722,0.0009105039807523162,2443
2022-08-10,0.0009308727190173243,0.0009812712969072142,0.0009101143692525511,2445
2022-08-11,0.0010669659421857279,0.0009367295157468961,0.0009111644286255974,2446
2022-08-12,0.0007936693836576228,0.0009626168198626169,0.0009119786850768014,2446
2022-08-15,0.0007962310958503256,0.0008783883500306084,0.000912335255627525,2449
2022-08-16,0.0009162298423383152,0.0008685219465666767,0.0009155000099563761,2449
2022-08-17,0.0007517452794700216,0.0008801874637056207,0.0009158447030053358,2450
2022-08-18,0.0008045957406826029,0.0008575724992195313,0.0009161823333946915,2449
2022-08-19,0.0006302887741183035,0.0008395097644791003,0.0009158169673676456,2448
2022-08-22,0.0008088276473856923,0.0008291028149778542,0.000916161472623387,2448
2022-08-23,0.0007377976014387716,0.0008512585766369344,0.0009174869877092772,2449
2022-08-24,0.0006855453993278028,0.0008172731491649046,0.0009181446065869244,2447
2022-08-25,0.0008032760346132103,0.0008030665929209763,0.0009193713151502571,2445
2022-08-26,0.0008695862399901576,0.0007866081937724013,0.0009195674603368125,2440
2022-08-29,0.0006853726814134552,0.0009059317731344243,0.000922891697412328,2441
2022-08-30,0.0007924749004683135,0.000797827935734199,0.0009240198210610158,2443
2022-08-31,0.0007168709134991829,0.0008771975541368789,0.0009260387676478417,2442
2022-09-01,0.0008917610242104787,0.0008312457277325807,0.0009295083422956299,2446
2022-09-02,0.0008515745160721569,0.0008489381241485312,0.0009291695649611985,2447
2022-09-06,0.0008683540864059116,0.0008627610696371722,0.0009326592529881855,2447
2022-09-07,0.0008663785696062259,0.0009292755732262173,0.0009326967308899213,2448
2022-09-08,0.0008921893578717852,0.0008359269441480139,0.0009341695535417337,2447
2022-09-09,0.0007055381369661952,0.0008521972767651325,0.0009350116880784298,2447
2022-09-12,0.0006243242550116126,0.0007904127149077841,0.0009357293041160505,2448
2022-09-13,0.0008839235000210999,0.0007563128043179245,0.0009387333401727618,2449
2022-09-14,0.0007833413057684991,0.0008183083322975702,0.0009387926151591484,2450
2022-09-15,0.0010399955885693622,0.0008147610670124198,0.0009392586462385894,2450
2022-09-16,0.0009404283848696488,0.0008235918690355316,0.0009333279492182131,2445
2022-09-19,0.0009223472404621543,0.0008732155778146367,0.0009343498219075286,2442
2022-09-20,0.0008475051078653935,0.0008545064290072245,0.0009359111429056957,2444
2022-09-21,0.0009210906026809068,0.0008711851255174046,0.0009385615699459923,2442
2022-09-22,0.0009404467045576772,0.000933500340339094,0.000943431912426148,2444
2022-09-23,0.0011554407464610817,0.0009756604244132998,0.0009432043713900309,2442
2022-09-26,0.0011756017067722328,0.0010433435580581895,0.0009435605881955076,2442
2022-09-27,0.0010333448462507408,0.0010737696403415413,0.0009448606049488029,2443
2022-09-28,0.0010138611272430807,0.0010398349837733504,0.0009462610278129473,2442
2022-09-29,0.0009504180790439178,0.0009724696429343994,0.0009495469671190362,2444
2022-09-30,0.0011122526753012895,0.001009022229007325,0.0009502262222409114,2443
2022-10-03,0.0012403231122362789,0.0010052677166409165,0.0009524859776974763,2443
2022-10-04,0.0008668033361885005,0.000994190182001495,0.0009536076953945181,2442
2022-10-05,0.0009833348475835003,0.0009290067902549603,0.0009541049548133416,2445
2022-10-06,0.0009237972209316756,0.0009233817527849453,0.0009517368956121631,2444
2022-10-07,0.0009051629042945067,0.0009312255821457287,0.0009520081899678151,2443
2022-10-10,0.001003238466795037,0.0009804275054070164,0.0009530283133808145,2442
2022-10-11,0.0011701347230969887,0.0009808925450004767,0.0009446369721158549,2439
2022-10-12,0.0009034671964557647,0.0010238475909376476,0.0009467238141768829,2440
2022-10-13,0.0018804562193358557,0.0009865159269805462,0.0009480511653135314,2438
2022-10-14,0.0010543094880190432,0.001108504626242,0.0009496151062063841,2436
2022-10-17,0.0008923885891420306,0.0011056119366271249,0.0009516630110416312,2436
2022-10-18,0.0009703393040711933,0.0009780588325056057,0.0009539208918071825,2435
2022-10-19,0.0009490093956966328,0.0009975564579688585,0.0009553580960713464,2436
2022-10-20,0.0010695802557902621,0.0010115052518840338,0.000955888478632257,2434
2022-10-21,0.0009432820110768617,0.0010291699020787111,0.0009562467498624165,2431
2022-10-24,0.000954288050076906,0.0009572866658509638,0.0009579335034877671,2431
2022-10-25,0.0011012560555295648,0.0009750917903253389,0.0009596367546810559,2431
2022-10-26,0.001080830357888441,0.0009658697533293663,0.0009609059922774157,2434
2022-10-27,0.0009235294144477338,0.0009678242778543383,0.0009620805596585615,2437
2022-10-28,0.0009836218262524398,0.0009413645002254229,0.0009636941169759144,2436
2022-10-31,0.0007362125672215876,0.0009343547048868977,0.0009648332255497599,2436
2022-11-01,0.0008152085803053065,0.0008755184505011374,0.0009653049314798764,2435
2022-11-02,0.001178308103985565,0.0008946342309650408,0.0009664411197780665,2433
2022-11-03,0.0013806980068355765,0.0010147232452535275,0.0009692482463089252,2433
2022-11-04,0.0013507120568882714,0.0010035131151844596,0.0009705334091106952,2435
2022-11-07,0.000981222890419769,0.00103790834929104,0.0009719473031629314,2436
2022-11-08,0.0012493089510628706,0.000981567698022677,0.000970588423141305,2437
2022-11-09,0.0012696906074727678,0.0010244199539768523,0.0009728224260718794,2438
2022-11-10,0.0013999319650262554,0.001104162960427646,0.0009699517615336771,2438
2022-11-11,0.0013975978097064332,0.0010946720405176312,0.0009715641163399281,2439
2022-11-14,0.001105074567689792,0.001086298864486679,0.0009731320558817581,2438
2022-11-15,0.0011289722737536478,0.0010349444174821128,0.0009724840691855199,2439
2022-11-16,0.0008890904250211367,0.0010481367256850451,0.0009759700691647389,2439
2022-11-17,0.0010457073480667233,0.0010079290858411017,0.0009765202654066905,2440
2022-11-18,0.0009043351129702895,0.0009895000231023863,0.0009779958552403663,2439
2022-11-21,0.000818535483922207,0.000977807017986034,0.0009779592072449766,2441
2022-11-22,0.0007994460620900832,0.0009261538635308255,0.0009790170851829234,2441
2022-11-23,0.0008025481611919073,0.0009054064576491372,0.0009786126662908476,2441
2022-11-25,0.0004733537104201657,0.0008714242390633826,0.0009800632779823645,2442
2022-11-28,0.0008180572139978974,0.0007676452560720406,0.0009763874733299911,2431
2022-11-29,0.0007090153336841896,0.0008726780026447514,0.0009760866002273548,2430
2022-11-30,0.0012233863785985045,0.0008059090354045771,0.000976736114643586,2429
2022-12-01,0.0009649935337792824,0.0008968500743666572,0.000976569001616007,2428
2022-12-02,0.0009303899964235585,0.000911762051374402,0.0009758841888097364,2426
2022-12-05,0.0009294935959128335,0.0008882900041246723,0.000974608125874745,2426
2022-12-06,0.0010718806627348764,0.0009305146981583569,0.0009751348721703518,2425
2022-12-07,0.0009441998332774366,0.0009420457907296299,0.000972293756375896,2423
2022-12-08,0.0010536383357859194,0.0009314311923808778,0.0009717356060846157,2424
2022-12-09,0.0008450743075967197,0.000918715158319398,0.0009717427661575171,2424
2022-12-12,0.0011399112752786828,0.0009172706117937908,0.0009735822220033773,2424
2022-12-13,0.0014314978686925238,0.0009243693069926945,0.0009762398288153591,2429
2022-12-14,0.0009761345721236253,0.0010661800065977936,0.0009763924992699556,2428
2022-12-15,0.0010312805710375851,0.0010049815864301595,0.0009771098899881334,2428
2022-12-16,0.0014969587611995067,0.001026500677045196,0.0009766942684114517,2428
2022-12-19,0.0011628893908788194,0.0010409799696306692,0.0009770539463256184,2428
2022-12-20,0.0010249878595556471,0.0011064237994551575,0.0009769206234925966,2428
2022-12-21,0.0010157862194869016,0.001019852649464368,0.0009778707580411345,2426
2022-12-22,0.0011054870178049013,0.0009856059132853574,0.0009770024993108663,2425
2022-12-23,0.0008585420040641754,0.0010071433893293915,0.0009773567744297638,2425
2022-12-27,0.000871477162946119,0.0009726053235818196,0.0009784412112701002,2424
2022-12-28,0.0010681956994161954,0.00098126595842532,0.0009794414512911186,2423
2022-12-29,0.0009611679049293973,0.0010242765242396677,0.0009775649182440645,2424
2022-12-30,0.0009618351210595568,0.0009920468453170515,0.0009788442120527744,2424
2023-01-03,0.0012188048748936332,0.00097433619514899,0.0009799474754062108,2425
2023-01-04,0.0010429402960159078,0.0010263558287209734,0.0009807234268988747,2426
2023-01-05,0.0009858291913796714,0.000991090080913936,0.0009820595081113993,2426
2023-01-06,0.0010844906194695926,0.0009624143756872189,0.0009830000334920348,2424
2023-01-09,0.0010477730937666556,0.0009723692933556589,0.0009840563274896897,2423
2023-01-10,0.0008936371915303388,0.000976709921094541,0.0009847377078225509,2421
2023-01-11,0.0011191387551992486,0.0009690366572857015,0.0009930339276107115,2421
2023-01-12,0.001001830383350502,0.0009714336768008579,0.0009937418799836105,2421
2023-01-13,0.0010935496523837849,0.000968893649542717,0.000993880985281726,2425
2023-01-17,0.0008186581813079893,0.0009742205485394323,0.000995131959553048,2423
2023-01-18,0.0009858537575978344,0.000915317107792665,0.0009957346270027504,2426
2023-01-19,0.0009114866459522505,0.0009800487011269133,0.0009980012351208443,2428
2023-01-20,0.0009122334817599696,0.0009560438029491104,0.000999562007258793,2429
2023-01-23,0.0008548554061057303,0.0009286385187437226,0.0009993353441977257,2428
2023-01-24,0.0007738815584260891,0.0008875575497275551,0.0009965933619749147,2426
2023-01-25,0.000813996978691368,0.0008632583109029578,0.0009966791147939318,2424
2023-01-26,0.0007921725784965643,0.000836604935390773,0.000989263097411901,2420
2023-01-27,0.0007452090795083971,0.0008236825188663542,0.0009876751524687088,2420
2023-01-30,0.0007918818131738946,0.0008219408183115784,0.000986849795206317,2420
2023-01-31,0.0008062971790218971,0.0008215435865771764,0.0009849205077055712,2418
2023-02-01,0.001280915600984234,0.0008326713222488873,0.0009823881643130034,2418
2023-02-02,0.0011276496314021626,0.0009269747491398335,0.0009860226969255728,2418
2023-02-03,0.0009766517729207877,0.000943160008878673,0.0009850467406484753,2419
2023-02-06,0.0009504514458612066,0.0009091267983038862,0.0009847798619377608,2420
2023-02-07,0.0012361049761842927,0.0009002328094039498,0.0009840486027178118,2419
2023-02-08,0.0008264802251535686,0.0009321053492315065,0.000982928779265018,2415
2023-02-09,0.0010182689777771467,0.0008719514401644566,0.0009825517631019817,2416
2023-02-10,0.0008398376103060611,0.0009693847557017094,0.0009822041372072627,2417
2023-02-13,0.0007243225575760669,0.0008590963825731688,0.0009829932456364597,2416
2023-02-14,0.0008392141527362828,0.0008382367291970441,0.0009828972849947827,2419
2023-02-15,0.0007008637624711105,0.0008331321810469367,0.0009839132265587473,2418
2023-02-16,0.0008335320886792093,0.0007937127991174132,0.0009850783253420982,2420
2023-02-17,0.0007259611900689629,0.0007876626400719623,0.0009845096723470506,2421
2023-02-21,0.0008150292229954797,0.0007742381791302832,0.0009845714335862447,2423
2023-02-22,0.0007304857904940555,0.0008480651516130039,0.0009838018201256116,2424
2023-02-23,0.0008682504198473859,0.0007953148553850871,0.0009832540044580902,2423
2023-02-24,0.0007542731355990479,0.0008221414490909238,0.000983314603231211,2423
2023-02-27,0.0007012436759103046,0.0007929394246739165,0.0009825809801041587,2424
2023-02-28,0.0007222719111526568,0.0007871724326123644,0.0009822249262228559,2421
2023-03-01,0.0007841320505356576,0.0007645972924808552,0.0009809409086583253,2423
2023-03-02,0.0009953442209377343,0.0007693048957491984,0.0009796822892848532,2425
2023-03-03,0.0006493981879860257,0.0007750917405741256,0.0009781709999637275,2425
2023-03-06,0.0007324569522150342,0.0007510931116909107,0.0009771995699558108,2424
2023-03-07,0.0007189030627170724,0.0007874793543941581,0.0009764722644843878,2424
2023-03-08,0.0007016115460568246,0.0007771699663383835,0.0009754644317046428,2424
2023-03-09,0.0009550956252328922,0.0007543185116062156,0.0009766297971097074,2425
2023-03-10,0.0015204762621957178,0.0009112579691724459,0.0009744531298444143,2424
2023-03-13,0.0025817150737837027,0.001073941252696743,0.00097713330010594,2425
2023-03-14,0.0013720463966239154,0.0011488705716101934,0.0009778893793551493,2427
2023-03-15,0.0012701944349301265,0.001181288140609414,0.0009784306417659015,2427
2023-03-16,0.0013634059446715689,0.0010970357291943005,0.0009785320761165537,2429
2023-03-17,0.0010958439797843194,0.0010612139485076423,0.000976511483805518,2428
2023-03-20,0.000980999719749666,0.0011069925443909759,0.0009776318771714035,2431
2023-03-21,0.0008849422887861293,0.0010298197602869382,0.0009780798787056017,2430
2023-03-22,0.0009418462158602542,0.0009688342154198996,0.0009795440212199723,2429
2023-03-23,0.0011894474233706768,0.0010854431326872524,0.0009792380126604269,2428
2023-03-24,0.0008471459336047035,0.0011111706273715634,0.000994430141285043,2440
2023-03-27,0.0007395358044562101,0.0009717012818328598,0.0009943805386245625,2442
2023-03-28,0.0006851049442294688,0.0009238039828045371,0.0009952320580067257,2442
2023-03-29,0.0006968735474365719,0.0008729027589497828,0.0009938693911439728,2439
2023-03-30,0.0008395803336565896,0.0008451891645963166,0.0009974080700682075,2442
2023-03-31,0.0008167764328650195,0.0008792591451343553,0.000997354574594342,2442
2023-04-03,0.0009069061228468904,0.0008325523725403227,0.0009971877049638092,2440
2023-04-04,0.000831697141447677,0.0008568737541548554,0.0009971748597815777,2440
2023-04-05,0.000739834320953849,0.0009161787985222155,0.0009969275630677052,2441
2023-04-06,0.000624426469195802,0.0008607512671688458,0.0009971191604172033,2442
2023-04-10,0.0006964801644462831,0.0007964776248933045,0.00099680072654204,2441
2023-04-11,0.0007404325225713674,0.0008137831624034053,0.0009949149003830099,2441
2023-04-12,0.0006294759703703497,0.0008052458681354614,0.0009950464887482626,2441
2023-04-13,0.0007697211110597017,0.0007943162354049769,0.000994741648076928,2440
2023-04-14,0.0010071869109427797,0.000793424464157196,0.0009945745076540167,2440
2023-04-17,0.0007852819555732582,0.0008591596590962558,0.0009939947752289912,2441
2023-04-18,0.0011238503631898805,0.0008047526921221783,0.000993814013331698,2440
2023-04-19,0.0007334935026401472,0.0008956002809043936,0.0009936973895182512,2440
2023-04-20,0.0008135183994638198,0.0008103634575429195,0.0009990489665074932,2442
2023-04-21,0.0008276105724127968,0.0007893387971466863,0.0010020451007238516,2441
2023-04-24,0.0008557988606931003,0.0007885494652472269,0.001001757647271234,2442
2023-04-25,0.0007932571179449402,0.0008249447614491471,0.0010011298717218934,2443
2023-04-26,0.0008297545573704294,0.0008613691025830364,0.001001596416429764,2443
2023-04-27,0.0009406300964032405,0.0008356717135958669,0.0010009415263920998,2443
2023-04-28,0.0009733363042935248,0.0008211864982801511,0.0010000316450033187,2444
2023-05-01,0.0012692464898339736,0.000828417587132014,0.000998982709833311,2443
2023-05-02,0.00143162581016679,0.000918914411360977,0.0009981703338695735,2443
2023-05-03,0.0014403088208788677,0.0009498760323904578,0.000996437634946643,2442
2023-05-04,0.0016181548993306834,0.0010505473257479282,0.0009961387381996908,2442
2023-05-05,0.0012695574611978888,0.0010781726605850967,0.000995890467432819,2445
2023-05-08,0.0009652125296553893,0.000990494792945999,0.0009959325282310623,2446
2023-05-09,0.0010926518720536925,0.0009601579345418172,0.0009950583369667538,2448
2023-05-10,0.0011119803834724652,0.0009055269110440714,0.000992558418519117,2446
2023-05-11,0.001173693371711275,0.0009328410890086062,0.0009923763588278796,2448
2023-05-12,0.001032036040700324,0.0009135442832696103,0.0009902554294951916,2448
2023-05-15,0.0010986359948086627,0.0009163475015008506,0.0009873562304829977,2449
2023-05-16,0.0009424244053327429,0.0009302960471931778,0.000984134363033085,2447
2023-05-17,0.0010775554210562678,0.0008984706457325078,0.0009813629045987884,2446
2023-05-18,0.000981225403326927,0.0008880364897573935,0.0009849097935938414,2448
2023-05-19,0.0009883054671314267,0.0008772555934964044,0.0009840845077004102,2449
2023-05-22,0.0009836175285004188,0.0008984652498365218,0.0009822122863787786,2451
2023-05-23,0.0019968011156700593,0.0008915172669968275,0.000980258901997908,2451
2023-05-24,0.0007909046756945118,0.0012198524096709961,0.0009786692941065093,2453
2023-05-25,0.002299080524054154,0.0010318459293088065,0.0009780901083927774,2453
2023-05-26,0.0008835545383265069,0.0009666461541495244,0.0009768649334198434,2456
2023-05-30,0.0008868600126785714,0.0008807951487233391,0.0009757882557869016,2456
2023-05-31,0.001047884991861934,0.0008950766301729242,0.0009742294181154292,2458
2023-06-01,0.0010304035931650378,0.0008939300384345632,0.0009729233038702523,2457
2023-06-02,0.000839836689019664,0.0008920454310584948,0.0009722613396686133,2457
2023-06-05,0.0007902730773763124,0.0009157781326339354,0.0009745855439474561,2457
2023-06-06,0.0010702063686710988,0.0008780114507117975,0.0009731003823582695,2460
2023-06-07,0.0009204679844969813,0.0009017000950840624,0.000972487219347283,2460
2023-06-08,0.0008099046493095464,0.0008834106286017567,0.0009714901561534766,2462
2023-06-09,0.0007097422229467192,0.0008137755385183999,0.0009707303554930533,2462
2023-06-12,0.0008392692203799153,0.0008159595532436655,0.0009703712570865882,2460
2023-06-13,0.0007335820072031485,0.0008403569720977275,0.0009694380765742445,2461
2023-06-14,0.0007986874918369392,0.0008311193300639809,0.0009682757194361313,2461
2023-06-15,0.000637768858056952,0.0008334217263912502,0.0009668311042217927,2463
2023-06-16,0.0007678901785291656,0.0007819296584735827,0.0009655521016902167,2462
2023-06-20,0.0008298758355139263,0.000832877878049837,0.0009638972046379902,2461
2023-06-21,0.0009642494393575173,0.0008523415438575523,0.0009637540296869014,2460
2023-06-22,0.0007605388947605751,0.000881599931379469,0.0009604064359161184,2457
2023-06-23,0.0008585064663951479,0.0008260181136918904,0.0009575529647047468,2451
2023-06-26,0.0009721668533334052,0.0008304408599133911,0.0009560574150646716,2452
2023-06-27,0.0008425994940692906,0.0008447027329971886,0.0009520458655464831,2452
2023-06-28,0.0006511293779641944,0.0008175587266710343,0.0009511025008449198,2453
2023-06-29,0.0006915103553262994,0.0007906584992803478,0.0009524263020322647,2455
2023-06-30,0.0009094783460515437,0.0007529356233126076,0.0009490339176094674,2454
2023-07-03,0.0005259105694738998,0.0007684227651370598,0.0009481197646989057,2453
2023-07-05,0.0006750363611576816,0.0007004372644814794,0.0009462677130250583,2453
2023-07-06,0.0007668998609149312,0.0007321435144422495,0.000944413378950961,2456
2023-07-07,0.0006235970507804031,0.0007412565559231954,0.0009432501013214023,2456
2023-07-10,0.0006072291915199353,0.000703847905772755,0.0009415436473854751,2456
2023-07-11,0.0006022854628572201,0.0007147895089677376,0.0009401255342958774,2455
2023-07-12,0.0006011982382449791,0.0007002905498048646,0.000938790598869198,2455
2023-07-13,0.0006172452633497868,0.0006956209876506427,0.0009394121152854776,2454
2023-07-14,0.0006838487318724069,0.0006938379591612783,0.0009378278645586591,2456
2023-07-17,0.0007169610570187864,0.0007279327272485972,0.0009397495167340616,2457
2023-07-18,0.0007833278756561893,0.0007135504417252803,0.0009384898939785286,2458
2023-07-19,0.0006845352904223017,0.0007479461630551731,0.0009381438713307451,2461
2023-07-20,0.000597537747695434,0.000717580517130905,0.0009373798634089019,2461
2023-07-21,0.0006850504081016057,0.0007036570760692822,0.0009360767127777011,2459
2023-07-24,0.0006636041340192881,0.0006992398074566113,0.0009337539497174901,2459
2023-07-25,0.0008054470783813629,0.0007096965183490953,0.000933260607261138,2459
2023-07-26,0.0008187626689248223,0.0007011306271652487,0.000932210069758253,2460
2023-07-27,0.0008846090985418666,0.0006983340185266045,0.0009311997486205171,2460
2023-07-28,0.0007095010493350253,0.0007916077198202266,0.0009305205759696841,2459
2023-07-31,0.0006136319304712352,0.0007269145817643611,0.0009305994438784731,2457
2023-08-01,0.0007344303345755883,0.0007041552573609313,0.0009381360816317066,2458
2023-08-02,0.0008529035730321436,0.0007238925160702545,0.0009371537195919455,2458
2023-08-03,0.0009051950114392314,0.000741033964840352,0.0009334128038649055,2457
2023-08-04,0.0008839160273602783,0.0007568836094848912,0.0009342214669894873,2457
2023-08-07,0.0010021475737158798,0.0007730325105954844,0.0009331401195575509,2457
2023-08-08,0.0009532243966824794,0.0007974031612850934,0.0009351935315898524,2462
2023-08-09,0.0010218910984416232,0.0007871890205158308,0.0009338234976444706,2463
2023-08-10,0.0009380466887292031,0.0008087663948028667,0.0009329598336882311,2462
2023-08-11,0.0006461907042140319,0.000820052031498604,0.0009320670466334138,2463
2023-08-14,0.0007056688422276324,0.0007448459255463519,0.0009294101503450685,2461
2023-08-15,0.0008043996727121266,0.0007281934287296121,0.0009286589980949237,2461
2023-08-16,0.0007816336551773642,0.0007626636343970201,0.00092750825243217,2463
2023-08-17,0.0009367039363575005,0.0007708908297192366,0.0009278743379309936,2459
2023-08-18,0.0007877429814531733,0.0008168652122670075,0.000925627478749527,2459
2023-08-21,0.000735382706057993,0.0007477058636578216,0.000926473574690579,2460
2023-08-22,0.0007285227133991319,0.0007524505858056506,0.0009262966287670292,2461
2023-08-23,0.0006588604090473148,0.0007587603249952332,0.0009260738973493495,2461
2023-08-24,0.0007828407211510193,0.0007131687845075011,0.0009257400976433399,2460
2023-08-25,0.0007309000698456682,0.0007680156377129129,0.0009252644066578392,2460
2023-08-28,0.0006529020716254652,0.0007457994430924772,0.0009247972698572545,2458
2023-08-29,0.0006929263057741502,0.0007180542558768294,0.0009246361623025986,2458
2023-08-30,0.0005785354875683064,0.0007112523548642611,0.0009241317454942525,2459
2023-08-31,0.0008351407366085672,0.000671316314404806,0.0009234335797147849,2458
2023-09-01,0.0006723551606003346,0.000713055675233015,0.0009225866457877684,2459
2023-09-05,0.0009198637887130928,0.0006848967530616822,0.0009215573069742831,2462
2023-09-06,0.0007577077653759686,0.0007728165481010656,0.0009229645666417472,2461
2023-09-07,0.0008023133528617537,0.0007562192829029987,0.0009230744923483687,2464
2023-09-08,0.0012094517423628123,0.0007527243934671513,0.0009213988037270823,2463
2023-09-11,0.0008001436633950942,0.0007601806875488519,0.000919305082003997,2463
2023-09-12,0.0007088779685332716,0.0008147057346314785,0.0009187910666512509,2464
2023-09-13,0.0007021619794676936,0.0007625752984047395,0.0009186362422011589,2464
2023-09-14,0.0006773134592172486,0.0007638903475756737,0.0009196171701704143,2464
2023-09-15,0.000779671740085136,0.000711099659370531,0.000919521289702013,2463
2023-09-18,0.000714010415389038,0.0007714801173382255,0.0009193291104767493,2465
2023-09-19,0.000641296919714477,0.0007561781843460999,0.0009217230309993102,2468
2023-09-20,0.0006890144929045198,0.0007250855086889194,0.0009197182546523817,2470
2023-09-21,0.000682636324811238,0.0007484638050345942,0.0009160324433533031,2467
2023-09-22,0.0006245653663330328,0.000751318367773768,0.0009170561037560711,2469
2023-09-25,0.0006487985452888602,0.0007287024373378569,0.0009164347862397101,2472
2023-09-26,0.000733851491359583,0.0007256883297006306,0.0009161318213688913,2470
2023-09-27,0.0007155483954210539,0.0007327560323281779,0.0009155387272703935,2471
2023-09-28,0.0008138199495292182,0.0007287348297144152,0.0009118858919181077,2468
2023-09-29,0.0007446787920726694,0.0007362284335361578,0.0009105334577267019,2467
2023-10-02,0.0008577943025372998,0.000745561243892176,0.0009094989400216536,2466
2023-10-03,0.0008716415430987627,0.0008244118175229853,0.0009084462788742529,2467
2023-10-04,0.0008428208994301385,0.0008329441293863345,0.0009078136555765166,2466
2023-10-05,0.000812551251923156,0.000821369428227645,0.0009026004507219446,2467
2023-10-06,0.000946377389892996,0.000809103073931733,0.000902171970696664,2467
2023-10-09,0.0007539814952634991,0.0008098232138779991,0.0009085663053015237,2465
2023-10-10,0.0009042081684206628,0.0007693132645373489,0.0009053345087187341,2465
2023-10-11,0.00114721475874738,0.0007859890747450716,0.0009049039283045394,2464
2023-10-12,0.0018514143323587863,0.0008169638205043224,0.0009041837044424272,2464
2023-10-13,0.0014250653188899712,0.0009624431650252965,0.0009035720608392629,2463
2023-10-16,0.0013653777140981314,0.000989888063886706,0.0009001070636235742,2461
2023-10-17,0.0012025658308562417,0.0009350491139593907,0.0009024094518609151,2465
2023-10-18,0.0009072282939147275,0.0008861994606874883,0.0009017647305711966,2465
2023-10-19,0.0008154170409534357,0.000885855809539615,0.0009036650120895626,2467
2023-10-20,0.0009609769867453562,0.0008943212630286257,0.0009030174924361928,2467
2023-10-23,0.0009778373474892295,0.0008776311720530524,0.0009009847417971274,2465
2023-10-24,0.0010997345145010275,0.0009334366784573172,0.0009003406525392988,2465
2023-10-25,0.000922261870544351,0.000954412658142894,0.0008980885864261759,2463
2023-10-26,0.0011026934941791142,0.0009046055214639803,0.0008978493949614343,2467
2023-10-27,0.0011101836637153408,0.0009329281099409216,0.0008960527267994206,2464
2023-10-30,0.0009871006982633305,0.0009532895808922972,0.0008976071134502591,2465
2023-10-31,0.0009946445338777014,0.0009377486304574269,0.0008978247432853225,2464
2023-11-01,0.0010621355505663042,0.0009119285180059961,0.000893772328319438,2461
2023-11-02,0.0012687774585906423,0.000924877437398721,0.0008934251254355698,2462
2023-11-03,0.0011694788566696114,0.0009613337621762206,0.0008939374284314387,2464
2023-11-06,0.0009586784818711827,0.000946105874439314,0.0008942390823741098,2464
2023-11-07,0.0009851681460823017,0.0009710688423501227,0.0008941471240508447,2462
2023-11-08,0.0010250363273438966,0.0009472902016020244,0.0008934058879876844,2460
2023-11-09,0.0014723251105552475,0.0009461408186590898,0.0008934382181260036,2456
2023-11-10,0.0013460912335662714,0.001059168454723582,0.0008842013415293583,2454
2023-11-13,0.0011970012282494003,0.0010147882950137818,0.0008835777082459568,2454
2023-11-14,0.0013392311414253326,0.0009824652482075412,0.0008841707677089267,2456
2023-11-15,0.0010973707581084517,0.000993890211742853,0.000883182366060951,2457
2023-11-16,0.0009798518857385514,0.0009430087707337644,0.0008823399101727803,2458
2023-11-17,0.0009020834238157261,0.0009283533710340991,0.0008810799148943782,2459
2023-11-20,0.0008870190053803064,0.0008740630189367904,0.0008791958490992715,2460
2023-11-21,0.0008577179555336085,0.0008688757159980891,0.0008782955380449715,2458
2023-11-22,0.000749256291878772,0.0008395731192307892,0.0008764069601980087,2459
2023-11-24,0.0005486291334496277,0.0008260852805010423,0.0008758919068157882,2457
2023-11-27,0.0007748789975708571,0.0007478120974594285,0.000874941321337464,2454
2023-11-28,0.0008873516769971544,0.0007785622201870493,0.0008744900838731273,2455
2023-11-29,0.0009377041030610694,0.0008249231577844285,0.0008719395224091399,2454
2023-11-30,0.0014136982280884233,0.0008231188347442552,0.00087247474098258,2452
2023-12-01,0.001163761665349585,0.0009073336357604185,0.0008721974146528868,2453
2023-12-04,0.0009578851053363152,0.0009126489689959305,0.0008723621756216382,2452
2023-12-05,0.0007892826193292451,0.0008897097217140911,0.0008716600288283335,2451
2023-12-06,0.0009708885689150512,0.0008348050724385713,0.000871926209991649,2453
2023-12-07,0.0009840177590134365,0.0008634990303995675,0.0008738497109225478,2455
2023-12-08,0.0007725422709385625,0.0008513617524638883,0.0008731561439067987,2457
2023-12-11,0.0009152222700867093,0.0008116213384529087,0.0008706244301258511,2458
2023-12-12,0.0007769630898455217,0.0008336291476782759,0.0008699947662882013,2460
2023-12-13,0.0014981425859405583,0.0008237671658513952,0.0008692090792626562,2459
2023-12-14,0.0011491409362541143,0.0009267881390787575,0.0008688460070600721,2459
2023-12-15,0.0009827779905067884,0.0009720165775969003,0.0008703417528013414,2462
2023-12-18,0.0010345874032352592,0.0009229416434356322,0.0008698042225402662,2462
2023-12-19,0.0008988435742261512,0.0009146089281487506,0.0008697104150467028,2462
2023-12-20,0.001137388274650451,0.000890563125047915,0.0008695701942438921,2461
2023-12-21,0.0007987763217970493,0.0009678392311035731,0.0008685670569902432,2463
2023-12-22,0.0008261601527222663,0.0008730479177272099,0.0008680991099494981,2463
2023-12-26,0.0006768713566591785,0.0008673311360346826,0.0008674200760754998,2465
2023-12-27,0.0007172113720802496,0.0008206609563364199,0.0008664374068152952,2468
2023-12-28,0.000800505954946981,0.0008482497651842828,0.0008628844019402602,2470
2023-12-29,0.0009430043466934632,0.00083061442687567,0.000862422672203569,2470
2024-01-02,0.0009880523169435694,0.0008492973209494764,0.0008623854753286735,2471
2024-01-03,0.0008582462631606865,0.0008714613766692561,0.0008634083259234168,2474
2024-01-04,0.000762007346911932,0.0008903644027031018,0.0008623271272606926,2473
2024-01-05,0.0008042195153956801,0.0008441990690447087,0.0008599395356960617,2471
2024-01-08,0.0008087784488896973,0.0008358227958554708,0.0008595571885661714,2469
2024-01-09,0.0006250948477056833,0.0008301731748729356,0.0008565603064009319,2468
2024-01-10,0.0006596282417088464,0.0007847715895684115,0.0008556214326788826,2470
2024-01-11,0.0008487033095018483,0.0007660205551242941,0.0008545830168532602,2466
2024-01-12,0.0007256102302561137,0.0008118233368416007,0.0008540148615107712,2465
2024-01-16,0.0007461021993230735,0.0008238062816416748,0.0008525313227799228,2468
2024-01-17,0.0007051969233223889,0.0008487860975750675,0.0008531471248882618,2469
2024-01-18,0.0006788731886168266,0.0008105755159985091,0.0008502140679866196,2471
2024-01-19,0.0007398860503994573,0.000803537514765117,0.0008506152035384342,2470
2024-01-22,0.0008156888740042193,0.0007876875121633107,0.0008499235407469452,2471
2024-01-23,0.0007123113757387965,0.0007867726560022366,0.0008490596872149305,2472
2024-01-24,0.0007158721854024277,0.0007688179841277289,0.0008471935223276421,2471
2024-01-25,0.0008516295152946245,0.0008228198325518767,0.0008474798514897319,2473
2024-01-26,0.0007651619813838677,0.0008263934631977305,0.0008476241917663122,2472
2024-01-29,0.0008405279353477955,0.0007935748320457869,0.0008474911624619535,2472
2024-01-30,0.0007019727438720632,0.000801858652756336,0.0008460721284326016,2471
2024-01-31,0.0010336875018048602,0.0007738827273233326,0.0008497669375112566,2468
2024-02-01,0.0011035547383892903,0.0008759012789990495,0.0008497702612880142,2467
2024-02-02,0.0009057503897189876,0.0008903197409549342,0.0008504405194281536,2470
2024-02-05,0.0008073398410192719,0.0008421621586405879,0.0008506378726601512,2470
2024-02-06,0.0009516336225754609,0.0008681126961942322,0.0008548284645135582,2471
2024-02-07,0.0009807510841842088,0.0008806549023405795,0.0008538819257026665,2470
2024-02-08,0.0008587096425675758,0.0008762719962729644,0.0008529106345027286,2470
2024-02-09,0.0007759074113879722,0.0008283981513750658,0.0008533443391856648,2471
2024-02-12,0.0010237946198837307,0.000801760187442289,0.000852480880977704,2473
2024-02-13,0.0011265111098127088,0.0008404303988140597,0.0008522539964382342,2473
2024-02-14,0.0009985233253483757,0.0008867832476961285,0.0008497674177477591,2472
2024-02-15,0.0010389304254007174,0.0008589868408925721,0.000846481933864513,2472
2024-02-16,0.0009127790556464838,0.0008535428269593511,0.0008475785908337541,2473
2024-02-20,0.0010324818333947241,0.0008352321142228461,0.000847492108105646,2473
2024-02-21,0.0010344417703651836,0.0008709005815203706,0.0008495811336380643,2476
2024-02-22,0.0009258776270464268,0.0008844513481645181,0.0008494801202938056,2478
2024-02-23,0.0010514196996670906,0.0008538043507406737,0.0008479468575466188,2476
2024-02-26,0.001027183806660538,0.0008550141328792918,0.0008478504567549076,2477
2024-02-27,0.0008832604007164641,0.0008236401593082344,0.0008479863029580766,2477
2024-02-28,0.0010232047937840049,0.0008513175790849533,0.0008505770021434076,2478
2024-02-29,0.0011569793250087359,0.0008253643872029293,0.000851060266377558,2477
2024-03-01,0.0009811016114482784,0.00087160636746077,0.0008515090180282587,2476
2024-03-04,0.000976033700493125,0.0008533691685078737,0.0008518086749056891,2476
2024-03-05,0.0009204568751302856,0.0008811935489348814,0.0008528056455267584,2480
2024-03-06,0.0010616585416640411,0.0008717345980079447,0.0008533296455574993,2481
2024-03-07,0.0008054303104081423,0.0008792209375439695,0.0008538030280642675,2479
2024-03-08,0.0008915439596292936,0.0008337900031736383,0.0008537314313022596,2480
2024-03-11,0.000789787300184553,0.0008328261153335149,0.0008543529818492704,2481
2024-03-12,0.0008231756179912006,0.0008419735962097742,0.000854790067077858,2479
2024-03-13,0.0008295108280086881,0.0008232923691773724,0.0008543893704073829,2479
2024-03-14,0.001000800053030598,0.0008437118035666051,0.000853037182087565,2479
2024-03-15,0.0011108199075227903,0.0009089852083873175,0.0008514499355508614,2478
2024-03-18,0.0011405171841156595,0.0008829057559757801,0.0008503004027468743,2478
2024-03-19,0.0008087101150675416,0.0009207646896683668,0.0008494386002312645,2479
2024-03-20,0.0009403418279332104,0.0008353087799772225,0.0008487079933951447,2480
2024-03-21,0.0007883293134286082,0.0008645857410088851,0.0008476624048116823,2480
2024-03-22,0.0006911561404101645,0.0008097961329639426,0.0008469736632430105,2485
2024-03-25,0.000741157197210292,0.0008135200132287599,0.0008463613632426246,2485
2024-03-26,0.0007459449281906201,0.0007841027788581735,0.0008432851148556053,2483
2024-03-27,0.00084596029045975,0.0008023094232162659,0.000844686799740282,2486
2024-03-28,0.0008853812880715867,0.0008067205220823164,0.0008429346328681491,2486
2024-04-01,0.000921432660990784,0.0008093672694619139,0.000842687021061899,2485
2024-04-02,0.0008915517715327183,0.0008157687191058532,0.0008430861768473554,2485
2024-04-03,0.0009584120034851792,0.0008160689070925231,0.0008433680664655196,2485
2024-04-04,0.001015060284297484,0.0008258549673427218,0.000843045626123872,2483
2024-04-05,0.0008764844432149282,0.0008582049208341188,0.0008445800778993307,2483
2024-04-08,0.000883522785228267,0.0008144433171699381,0.0008404747564120516,2483
2024-04-09,0.0009545172394692971,0.0008066904910335303,0.0008400346853013701,2483
2024-04-10,0.0009564159953658713,0.0008271424646585457,0.0008378015465237782,2481
2024-04-11,0.0008783600620298988,0.0008748385728655355,0.0008378364956499689,2481
2024-04-12,0.0008507153449139732,0.0007896367799033725,0.0008377529671446721,2479
2024-04-15,0.0012467280741488608,0.0008601707011566017,0.0008373379457716486,2478
2024-04-16,0.001238339846833294,0.0009770574329039106,0.000837514190752174,2479
2024-04-17,0.0011634563901636028,0.0009410798651445596,0.0008382613632787606,2479
2024-04-18,0.0009403780255715412,0.0009784551125922053,0.0008370027996805288,2484
2024-04-19,0.0008021564406726642,0.0009359616683679234,0.0008364201748591618,2484
2024-04-22,0.0008348711897341402,0.0008737435771888285,0.0008341974118158427,2483
2024-04-23,0.0008935307563091734,0.0008508118410089483,0.0008389659122813049,2484
2024-04-24,0.0008340530895696426,0.0008534418728128091,0.0008394105407100819,2484
2024-04-25,0.00091908404278956,0.0008286600918523925,0.0008387374503472095,2483
2024-04-26,0.0008175364290354746,0.0008178602238428094,0.0008367736560560375,2481
2024-04-29,0.0007762493575640381,0.0007924891962246015,0.0008368324613088967,2479
2024-04-30,0.0009567166446201057,0.0007963630096137408,0.0008372875112223106,2476
2024-05-01,0.0012849619545100357,0.000848313321885977,0.0008355835385895876,2475
2024-05-02,0.0011774806558458469,0.000892971331801609,0.0008381840991228648,2475
2024-05-03,0.0010200898370741548,0.0008831021084389677,0.0008371114423349511,2474
2024-05-06,0.000819786398342405,0.0008614553032826338,0.0008394970346922094,2473
2024-05-07,0.0008326571034713125,0.0008462742836566635,0.0008393984581158536,2474
2024-05-08,0.0008469473728894267,0.0008270455752509408,0.000842335246101251,2474
2024-05-09,0.0009213045635136581,0.0008054049874543452,0.0008411193057316234,2473
2024-05-10,0.0009198925556983541,0.0008112257198401058,0.0008373451688641656,2471
2024-05-13,0.001015313840577255,0.0008168596564331698,0.0008372062942853449,2472
2024-05-14,0.0010589695467887268,0.0008369591505190231,0.0008367321471390748,2472
2024-05-15,0.0009417001262175777,0.0008701392082213263,0.0008379078018336036,2474
2024-05-16,0.0010643557679987019,0.0008305605253463663,0.0008354885279249096,2473
2024-05-17,0.0012684676800580924,0.0008544042979689841,0.0008352489401096682,2472
2024-05-20,0.0009447680297955158,0.0009108663431000373,0.0008353506759076335,2472
2024-05-21,0.0008997276929075922,0.0008823547131524742,0.0008364928168299524,2472
2024-05-22,0.0008642674498361867,0.0008250925885428193,0.0008360385704849687,2471
2024-05-23,0.0009587293451575641,0.0008504229123827316,0.0008358383773332665,2473
2024-05-24,0.0007552150859959895,0.0008627755536568508,0.0008381049542030257,2475
2024-05-28,0.0012405741815251928,0.0008222832654918635,0.0008367510061433195,2475
2024-05-29,0.0008193739369045817,0.0008784518622330739,0.0008357717611609027,2476
2024-05-30,0.0012906794390878675,0.0008476057808383001,0.0008356772515020947,2475
2024-05-31,0.0010311778322120285,0.0008751343055158027,0.0008347476767188377,2473
2024-06-03,0.0010215749410699606,0.0008478775763002394,0.0008353530681391322,2473
2024-06-04,0.0008786429171228851,0.0008689123224176627,0.0008352222678568818,2472
2024-06-05,0.0009078737991909697,0.0008302473448739287,0.0008359358506920538,2473
2024-06-06,0.0009069234705139634,0.0008358643686293938,0.0008355813224498657,2474
2024-06-07,0.0009208186279129814,0.0008671750086995565,0.0008356145827025442,2473
2024-06-10,0.000911668653561391,0.0008335910436862656,0.0008394747687399353,2474
2024-06-11,0.0009572078641009896,0.0008339818642211622,0.0008400650639450913,2474
2024-06-12,0.0012296901078249003,0.0008599331712977119,0.0008395339677337362,2471
2024-06-13,0.0010030034881311233,0.000942708971442486,0.0008397556942918547,2471
2024-06-14,0.0008467048272822063,0.0008642294619783446,0.000840233018461831,2471
2024-06-17,0.0011515365040398885,0.0008639076946809284,0.0008404455522046894,2471
2024-06-18,0.0010098030340900282,0.0008619074054249736,0.0008424476786577268,2473
2024-06-20,0.0008971514109342463,0.0009178953849011646,0.0008443163440345197,2475
2024-06-21,0.0008121883441966437,0.0008813277194203075,0.0008447341808214474,2474
2024-06-24,0.0007881103976015533,0.0008442994343494131,0.0008456874979631275,2475
2024-06-25,0.0007798695258755658,0.0008509900667582028,0.0008441477763482656,2476
2024-06-26,0.0007916731725383166,0.0008457223201298873,0.0008442552902513784,2475
2024-06-27,0.0008142116370362193,0.0008231703571131978,0.0008441051025917272,2476
2024-06-28,0.001245706021896772,0.0008140695256998701,0.0008440612470246996,2476
2024-07-01,0.0009885864927474063,0.0008571834932200663,0.0008418222035273732,2475
2024-07-02,0.0007239858528565718,0.0008888572287944042,0.0008421803604190918,2476
2024-07-03,0.0008744133058647685,0.000829614721164129,0.0008413359076758748,2476
2024-07-05,0.0008116767518699578,0.000782780612202132,0.0008410071289330388,2473
2024-07-08,0.0006982596911653098,0.0008011496099649303,0.000836664199379388,2473
2024-07-09,0.0009559052619853999,0.0007760951552562629,0.0008365128653573333,2476
2024-07-10,0.0010443699662109598,0.0007913342828865063,0.0008364680847136066,2475
2024-07-11,0.0009919369098992056,0.0008223194515338254,0.0008368760755313046,2477
2024-07-12,0.0008331348324261128,0.0008404804397907297,0.000835826237700688,2476
2024-07-15,0.0009020083588970162,0.000804910968594057,0.0008356103152918867,2477
2024-07-16,0.0008722665516618396,0.000801360074164467,0.0008350706477660803,2477
2024-07-17,0.0009125949847414407,0.0008273526375957908,0.0008376181120623231,2478
2024-07-18,0.0011673259012876867,0.0008363659665785207,0.0008374635933933888,2478
2024-07-19,0.0007622607630565695,0.0009005695536333805,0.0008369844706976103,2477
2024-07-22,0.0008759885880518649,0.0008296988115535096,0.0008352355548801662,2477
2024-07-23,0.001251234596978406,0.0008458046483702537,0.0008379649574184041,2478
2024-07-24,0.0011287371472244905,0.0008713889027114094,0.0008393787221756615,2478
2024-07-25,0.0012387894684870277,0.0008872037473950233,0.000840496458865886,2478
2024-07-26,0.00079762964948001,0.0009173099543346103,0.0008372045088561253,2477
2024-07-29,0.0007902230185716901,0.0008421883651010987,0.000838024468302041,2476
2024-07-30,0.000904061945491008,0.0008507378356758177,0.0008383032558781898,2478
2024-07-31,0.0011422779950548863,0.0008830495666156511,0.0008381626938529139,2480
2024-08-01,0.0015327691267831868,0.0009079115003667086,0.0008388122917412707,2480
2024-08-02,0.0012671433279774847,0.0011194124436842018,0.0008395073873349497,2481
2024-08-05,0.002152266475269661,0.0010812957010453322,0.0008292937509433462,2482
2024-08-06,0.001253987881999044,0.0012004274566651707,0.0008306784636008425,2484
2024-08-07,0.0013439274403186014,0.0010840325414109126,0.0008360701347719471,2486
2024-08-08,0.0012169722494297813,0.0012437674387097122,0.0008369082893171416,2486
2024-08-09,0.0009714256181377168,0.001075304868996785,0.0008389589588213069,2485
2024-08-12,0.0009869639997023623,0.0010300938807468831,0.0008376528208873232,2484
2024-08-13,0.000858739273923988,0.0010333681028954086,0.0008387787595889888,2484
2024-08-14,0.0008304815084648572,0.0009402497509100015,0.0008416530249224995,2486
2024-08-15,0.0010082767229776324,0.000920102437055938,0.0008426991139892331,2484
2024-08-16,0.0007334921654115068,0.0009205448400931966,0.0008438705224217266,2485
2024-08-19,0.0007420298817588812,0.0008514498074952686,0.000844580354460125,2485
2024-08-20,0.0007875728603675341,0.0008458192433205782,0.0008474925638095237,2487
2024-08-21,0.0007374047866855559,0.0008645191499169662,0.0008503510575567363,2490
2024-08-22,0.0007422110725943304,0.0008167923674519238,0.0008508722962408716,2490
2024-08-23,0.0009271785566386012,0.0008231265642945633,0.0008509246376513845,2493
2024-08-26,0.0006583277852573244,0.0008319967109572505,0.0008513760062737962,2493
2024-08-27,0.0007710434162020029,0.0007942235150877714,0.0008510437426070007,2493
2024-08-28,0.0006820668459926898,0.0007616226053912842,0.0008500298253139796,2494
2024-08-29,0.0007439177484392073,0.0007678116784714344,0.0008523385805217517,2494
2024-08-30,0.0006824668745575304,0.0007694164547855835,0.0008512330438836558,2493
2024-09-03,0.0009580384107420836,0.0007668024079987101,0.0008511157866793234,2493
2024-09-04,0.0007741008859035134,0.0008834252140721404,0.0008516379416758468,2495
2024-09-05,0.001106862772654912,0.0008010342424069838,0.0008520913670735248,2496
2024-09-06,0.0009607949545474989,0.0008222698801766048,0.0008567976178418779,2496
2024-09-09,0.0009195774801002123,0.0008709988935544173,0.0008572945447991539,2494
2024-09-10,0.0009073259345542794,0.000856129435661455,0.0008565237898325174,2494
2024-09-11,0.0010027139341706778,0.0008479759702808248,0.000861327847370338,2495
2024-09-12,0.000984854464359616,0.000885152012554274,0.000861539445371124,2494
2024-09-13,0.0009144912297076427,0.000901371574248148,0.0008620288390903854,2494
2024-09-16,0.0007899150584511956,0.0008671069648377035,0.0008627515182707337,2494
2024-09-17,0.001607778392699434,0.0008413699007999566,0.0008650984590758896,2495
2024-09-18,0.0013947967584967238,0.0010624324392689143,0.0008656947849353975,2495
2024-09-19,0.0008814919619805021,0.0009017905730207156,0.0008670062813198218,2495
2024-09-20,0.0008697324374944376,0.0008630326721274137,0.0008677710976678167,2495
2024-09-23,0.0007920459644081329,0.0008619898975365276,0.0008683020105418338,2496
2024-09-24,0.0007461938439257572,0.0009223245309444193,0.0008633517024731374,2495
2024-09-25,0.0006921277969591396,0.0008535922650608215,0.0008641655457030056,2496
2024-09-26,0.0007814793217317623,0.0008306232949375936,0.0008678208058574276,2500
2024-09-27,0.0007326951118400594,0.0008226143108575679,0.000869933079484138,2502
2024-09-30,0.0008194342339360613,0.0008031905236163064,0.0008694132921367058,2502
2024-10-01,0.000915247643588241,0.0008238086039704459,0.0008699003861518586,2502
2024-10-02,0.0008126316469024266,0.0008655643058063005,0.0008700028111773781,2502
2024-10-03,0.0006871773911289772,0.0008219736093750369,0.0008702288355183976,2503
2024-10-04,0.0007817365905548287,0.0007871490537840321,0.0008720998136649673,2504
2024-10-07,0.0008918688604856459,0.0007919033783492948,0.0008739281947781589,2509
2024-10-08,0.0007503470814048227,0.0008250284751518425,0.0008740214714489825,2509
2024-10-09,0.0007202519545410475,0.000800916969796298,0.0008742785893245096,2509
2024-10-10,0.0006543334906238684,0.0007810583244417966,0.0008741059299259406,2512
2024-10-11,0.0006553955850514664,0.0007610229662248083,0.0008703741226661125,2511
2024-10-14,0.0006540253591352601,0.0007540513970763086,0.0008707161123734382,2510
2024-10-15,0.0008695997600599512,0.0007407076184220205,0.0008708896472540017,2510
2024-10-16,0.0010382626294877296,0.0007823697388784799,0.0008698348413023045,2508
2024-10-17,0.000718158674941246,0.0007949241717714586,0.0008713060386684637,2508
2024-10-18,0.0008298790949865254,0.0007738329292185473,0.0008708291044286906,2508
2024-10-21,0.0009326032674519701,0.0008040067009061466,0.0008688939001498936,2509
2024-10-22,0.0007309971941778726,0.0008393559140954619,0.0008675053817320737,2510
2024-10-23,0.0008820496808977266,0.0007717704252002238,0.0008696634468305591,2511
2024-10-24,0.0008578586385235307,0.00078371872263835,0.0008684550903159411,2510
2024-10-25,0.0008867532482542913,0.0007844088352321517,0.0008697728209015321,2508
2024-10-28,0.0007405872151658346,0.0008121055871288278,0.0008691490963632368,2510
2024-10-29,0.000881351907251615,0.0007734167994593946,0.0008688553009619498,2510
2024-10-30,0.0008899562432156477,0.0007897200370630597,0.0008661517627572095,2509
2024-10-31,0.0009428260848503482,0.0008077678035227729,0.0008656792833623232,2510
2024-11-01,0.000865920636783174,0.000833674090527506,0.0008641957328862851,2510
2024-11-04,0.0010552847357983442,0.0008325249285515857,0.00086520331847359,2509
2024-11-05,0.0009843718424123531,0.0008439863098688436,0.0008653339230034297,2507
2024-11-06,0.0014648919401097644,0.0008302745734688137,0.0008649071916482137,2507
2024-11-07,0.001224682457862245,0.0009156056075029617,0.0008656555553402575,2508
2024-11-08,0.0011807220550602681,0.000888965993974759,0.0008655316345414676,2508
2024-11-11,0.0010170850718786264,0.0009065801557800751,0.0008665033910453679,2508
2024-11-12,0.001219419356091384,0.0008973275474826766,0.0008686796363021735,2509
2024-11-13,0.0015188298395685208,0.0009407438504512572,0.0008700344048342988,2511
2024-11-14,0.0013498371133691073,0.0010350313020577773,0.0008746052118438141,2511
2024-11-15,0.0011766019147440125,0.001047890249679361,0.0008694317632316033,2510
2024-11-18,0.001049878886475648,0.0011126593293022012,0.0008697560060648122,2510
2024-11-19,0.0008430785324538274,0.0009897937584574655,0.0008703668287680626,2511
2024-11-20,0.000913388948628034,0.000913658422814082,0.0008704888564413185,2511
2024-11-21,0.0010211161279821712,0.0009009384183975035,0.0008700341102714248,2513
2024-11-22,0.0009489708855501899,0.0009115584769842665,0.0008702247513330465,2513
2024-11-25,0.0011620282938672036,0.0008960778116646307,0.0008703942074912938,2513
2024-11-26,0.001085368997493915,0.0009444013876960418,0.0008710838294829062,2514
2024-11-27,0.0007946958228918795,0.0009019157334338095,0.0008719534899580427,2514
2024-11-29,0.0005972815962905209,0.0008557559949059176,0.000870156957400002,2511
2024-12-02,0.0010190101396215818,0.0008051910309844625,0.0008682757667686894,2509
2024-12-03,0.0009443758299972592,0.0008763214942493768,0.0008739929551250758,2511
2024-12-04,0.0009785222703609594,0.0008582378333175843,0.000877381449090566,2513
2024-12-05,0.0009348067811851011,0.0009160782505213946,0.0008767338781298997,2513
2024-12-06,0.0008984726861981662,0.0009087990569734173,0.0008768503095256184,2512
2024-12-09,0.0011606737628663195,0.000877014818704112,0.0008757725186627293,2513
2024-12-10,0.0009955394484184035,0.0009508926248184383,0.0008752596801000519,2513
2024-12-11,0.000951472495550076,0.0009171058195712985,0.000878850222432823,2514
2024-12-12,0.0009435650144818112,0.0008922884288928443,0.0008792070077127509,2514
2024-12-13,0.0008442963367435462,0.0009157504047182154,0.0008793379565189365,2514
2024-12-16,0.0010605641243447259,0.0008889001476993713,0.0008772902838503814,2513
2024-12-17,0.0011649184682882279,0.0009294766649539741,0.0008770399519701643,2513
2024-12-18,0.0019172177167219927,0.0009656150722706299,0.0008770719935974,2513
2024-12-19,0.0015725107638095803,0.0013247833734332563,0.0008788846565736946,2515
2024-12-20,0.0016077435000307393,0.0012406177267600433,0.0008844578922977003,2516
2024-12-23,0.0012508851854882103,0.001134782708406521,0.0008862532621458553,2518
2024-12-24,0.0005930133898080245,0.0010433712719921109,0.0008871628239870377,2519
2024-12-26,0.0009689863084073071,0.0008947840240567594,0.0008909127624378983,2516
2024-12-27,0.0012070804314070686,0.0009377622946586361,0.0008908920876520838,2518
2024-12-30,0.001425552973275993,0.000962861765955251,0.0008927035693845087,2519
2024-12-31,0.0013923449863499473,0.001015868685907446,0.0008926586545288496,2520
2025-01-02,0.0015966851955591405,0.0009983262442912644,0.0008934327580241308,2524
2025-01-03,0.0013650064133074078,0.0010897035370264773,0.0008947628604855005,2525
2025-01-06,0.001578698422784605,0.0010783382012733468,0.0008952858187860149,2526
2025-01-07,0.0013762438000934252,0.0010946885656072133,0.0008954186346344643,2530
2025-01-08,0.0016114400015025238,0.0010961542292725287,0.0008960153770221939,2531
2025-01-10,0.0013135944221919834,0.0011167981315083134,0.0008970358310113834,2531
2025-01-13,0.0015546631645482335,0.0011524072843491278,0.0008990166174219637,2530
2025-01-14,0.0013594583325867474,0.001162725073165559,0.0009003105910113405,2530
2025-01-15,0.0012005656820150213,0.0010971382370060308,0.0009018181323799595,2530
2025-01-16,0.001088242938189334,0.001064951920131709,0.0009027435933225137,2531
2025-01-17,0.0008212381532998747,0.0010106538493801726,0.0009039068959743237,2530
2025-01-21,0.00117759829257445,0.0009614706603282972,0.0009052118296371727,2530
2025-01-22,0.0010581834385330147,0.0009593153442042539,0.0009054333008112494,2531
2025-01-23,0.0009034721429432511,0.0009668126892416697,0.00090681364501764,2532
2025-01-24,0.0008303558413967635,0.0009357840653629381,0.0009074994724598665,2532
2025-01-27,0.0012064061578586373,0.0009301411152791928,0.0009127486371460633,2533
2025-01-28,0.0009942547642097196,0.0010159308968193442,0.0009131597673167663,2533
2025-01-29,0.0008413141504716315,0.0009638603185750725,0.0009145626069502805,2533
2025-01-30,0.0009756866176728024,0.0009280618972781964,0.0009151489797835935,2533
2025-01-31,0.0010573329116879036,0.0009354518448991343,0.0009204791585890015,2533
2025-02-03,0.0012796453200386347,0.0009617085483421916,0.0009246095839104363,2535
2025-02-04,0.0007633562344925024,0.0010197737441044472,0.0009248465239617268,2536
2025-02-05,0.0008343117531900168,0.000920550795408859,0.0009251209613765405,2538
2025-02-06,0.0009728535680068441,0.0009126973153745079,0.0009205555165980595,2537
2025-02-07,0.0009309776986378106,0.0009450059460347188,0.0009179113498828657,2536
2025-02-10,0.0009355008591593726,0.0009674720600454317,0.0009198058970659756,2536
2025-02-11,0.0010462830673247153,0.0009590993645333868,0.0009212863808985709,2539
2025-02-12,0.0009004564151198181,0.0009716991715821511,0.0009213600452740768,2539
2025-02-13,0.0009381152134819501,0.0009281195186074925,0.0009218602485240125,2540
2025-02-14,0.0009319805601744407,0.000915058634558999,0.0009271298609038196,2543
2025-02-18,0.001053810371333045,0.0009076287097278649,0.0009291291773635256,2544
2025-02-19,0.000984430915372238,0.0009436069759337335,0.0009288390019732515,2545
2025-02-20,0.00106178710317811,0.0009198392900577924,0.0009287081139369403,2546
2025-02-21,0.0011254056208781363,0.0009298414465227884,0.000928601876002081,2548
2025-02-24,0.001171395121863935,0.0010619953856171635,0.0009361631368047923,2550
2025-02-25,0.0013971097384640582,0.0010754847141746834,0.0009376586103121219,2552
2025-02-26,0.0012048038505797836,0.001101948270739814,0.0009382366201049193,2552
2025-02-27,0.001120532977998731,0.0010906009835447567,0.0009370169399086549,2553
2025-02-28,0.0010262297419082905,0.0011473063840999724,0.0009365335377679204,2553
2025-03-03,0.0017246646266570428,0.0010097609322390624,0.0009369222547231979,2555
2025-03-04,0.0018118387339881275,0.0013735560942535626,0.0009399020718942699,2558
2025-03-05,0.0010785793571600588,0.0012863315592389,0.0009418628214429028,2559
2025-03-06,0.0010496084565655365,0.0011154816836919834,0.0009388786843301566,2559
2025-03-07,0.0013802311814426686,0.0010832966816972823,0.0009396368219586568,2560
2025-03-10,0.00144104418622234,0.0011389280205440695,0.0009402597041817651,2559
2025-03-11,0.0012597455454548359,0.001250633100670403,0.0009410050728780534,2560
2025-03-12,0.0012030346783981334,0.0011935851847747249,0.0009423683381954951,2560
2025-03-13,0.0013523795530798544,0.001206836461398142,0.0009438633699834437,2560
2025-03-14,0.0010266954973246218,0.001271549210059972,0.0009453102331297098,2560
2025-03-17,0.001070891708846319,0.001109317513831561,0.0009465644441123232,2561
2025-03-18,0.0009730432297516895,0.0010763730737186185,0.0009476693454124961,2561
2025-03-19,0.0008664921911085364,0.0010184872732467419,0.0009528633401285156,2562
2025-03-20,0.0008756205668321344,0.0009868186306860476,0.0009531066408805304,2562
2025-03-21,0.0011278481905873743,0.0009639998908517159,0.0009538588073542573,2561
2025-03-24,0.0010527569676267233,0.0010087032026613854,0.0009539643665638722,2561
2025-03-25,0.0008861814221611081,0.001002276548832085,0.0009545950607807606,2561
2025-03-26,0.0008839370014783826,0.0009562369997874662,0.0009550541582211474,2560
2025-03-27,0.0009005291216290397,0.0009718385199450452,0.0009551653252228158,2561
2025-03-28,0.0011485536298877824,0.0009425485515168929,0.0009553239634816841,2561
2025-03-31,0.0013164773696556368,0.0010375457968944735,0.0009573722431771048,2564
2025-04-01,0.0011188850197837142,0.0010440409354242816,0.0009583184366537397,2564
2025-04-02,0.0012933516076927812,0.0010413267522423855,0.000957952917772664,2563
2025-04-03,0.0017355252142776253,0.0010387563920439406,0.0009588384307075709,2563
2025-04-04,0.0030124219956556317,0.0012039108384795463,0.0009593369531140677,2564
2025-04-07,0.005950029319012643,0.0014769905885931244,0.0009642997239320151,2567
2025-04-08,0.0038075395023240526,0.0018981930657791513,0.0009668801915225089,2567
2025-04-09,0.005867855650417603,0.002613514697403029,0.0009707469330583979,2567
2025-04-10,0.0022958706831395824,0.002829605920320904,0.000977892771066797,2567
2025-04-11,0.001718941231480586,0.0021316827386327368,0.0009858559321207516,2566
2025-04-14,0.0013701820820413257,0.0016540490589387418,0.0009878927796955627,2564
2025-04-15,0.0010897292391694761,0.0015069536879943203,0.0009905023771709836,2563
2025-04-16,0.0011805954162268284,0.0013432266555852418,0.0009934867685711067,2561
2025-04-17,0.001098747916829205,0.0013664608734552058,0.0009962470164765812,2562
2025-04-21,0.0013138952143157657,0.0013232308176952025,0.0009974549028494706,2563
2025-04-22,0.0012840584766898187,0.0013554255568533414,0.0009978779395447906,2563
2025-04-23,0.0013250235107592047,0.0012553882981800354,0.0009991629295553214,2562
2025-04-24,0.0011971716829480808,0.0013059436508448686,0.0010008797777390545,2565
2025-04-25,0.001102980780858071,0.001257357290561265,0.0010025353046862172,2565
2025-04-28,0.0011362247831005357,0.0011997206803821877,0.0010041123022754188,2564
2025-04-29,0.000849013531794522,0.0011710292875835623,0.0010050957358046532,2561
2025-04-30,0.001203410414369159,0.0010755961580706805,0.0010063895997517477,2561
2025-05-01,0.0010510717305287926,0.001111331195552819,0.0010073636959980524,2561
2025-05-02,0.0013550831895746845,0.0010893949162818295,0.001008415063443462,2561
2025-05-05,0.0009798216557543118,0.0010902637127667722,0.0010093941222450253,2561
2025-05-06,0.0011938193340655758,0.0010777651741737224,0.0010101203830480438,2560
2025-05-07,0.0010737822691408397,0.00110868387830939,0.0010093772427332004,2558
2025-05-08,0.0015973060259435133,0.0010575909883395978,0.0010113666749149636,2560
2025-05-09,0.001062592301736981,0.0011111048338535913,0.0010098671563897488,2561
2025-05-12,0.0016146907364996959,0.0010770522576959225,0.0010109046908391977,2561
2025-05-13,0.0013932867908583477,0.0011419882544449517,0.0010117585246892517,2561
2025-05-14,0.001153311343052777,0.0011463012190458634,0.0010116152066780644,2560
2025-05-15,0.0011184945553478016,0.0011683200218675714,0.0010142930402897107,2560
2025-05-16,0.0009733586282714252,0.0011199306792650937,0.0010157919436196313,2561
2025-05-19,0.0007779499592404409,0.0010435570329507902,0.0010163140527104336,2562
2025-05-20,0.000721429227815918,0.00097747504964615,0.0010164951649286906,2561
2025-05-21,0.0009929227705795483,0.0009434124504263341,0.0010169143503313844,2561
2025-05-22,0.0008827899651250555,0.0010496426520468535,0.0010170728990208198,2561
2025-05-23,0.0008447152551565539,0.000974867472582348,0.0010146931990281836,2564
2025-05-27,0.0011355815392944002,0.0009540574178546254,0.0010143908338364606,2564
2025-05-28,0.0010031355912491294,0.0010051541507121503,0.0010146790274415756,2564
2025-05-29,0.0012415322566038266,0.0010149374771016915,0.0010163804770262515,2564
2025-05-30,0.0009296560802422275,0.001094078517030476,0.0010163517132439532,2565
2025-06-02,0.001743912500269914,0.0009474867037933942,0.0010171808458838542,2564
2025-06-03,0.0011005854112279654,0.001069695612179973,0.001015526413768442,2562
2025-06-04,0.0009167143154197865,0.0010725342079906846,0.0010166050659202478,2560
2025-06-05,0.001153698045400849,0.0009859025859172874,0.0010251695793882087,2562
2025-06-06,0.0008864473857543315,0.0010233279208751533,0.0010256043925511477,2562
2025-06-09,0.0012184298344748896,0.0009786015738989637,0.0010261570937983545,2562
2025-06-10,0.0010676711971556341,0.0010223693856042779,0.0010266494557414785,2562
2025-06-11,0.0011823162724064731,0.0009843181317975005,0.001027156851780415,2562
2025-06-12,0.0007492793633925439,0.0010093696707794975,0.0010263854666498612,2562
2025-06-13,0.0008809807089660771,0.0009154301002192946,0.0010270522320818616,2562
2025-06-16,0.0014338427027192806,0.0009398389900685178,0.00102668002415841,2562
2025-06-17,0.001146351429218255,0.0009595583741609995,0.0010266446872149316,2561
2025-06-18,0.0009244101847289322,0.0010047975134519413,0.0010267947782923968,2561
2025-06-20,0.0012200840106568439,0.0009577791834575005,0.0010270634865452788,2561
2025-06-23,0.004834944888822663,0.0010072738547129568,0.001027156764998686,2562
2025-06-24,0.0010507575304453053,0.0010759194080610232,0.0010309374865168138,2562
2025-06-25,0.0010619976677480813,0.0009882290805227,0.0010343995177126996,2564
2025-06-26,0.0008247672175578498,0.0010145896319197075,0.0010354040520144307,2562
2025-06-27,0.0009187117211113219,0.0009598898068770811,0.0010361088016603997,2562
2025-06-30,0.0008512988108367813,0.0009604511711727362,0.0010365334108182447,2562
2025-07-01,0.0013678521492481448,0.0009392451983198787,0.0010413356079706385,2563
2025-07-02,0.0009183963646142776,0.0010433189573329474,0.001041760597095322,2563
2025-07-03,0.0006361468509515375,0.0010016152972442932,0.0010426873574425712,2564
2025-07-07,0.000825930084825413,0.000902442088124311,0.0010431092161550504,2564
2025-07-08,0.001154060288971047,0.0009615083751654893,0.0010428601566277605,2564
2025-07-09,0.00086299023447369,0.001038904014819544,0.001043637821024452,2563
2025-07-10,0.0009246933160298287,0.0009795193309325538,0.0010411264371507883,2560
2025-07-11,0.0009067881730888993,0.0009852510016009918,0.0010416820856003332,2560
2025-07-14,0.0016831724336344126,0.001007366910784923,0.0010424886528145915,2559
2025-07-15,0.0012112619083359916,0.0010685237212849593,0.0010428579375383281,2559
2025-07-16,0.0009500567519697698,0.0010399710897956997,0.00104269568038402,2559
2025-07-17,0.0010802119001261086,0.000961521099442415,0.0010431425195977667,2561
2025-07-18,0.0008568551414136106,0.000942301538427237,0.0010496504303068527,2562
2025-07-21,0.0011837203184157214,0.0009317372715715623,0.0010500676801038229,2562
2025-07-22,0.0010230488014994871,0.0009530549189275715,0.0010503884644657,2562
2025-07-23,0.0008688168947810606,0.0009606372056616174,0.0010507920444607517,2562
2025-07-24,0.0009456262665376212,0.0008901082296727766,0.001054339762116629,2562
2025-07-25,0.0008803336752042157,0.0009179550718345786,0.0010540968716691167,2563
2025-07-28,0.0008025535115863188,0.0008413364282284878,0.0010540909929074545,2562
2025-07-29,0.001453351228740839,0.0008519502460907581,0.0010565825842192064,2564
2025-07-30,0.001109328449147232,0.0009367049391879207,0.001057121347488098,2565
2025-07-31,0.0013192074295112985,0.0009716378842651115,0.0010570931728376488,2565
2025-08-01,0.001145638286821597,0.0009741650918617185,0.0010575596431732215,2565
2025-08-04,0.0009659742954871879,0.0010036110493970166,0.001057965986040059,2565
2025-08-05,0.0009071406823636969,0.0009013999190005423,0.0010585667908622276,2563
2025-08-06,0.0010886057221901739,0.0009100024501810943,0.0010612934722011717,2564
2025-08-07,0.001298915534598173,0.000924691190371718,0.0010602595973786997,2564
2025-08-08,0.0010721730895344042,0.0009637867582570173,0.0010590420175058143,2563
2025-08-11,0.0010683834214579755,0.0009489947774076091,0.0010565530763602924,2562
2025-08-12,0.0010574365617719112,0.0009570888302333207,0.0010552676585195552,2564
2025-08-13,0.0010400278606951991,0.0009327972725274611,0.0010543911157704137,2564
2025-08-14,0.0010775440778114584,0.0009282843874560324,0.0010571887261577573,2565
2025-08-15,0.000850354012796958,0.0008963009988368583,0.001055446980940493,2565
2025-08-18,0.0007642614604249818,0.0008767913377524672,0.0010555456221418888,2567
2025-08-19,0.000768968780593433,0.0008386148857149506,0.001055424098515058,2566
2025-08-20,0.0007657759605985601,0.0008652772389606925,0.0010550678224953492,2565
2025-08-21,0.0007535480103114224,0.0008284572025983684,0.0010540396814282486,2565
2025-08-22,0.0011666098685042846,0.0007920388132156806,0.0010529192507619776,2566
2025-08-25,0.0006842946150811808,0.0009485402411241643,0.0010539123877506846,2568
2025-08-26,0.0006317365293345272,0.0008123833216333843,0.0010540907160737972,2569
2025-08-27,0.0005861233242436449,0.0007655835659665397,0.0010539400711410244,2569
2025-08-28,0.0006294718039070496,0.0007312240264559168,0.0010547500968931273,2570
2025-08-29,0.0009785493939722893,0.0007454308528431096,0.0010546077780156518,2572
2025-09-02,0.0008159495462166619,0.0007527293287277226,0.001053616211012521,2572
2025-09-03,0.0008505359861410826,0.0007739638070092201,0.001053373813039614,2572
2025-09-04,0.0009853483729142874,0.0007729228751965875,0.00105816218290479,2572
2025-09-05,0.0009485375121547437,0.0008102730921733925,0.001056907963637882,2572
2025-09-08,0.0009293294171320631,0.0008215045749645674,0.0010558127344244166,2570
2025-09-09,0.0009820879342895864,0.0008132735601130775,0.0010579630675713126,2571
2025-09-10,0.0008941723152838941,0.0008245587830543039,0.0010592035271752565,2571
2025-09-11,0.0008874841015377336,0.000827845229797388,0.0010587905881088665,2571
2025-09-12,0.0009255211657148824,0.0008200298360469228,0.0010583567729805963,2570
2025-09-15,0.0009291727936132098,0.0008263864502705567,0.0010581078564839976,2569
2025-09-16,0.0008201305932907143,0.0008512986354084197,0.0010602371819454434,2570
2025-09-17,0.0009684481393187191,0.0008100771847723433,0.001067162863556317,2571
2025-09-18,0.0007571067515912553,0.0008250663954069709,0.0010729519077579124,2573
2025-09-19,0.0008036025590083644,0.0007910167654282561,0.001072474782650829,2573
2025-09-22,0.0008942577860557699,0.0008383595763934739,0.0010718756502315814,2574
2025-09-23,0.0008891475047407591,0.0008596835220799661,0.0010707680812398162,2575
2025-09-24,0.0008755853472120856,0.0008359594679296781,0.0010704192522860737,2575
2025-09-25,0.0008543566844894533,0.0008155153692223786,0.0010698494253372917,2576
2025-09-26,0.0008740413024296289,0.0008249321477653948,0.0010700066525132176,2574
2025-09-29,0.0008767560823509415,0.0007997245631446031,0.001066718681741477,2574
2025-09-30,0.0008406014625899978,0.0008527923528815253,0.0010697154899063442,2576
2025-10-01,0.0010481153595666606,0.0008144292303103533,0.0010690743447022324,2576
2025-10-02,0.0007649961606940157,0.0008374734407726438,0.0010683068803866507,2576
2025-10-03,0.0008020128154025493,0.0008091379028169737,0.0010646521050894898,2575
2025-10-06,0.0008861163096655966,0.0007985271847999494,0.0010642833832234149,2576
2025-10-07,0.001174680359271743,0.0008199052797565113,0.0010646724539699016,2577
2025-10-08,0.0009670688150842074,0.0008833819786107172,0.0010641826050601618,2577
2025-10-09,0.0009009134430883038,0.000846003591558462,0.0010645213100068396,2576
2025-10-10,0.0013070429261584412,0.0008580634035884356,0.0010647585706067212,2578
2025-10-13,0.000983817800705857,0.0010759743324855158,0.0010644412111179534,2580
2025-10-14,0.001412047855471525,0.0009502255412250631,0.001065696991466931,2579
2025-10-15,0.0014792587720068179,0.0010137870705751767,0.0010662240865358683,2579
2025-10-16,0.0015337965123690227,0.0011839425989356122,0.0010669658134364194,2579
2025-10-17,0.001002135419662643,0.001888544180223885,0.0010685465998679642,2579
2025-10-20,0.0009616386345935537,0.001012885955756461,0.0010750779147825538,2579
2025-10-21,0.000864002259731129,0.0009567714045835079,0.0010749658316854215,2581
2025-10-22,0.0011426634096372585,0.0008991134871183368,0.0010751532518072002,2580
2025-10-23,0.000921223350752073,0.0009643795689547378,0.0010752420009055368,2580
2025-10-24,0.0009197500578790687,0.0008820408499793452,0.001075659507847328,2580
2025-10-27,0.0008382060160164012,0.0008460349875086822,0.0010758177010072648,2579
2025-10-28,0.0008586745143476672,0.0008672515158816389,0.0010754491737751937,2581
2025-10-29,0.0011610698487991816,0.000868374014515334,0.001074708483680013,2581
2025-10-30,0.0012902252759065314,0.0009366707191097758,0.0010744972886297388,2581
2025-10-31,0.001074086375944035,0.0009521869944141602,0.001073572975580752,2581
2025-11-03,0.0011611849247024125,0.0009071277674369166,0.0010734883116659975,2581
2025-11-04,0.0010777227277498544,0.0009539147311586831,0.0010655701376296948,2580
2025-11-05,0.0011140718722026212,0.0009622509743589875,0.0010674910399368802,2582
2025-11-06,0.0013200182359582456,0.0009451513340625864,0.001068244875388597,2583
2025-11-07,0.0014450319991802,0.001044792120569616,0.001068725303270882,2582
2025-11-10,0.0010651649271784865,0.0010207205520866465,0.0010694144440695956,2583
2025-11-11,0.0010111190198232264,0.000981018286310578,0.0010733319774965896,2585
2025-11-12,0.0009479612742379107,0.0009570824546706601,0.0010709976644526897,2579
2025-11-13,0.0012056712580218074,0.0009369360261168649,0.001069710129995486,2579
2025-11-14,0.0011226469851862556,0.0010549767729183762,0.0010694831653062934,2579
2025-11-17,0.0012500528442401975,0.0009771907268332778,0.0010696995603292029,2579
2025-11-18,0.0009432844546342888,0.0010830742571155908,0.0010719066207631083,2578
2025-11-19,0.0009908297293501208,0.0009728579856209797,0.0010717423997386247,2578
2025-11-20,0.0016001290981750276,0.0010028699193349116,0.0010707863976071642,2578
2025-11-21,0.001263737242486107,0.0012610537955440554,0.001068272295633125,2579
2025-11-24,0.0010565063574454487,0.0011295612400191732,0.0010702916225301426,2580
2025-11-25,0.001103643052757686,0.0010342201570217103,0.0010677377093683716,2578
2025-11-26,0.0007920416699530064,0.0009858188611128992,0.0010680125031837795,2578
2025-11-28,0.000507311431655412,0.0009091266568851358,0.001068180098822755,2578
2025-12-01,0.0008694393598532428,0.0008130393768497721,0.00106849140886452,2578
2025-12-02,0.0007868123884239589,0.0008579987429283731,0.0010679357131244728,2579
2025-12-03,0.0009370738498286053,0.0008600072593558086,0.0010848048108137622,2579
2025-12-04,0.000859123155470445,0.0008735693814589223,0.0010845680124590038,2579
2025-12-05,0.0008506578969808376,0.0008498297949562559,0.00108409779708327,2580
2025-12-08,0.0011348852891504382,0.0008544798090297108,0.0010829703689041923,2579
2025-12-09,0.0009737926083400114,0.0008915512783850977,0.0010829170127903982,2580
2025-12-10,0.0011747702191496413,0.0009227025800743959,0.0010825328037008183,2580
2025-12-11,0.0012267099166615772,0.0009162854620680853,0.001082153726617913,2580
2025-12-12,0.0009116233817243017,0.0009079645284026246,0.0010818435886045244,2582
2025-12-15,0.0009687914242213415,0.0009110896449319957,0.001081086276131594,2582
2025-12-16,0.0008726748334352824,0.000952764967707002,0.0010807553321700344,2582
2025-12-17,0.001115346424482079,0.0009062730791682947,0.0010810994762342756,2581
2025-12-18,0.0009367297868929081,0.0009731020059517562,0.001076688986896925,2580
2025-12-19,0.0008377514694521104,0.0009337400403671498,0.001076536956980566,2580
2025-12-22,0.0008577707643177128,0.0008869927041226546,0.0010756096408436621,2580
2025-12-23,0.0007054011047027141,0.0008789910206308459,0.0010742311649708034,2580
2025-12-24,0.0005629834803135816,0.0008691527495327892,0.0010756021785013623,2584
2025-12-26,0.0005877012336173881,0.0007814215465616328,0.0010701206924960888,2583
2025-12-29,0.0008358754905959161,0.0007882709437706317,0.0010676839211585956,2584
2025-12-30,0.0006969674363532329,0.000792756520126362,0.0010659870309390218,2587
2025-12-31,0.0006308410795848563,0.0007797672029016582,0.001065370492794359,2588
