date,actual,predicted,reference,count
2019-01-02,0.0016590149125891938,0.0013591584426183394,0.0008719544313984251,2312
2019-01-03,0.0013200467082338837,0.00143338765424325,0.0008759238374738885,2310
2019-01-04,0.0012257492572536556,0.0013489340906127456,0.0008778328846312995,2311
2019-01-07,0.0012763419813249398,0.0012893215082061622,0.0008791056740277319,2312
2019-01-08,0.0011096298101690497,0.0012479345351311807,0.0008797308517341715,2311
2019-01-09,0.0009160945162766688,0.0011768559252226427,0.0008841732676176529,2311
2019-01-10,0.001097606065577945,0.001115710108457045,0.0008856652304142263,2310
2019-01-11,0.0007705333089428743,0.0010917109834210372,0.000884307190570562,2306
2019-01-14,0.0009522990106626036,0.0010024271381377278,0.0008836387362224824,2305
2019-01-15,0.0010083278681917915,0.0010478494860228066,0.0008843200220370892,2305
2019-01-16,0.0008360363267371493,0.0010115149212955824,0.0008857194087614331,2305
2019-01-17,0.0008654310448940728,0.0009480910663420272,0.0008845747494151196,2306
2019-01-18,0.0008286761703436622,0.000951324883391523,0.0008823232633135319,2303
2019-01-22,0.000833768809510105,0.0009176100423837116,0.0008828424677291052,2303
2019-01-23,0.0009067267591677651,0.0009422500027899389,0.0008834216996196002,2303
2019-01-24,0.000811101685360674,0.0009379685042470207,0.0008839990013341797,2301
2019-01-25,0.0006476522087289924,0.0009271993369320803,0.0008845886850990329,2300
2019-01-28,0.0008003331511021161,0.0008872954954482715,0.0008805290286924541,2299
2019-01-29,0.0006476748315653406,0.0009103194542597236,0.000881210415063793,2298
2019-01-30,0.0007317275728733403,0.0008596517418757457,0.000881519817861009,2296
2019-01-31,0.0009895228182579237,0.0008545672275806133,0.0008818750010908535,2295
2019-02-01,0.0007349505555111077,0.0009014885032808196,0.0008834788098527355,2292
2019-02-04,0.0006692993451155923,0.0008612861602036602,0.0008841866386990281,2287
2019-02-05,0.0006575976837460916,0.0008320420968229672,0.0008841659582119227,2286
2019-02-06,0.0006229522760681805,0.0008006120829285173,0.0008822728214668873,2287
2019-02-07,0.0008279164525916244,0.0007763988149951366,0.0008786406942293769,2288
2019-02-08,0.0008942431271312888,0.0008184641695443105,0.0008706345734483341,2291
2019-02-11,0.0006448745042559179,0.0008257969304925119,0.0008703822004762138,2291
2019-02-12,0.0006595046849903088,0.0007854723236455914,0.0008694619236273536,2290
2019-02-13,0.0006488490879797695,0.0007689932716026535,0.0008651230870351974,2290
2019-02-14,0.0007681102767537172,0.000789731316795729,0.0008637712551717754,2290
2019-02-15,0.0007462041837078446,0.0007673994841992476,0.0008647548353826925,2293
2019-02-19,0.0007476011213258975,0.0007590831405703933,0.0008645650047438798,2294
2019-02-20,0.0007346260080702736,0.0007878062132514609,0.0008647154229617639,2292
2019-02-21,0.0006262539175482933,0.0007607054087896855,0.0008643028134390111,2294
2019-02-22,0.0006852913251461925,0.0007286268599393412,0.0008634135630085884,2296
2019-02-25,0.000650326862122496,0.0007012047409042079,0.0008632604681575115,2295
2019-02-26,0.0006902972855110843,0.0007210101477689655,0.0008632169505899072,2292
2019-02-27,0.0006826474743561094,0.0007168652367774218,0.0008682253284542896,2293
2019-02-28,0.0006902191194708407,0.0007129211992058809,0.0008689890871126006,2291
2019-03-01,0.0006706213213395726,0.0007086621712118142,0.0008686674408779514,2291
2019-03-04,0.0009898402356443496,0.000703760220533537,0.0008676045164748046,2292
2019-03-05,0.000662880404838657,0.0008028020071910585,0.000867264694250054,2294
2019-03-06,0.0007636804421773694,0.0007511589574231919,0.000868176522495096,2293
2019-03-07,0.0009659289327674832,0.0008040779980751086,0.0008673617559161056,2296
2019-03-08,0.0011659330755505058,0.0008666523944584283,0.0008696690826692224,2292
2019-03-11,0.0008147234218089007,0.000854375261042699,0.0008725124036772841,2292
2019-03-12,0.0006233101220363512,0.0008224206289399798,0.0008725543240328327,2291
2019-03-13,0.0007260410057693248,0.000763018334905328,0.0008718517118777068,2293
2019-03-14,0.0007303243061830686,0.0007351107703852632,0.0008714126239443428,2293
2019-03-15,0.0008123924019962552,0.0007550440475650226,0.0008718098085827508,2292
2019-03-18,0.0008624764920940655,0.0007315591945377117,0.0008723879109310797,2292
2019-03-19,0.0007234525981949849,0.0007319834094054784,0.0008717820717923442,2294
2019-03-20,0.0007650627031823513,0.0007294636429581679,0.0008711446562466053,2292
2019-03-21,0.00065010845410504,0.0007485327976775993,0.0008712655180846584,2292
2019-03-22,0.0007162025476973134,0.0007260100724114055,0.0008510408540865559,2290
2019-03-25,0.0008346360330920253,0.0007985298913306216,0.0008525789164483366,2298
2019-03-26,0.0006284853300730643,0.0007929504744084888,0.0008525705716290209,2296
2019-03-27,0.0007472902884881771,0.0007638512900354292,0.0008495467371232834,2293
2019-03-28,0.0006411713276889556,0.000777654062622227,0.0008484763517804351,2295
2019-03-29,0.000657935939221867,0.0007099071316104336,0.0008450799595835774,2293
2019-04-01,0.0006944649770069909,0.0007022300380858111,0.000845379044137279,2293
2019-04-02,0.0005486039039457024,0.0007099755142662669,0.0008465969001911018,2296
2019-04-03,0.0005464149806049687,0.0006784293432617211,0.0008429492966623095,2296
2019-04-04,0.0005573796229047143,0.0006631356633970537,0.0008425448504838203,2297
2019-04-05,0.0007225506501516228,0.0006474440270167466,0.0008419065961033835,2297
2019-04-08,0.0005909815485981467,0.0006535516050290223,0.0008425257234706633,2296
2019-04-09,0.000550887329633916,0.0006389592366384962,0.0008417168399517654,2294
2019-04-10,0.000601510447573483,0.0006310555701045839,0.0008401978220030439,2292
2019-04-11,0.0005507494583319041,0.0006344775303831432,0.0008401881562488254,2291
2019-04-12,0.0005159791261329589,0.0006145653781594008,0.0008426283325003244,2292
2019-04-15,0.0005896991412083693,0.0006149142723980206,0.0008432150884454116,2292
2019-04-16,0.0006423826860158986,0.0006177818257572048,0.0008441125824408317,2292
2019-04-17,0.0007195136792271727,0.0006428044627554656,0.0008464858982858287,2291
2019-04-18,0.0006178015232291449,0.0006903304801902781,0.0008441587186130906,2290
2019-04-22,0.0005852617043474188,0.0006439330020219785,0.0008439951703723806,2290
2019-04-23,0.000611628706478084,0.0006236140263486136,0.0008438645703792812,2291
2019-04-24,0.0006123830411972072,0.0006259653901226958,0.0008476645989840667,2290
2019-04-25,0.0007835807154803236,0.0006227686311769465,0.0008439011189427195,2298
2019-04-26,0.0005637423964568515,0.0006411424759345004,0.000836361514114309,2296
2019-04-29,0.0005704766996239773,0.0005909461983515008,0.00083668803475352,2298
2019-04-30,0.0006329221557745348,0.0005907909095118231,0.0008398199956581651,2298
2019-05-01,0.0007389110450661976,0.0006166831286069951,0.0008397938520173015,2297
2019-05-02,0.0009101221762635673,0.0006492982197431961,0.0008402676551328313,2297
2019-05-03,0.000678966861019106,0.0006778948606033412,0.0008393063217695454,2295
2019-05-06,0.0007798079678975586,0.0006447929772137379,0.0008387011814092153,2296
2019-05-07,0.0008197447707642429,0.0006568998589594713,0.0008374007917530405,2296
2019-05-08,0.0007319252282517213,0.0006631699749507898,0.0008348046097467791,2298
2019-05-09,0.0009774042599621684,0.0006564529820417923,0.0008323966103101029,2297
2019-05-10,0.0008015442257279472,0.0007011952943325318,0.0008330113833807504,2290
2019-05-13,0.0008049526025416585,0.0006728688085457787,0.0008314629040460699,2289
2019-05-14,0.0007625829473475898,0.0007221959446178553,0.0008311850458309328,2289
2019-05-15,0.00060882727703954,0.000682011895769489,0.0008334747547515096,2291
2019-05-16,0.0005982283250146545,0.0006571617312223896,0.000833271831109313,2290
2019-05-17,0.0006880930860571975,0.0006487142297313401,0.0008336871089295896,2287
2019-05-20,0.0006467276071988095,0.0006703880070792294,0.0008350009255946033,2286
2019-05-21,0.0006163666108680302,0.0006518136867397441,0.0008352957392069002,2289
2019-05-22,0.000642891328264723,0.0006407568885083276,0.0008358514426452661,2289
2019-05-23,0.0007807644938851526,0.0006707039620575246,0.0008376046878399181,2291
2019-05-24,0.0006150867654353237,0.0007142910037340277,0.0008379736698295578,2294
2019-05-28,0.0006020371363581791,0.0006668508398387252,0.000837528109786196,2292
2019-05-29,0.0006517434142090149,0.0007073180149307135,0.0008375978202802502,2292
2019-05-30,0.0008263858449410213,0.0006980806256661254,0.0008373006284858166,2294
2019-05-31,0.0007478097477479888,0.0007248753206909699,0.0008396163232344741,2297
2019-06-03,0.000904743723296676,0.0007203293532099147,0.0008393831681895639,2298
2019-06-04,0.0007958525603745731,0.000755723112780157,0.0008406527419566755,2298
2019-06-05,0.0010109158939390114,0.0007255010401411306,0.0008465821715362615,2298
2019-06-06,0.0008515029198470291,0.0007869554432368815,0.00084416840792233,2296
2019-06-07,0.0006669933385623274,0.0007874102840059869,0.0008451203825565343,2295
2019-06-10,0.0007789921201945033,0.0007162367891751934,0.0008451033879389758,2296
2019-06-11,0.0009647000528310741,0.000731968560388408,0.0008451990011392931,2296
2019-06-12,0.001109907080355122,0.0007764398879768597,0.0008441611997671568,2291
2019-06-13,0.0006035643256343356,0.0008028768721704027,0.0008457824595011175,2293
2019-06-14,0.0005913544714287833,0.0007041368401425865,0.0008429300071506947,2291
2019-06-17,0.0008103209402850481,0.0006974962746038732,0.0008421807421271691,2289
2019-06-18,0.0007491695735812282,0.000714979586813475,0.0008432221119244312,2289
2019-06-19,0.000606121208003217,0.00069829044945459,0.000844552024284063,2287
2019-06-20,0.0007822599557572082,0.0006801026669180435,0.0008465786820832312,2291
2019-06-21,0.0006844570083960405,0.00070314368821278,0.000844853255427498,2294
2019-06-24,0.002625240882996407,0.0007154720878485921,0.0008469028720149072,2295
2019-06-25,0.0012024945416346437,0.0007577622451322503,0.0008539914401159197,2296
2019-06-26,0.0008438254316578036,0.0007893640455955206,0.0008554279883120688,2294
2019-06-27,0.000683034216111804,0.0008018141591853176,0.0008544591843923857,2289
2019-06-28,0.0007692614663620307,0.0007103050678181589,0.0008541232563520813,2291
2019-07-01,0.0007926848968658844,0.0007071223755912406,0.0008534238776377671,2294
2019-07-02,0.000708756403113114,0.0007076183794396277,0.0008531252726828655,2294
2019-07-03,0.0004707572786997614,0.0007165095793065898,0.0008527058629021597,2293
2019-07-05,0.0004547895086325895,0.0006264817510343829,0.0008532944062295398,2290
2019-07-08,0.000558326917986543,0.0006132825041436266,0.0008516078903652168,2287
2019-07-09,0.0005394383639991391,0.0006135864977333585,0.0008512141800557242,2287
2019-07-10,0.0005876223711274702,0.0006023091432872786,0.0008495880255071524,2286
2019-07-11,0.0006255414931645841,0.0006139150921751737,0.0008495519057230285,2289
2019-07-12,0.000491712521434993,0.0006236249344415155,0.0008440578620255428,2289
2019-07-15,0.0006909667006377582,0.0005934751623387822,0.0008442286406407909,2290
2019-07-16,0.0006270376529259204,0.0006565535357056106,0.0008458832337561303,2288
2019-07-17,0.0005885441503858275,0.0006603711247760668,0.0008469880316490425,2289
2019-07-18,0.0006481912304132785,0.0006372996019071635,0.0008472276545206296,2288
2019-07-19,0.0007659650683628492,0.0006504368864361224,0.0008482904178447956,2286
2019-07-22,0.0006874736652097498,0.0006676572819630962,0.0008467524288469951,2288
2019-07-23,0.000547113988238538,0.0006590367077849578,0.0008473120481672138,2289
2019-07-24,0.0006310107635369986,0.0006237146997296325,0.0008492093332436755,2289
2019-07-25,0.0007079892344640826,0.0006245176799792735,0.00084819102680714,2290
2019-07-26,0.0006203474965426641,0.0006401478282336534,0.0008187800545686398,2289
2019-07-29,0.0006865554875704581,0.0006016088594661592,0.0008196651579766236,2287
2019-07-30,0.0008287300367864783,0.0006511002843186085,0.0008220270575260927,2287
2019-07-31,0.0009038262737459144,0.000658309284346426,0.0008233288525014661,2288
2019-08-01,0.0013386548647293256,0.000700096375245689,0.0008228053583519333,2286
2019-08-02,0.001051523275144357,0.0008417092391598466,0.0008242038803905705,2290
2019-08-05,0.0010448520561506496,0.000805526687133223,0.0008257934691037382,2292
2019-08-06,0.001098335470665219,0.0008663944268981829,0.000826532164236642,2293
2019-08-07,0.0012738232632042022,0.0008611473519934865,0.000827027414179256,2292
2019-08-08,0.0009544477944890909,0.0008582787849266383,0.0008299346607193451,2293
2019-08-09,0.0008986794784807965,0.0008231884113440799,0.0008288928119121953,2289
2019-08-12,0.0008332547035978016,0.0008197966996262801,0.0008296405949952851,2292
2019-08-13,0.0013088527277607476,0.0007969860319172562,0.0008244587445667218,2292
2019-08-14,0.0009589316360886943,0.000789939539016544,0.0008267903087130871,2290
2019-08-15,0.0010661250860736847,0.0008511528486236744,0.0008295907078285347,2291
2019-08-16,0.0007420684310280031,0.0008873136080786507,0.000830621224293048,2292
2019-08-19,0.0009441693676294086,0.0007796285140888551,0.0008260296139699934,2292
2019-08-20,0.0006564350062039465,0.0008076192165646662,0.0008268234125702047,2292
2019-08-21,0.0007302639194885109,0.0007323955891328513,0.0008262681419478073,2292
2019-08-22,0.0005842362522090718,0.0007186656271639851,0.0008265866449874194,2294
2019-08-23,0.0008524667639692309,0.0006974824883738875,0.0008268942063834895,2293
2019-08-26,0.0007192227598165071,0.0008244113479610575,0.0008286252125676869,2291
2019-08-27,0.00105695165367871,0.0007679266199011323,0.0008304235979074015,2289
2019-08-28,0.0007660848969102908,0.0008429953363792087,0.0008329559428223012,2292
2019-08-29,0.0006323095347449776,0.0007558979102989067,0.0008331361960090839,2292
2019-08-30,0.0006408462563815638,0.0007129375015849119,0.0008349461521570996,2291
2019-09-03,0.0008411588027255033,0.0007057464220310448,0.0008394943242259577,2290
2019-09-04,0.0006415715795014651,0.0007648691066273264,0.0008425999016695941,2294
2019-09-05,0.0007967054176853561,0.0007061850583246777,0.0008426688590778815,2296
2019-09-06,0.0006432293936122015,0.0007129137746322283,0.0008433159108950481,2295
2019-09-09,0.0007576862554629374,0.0006998494695087825,0.000843173019491345,2295
2019-09-10,0.0010661238961091422,0.0007548718851948529,0.0008443874847071818,2293
2019-09-11,0.0008739575777087561,0.0007780272948151332,0.0008464316816900981,2291
2019-09-12,0.0008393465682890005,0.0007526353160432355,0.000847400252439147,2293
2019-09-13,0.0007235522668402305,0.0007512763834929153,0.0008474346053308351,2293
2019-09-16,0.0007980026399680484,0.0007432335944100847,0.0008471084461804448,2293
2019-09-17,0.0006713599408851155,0.000753989652456206,0.000848478657827745,2290
2019-09-18,0.0006579357236411932,0.000722302077324863,0.0008492891940757128,2291
2019-09-19,0.0006376914816712263,0.0006998727685125181,0.000850764681188998,2294
2019-09-20,0.0006262789309941258,0.0007000358907032489,0.0008507089941114019,2297
2019-09-23,0.000566482987496264,0.0006875298621808261,0.0008523544394537961,2298
2019-09-24,0.000983164268286313,0.0006739383542828042,0.0008521229485211235,2300
2019-09-25,0.0006497776605620068,0.0007669965690212515,0.0008532434010049529,2300
2019-09-26,0.0006524440181593161,0.0007127992725766703,0.0008533637741530053,2297
2019-09-27,0.0007756489438264409,0.0007162891673526306,0.0008497952465238418,2298
2019-09-30,0.0009129600475659089,0.0007662303329889562,0.0008517406662631308,2297
2019-10-01,0.0009930818860851057,0.0009028409791706025,0.0008535048078430667,2296
2019-10-02,0.0008630160221964687,0.0008794609720412024,0.0008545403375706155,2296
2019-10-03,0.0008832464263068478,0.000823632994632647,0.000856054517985667,2298
2019-10-04,0.0006462281000090114,0.0007924126738056313,0.0008554415066069891,2295
2019-10-07,0.0006910861505113712,0.0007328180061083516,0.0008540379747506841,2297
2019-10-08,0.000761489420269389,0.0007302633806296482,0.000855875224435088,2297
2019-10-09,0.0006526262703028066,0.000773700757676767,0.000857534986397059,2298
2019-10-10,0.0006483559052360446,0.0007531125339404705,0.0008561454255797934,2297
2019-10-11,0.0006830687343849327,0.0007152286331734995,0.0008556598093527057,2295
2019-10-14,0.0006820678505832204,0.0007254369509637169,0.0008482215228638359,2292
2019-10-15,0.0007971672856654717,0.0007216325734637701,0.0008464366732714359,2293
2019-10-16,0.0010435152120403515,0.0007535776185308707,0.0008460119759489756,2291
2019-10-17,0.000750615734204618,0.0008023317498779713,0.0008453620763657048,2291
2019-10-18,0.000590062155326886,0.0007493121318074317,0.0008445336024261206,2287
2019-10-21,0.0006200447650134498,0.0007170207754114481,0.0008417712422664901,2288
2019-10-22,0.0008056459344194606,0.0007032024545569997,0.0008362788239905682,2289
2019-10-23,0.000672067940709403,0.000735495710050833,0.0008349809177761673,2287
2019-10-24,0.0007221206788017466,0.0007059314651282136,0.0008342239589588272,2288
2019-10-25,0.0007942506376740708,0.0007177252553854639,0.0008330574371678051,2286
2019-10-28,0.0006763929972707915,0.0007197813994915835,0.0008309128784986232,2286
2019-10-29,0.000735035516739039,0.000717864606070083,0.0008279004847386312,2289
2019-10-30,0.0007758052239013757,0.0007280636120772494,0.0008256326879592883,2288
2019-10-31,0.0009326707778433283,0.0007506376717484905,0.0008230229100493948,2291
2019-11-01,0.0007765536402333937,0.0007625195140766852,0.0008215816031776342,2288
2019-11-04,0.0007189217757539775,0.0007177940761432983,0.0008139617739492572,2287
2019-11-05,0.0008963363554669716,0.0007156197243304592,0.0008121491954381217,2286
2019-11-06,0.000886727060553593,0.0007429515014013199,0.0008111217235507553,2287
2019-11-07,0.0010134288708981126,0.0007631528644975108,0.0008105462708612272,2289
2019-11-08,0.000925678245525749,0.0007899133843917714,0.0008093069280230725,2293
2019-11-11,0.0006227169772772125,0.0007622177408255154,0.0008092625921806657,2294
2019-11-12,0.0007592607093237808,0.0007113963272438669,0.0008053529384555242,2293
2019-11-13,0.0008648735338529561,0.0007328533298388335,0.0008042951174192108,2292
2019-11-14,0.0008339982589912913,0.0007786437408930068,0.0008030018069502456,2292
2019-11-15,0.0008050700549878162,0.0007449412191407832,0.0008022435160886485,2291
2019-11-18,0.0007033790049006563,0.0007412201028023814,0.0008004938316420044,2289
2019-11-19,0.0007511115016220362,0.0007589734709006716,0.0007947158593190742,2288
2019-11-20,0.0009222442625346234,0.000753886106773434,0.0007939752112715549,2288
2019-11-21,0.0008758867063395698,0.0007793527474670196,0.0007932986025723911,2289
2019-11-22,0.0007563805618215244,0.0008383773625551261,0.000791848190225773,2290
2019-11-25,0.0009232559486890374,0.000750922875290194,0.0007911097935486077,2291
2019-11-26,0.00072135079035651,0.0007712477779194304,0.0007917364550046546,2292
2019-11-27,0.0007305641064498222,0.0007236044618826701,0.0007913783335442075,2291
2019-11-29,0.0004694917248996935,0.0006799727074679536,0.0007867134256112512,2282
2019-12-02,0.0007557881270388419,0.0006363898980243309,0.0007840449428458065,2276
2019-12-03,0.0007352037176817815,0.0006999638740091326,0.0007830932068766922,2273
2019-12-04,0.0006951958204283985,0.0007027422185656297,0.0007834544027208401,2273
2019-12-05,0.0006412102820951336,0.0006921275410350818,0.000782031602534258,2275
2019-12-06,0.0005913004106051877,0.0006682959381076432,0.0007799401922695848,2276
2019-12-09,0.0006071009192128502,0.000656094702457696,0.0007771862621473052,2276
2019-12-10,0.0006792337074756114,0.0006534445356149344,0.000773255057877948,2276
2019-12-11,0.0006234983244382212,0.0006463152504214845,0.0007790960396086117,2277
2019-12-12,0.000925109348923955,0.0006471574800992203,0.0007801528333043935,2280
2019-12-13,0.0008053097267521178,0.0007010433783208367,0.0007820063304671354,2281
2019-12-16,0.0006838867168261181,0.000705064531360428,0.0007810115946408189,2275
2019-12-17,0.0009778086753573765,0.000705043030554715,0.0007805817275640756,2274
2019-12-18,0.0007719419492671524,0.0007934024760390534,0.0007812512873642314,2279
2019-12-19,0.000752675357379675,0.000704706312816032,0.0007792103697918273,2282
2019-12-20,0.0008254789325167252,0.0006817145045244744,0.000776081711512499,2282
2019-12-23,0.0008827968936885292,0.0007498486538704338,0.0007703148107025323,2282
2019-12-24,0.0005627588739813283,0.0006936380434016291,0.0007686022634766728,2283
2019-12-26,0.0005467663161878683,0.0006318390435160607,0.0007661622319004352,2284
2019-12-27,0.0006151831800723821,0.0006559518720923307,0.00076228329912957,2285
2019-12-30,0.0006902983701525836,0.0006409912090361391,0.0007584454059023556,2284
2019-12-31,0.0006741382029882214,0.000734659130122017,0.0007554934877753675,2283
2020-01-02,0.0008715501955127291,0.0006896611367120144,0.0007535894971851241,2281
2020-01-03,0.0008804213365255747,0.0007095014566377467,0.0007508730880350214,2281
2020-01-06,0.0009850750466888645,0.0007027166501646431,0.0007485331630685145,2285
2020-01-07,0.0006541940988942357,0.000689264799349677,0.0007468534184098371,2289
2020-01-08,0.0006409054628064172,0.0006368521925651707,0.0007448223474152733,2290
2020-01-09,0.0007640449503401224,0.0006813497229434935,0.0007431472541639443,2290
2020-01-10,0.0007022249539951125,0.000716360894553162,0.0007433294665582439,2288
2020-01-13,0.000862847588389641,0.0006519561097410563,0.0007422739885810028,2289
2020-01-14,0.0006973162941795929,0.0006827837622407306,0.0007429427056056607,2290
2020-01-15,0.0006544497290909634,0.0006671405340242556,0.0007418983165643901,2290
2020-01-16,0.0008201817701678816,0.000646242795513226,0.0007406803266975595,2290
2020-01-17,0.0005644907252091758,0.000679942914029105,0.000737660124973054,2289
2020-01-21,0.0007430342000589741,0.0006367517616214203,0.0007365947604659964,2288
2020-01-22,0.000606361366286812,0.000658384322174821,0.0007358816234629458,2289
2020-01-23,0.000727860647413665,0.000642045571687288,0.0007354168704936476,2290
2020-01-24,0.0009108462780830136,0.0006353650805156531,0.000735949553424842,2291
2020-01-27,0.0008082150380557329,0.0007086799265493449,0.000733680836147655,2291
2020-01-28,0.000658099791533303,0.0007295515351519885,0.0007344941112221257,2289
2020-01-29,0.0007230241058755117,0.0007221497442826692,0.0007341725596573417,2289
2020-01-30,0.0007195862554027356,0.0006996107546243389,0.0007355007862857634,2289
2020-01-31,0.0007680067171020933,0.0006764006547856486,0.0007362657494016724,2294
2020-02-03,0.0006890631384143537,0.0007340318597871747,0.0007364434062700737,2292
2020-02-04,0.0009030181824680978,0.0007126281108733993,0.0007370360593675731,2294
2020-02-05,0.0008568066463151803,0.0007388048040953837,0.0007399553272579774,2296
2020-02-06,0.000858105066867222,0.0007124815015846665,0.0007421919003920494,2297
2020-02-07,0.000772826443050152,0.000726714610475567,0.0007432989019260105,2302
2020-02-10,0.0006849363917676866,0.0007200056936463346,0.0007469287930754005,2298
2020-02-11,0.000892219849366494,0.0007563411597347678,0.0007635810611263382,2299
2020-02-12,0.0009510327304300198,0.0007556275422434456,0.0007639059262693215,2299
2020-02-13,0.0009037696684485741,0.000719981814595562,0.0007658836306089058,2303
2020-02-14,0.0006770694044044938,0.0007405826306770116,0.0007697826603530387,2305
2020-02-18,0.0007010304995079897,0.000718079652989435,0.0007693789152123118,2305
2020-02-19,0.0008723784784385641,0.000677212182684401,0.0007686163736374174,2305
2020-02-20,0.0008372901577627305,0.0006869745310306242,0.0007697917017940998,2308
2020-02-21,0.0009216056391909637,0.0006981633526089532,0.0007709849632486578,2307
2020-02-24,0.0012023691316092881,0.000758243481423701,0.0007713955367542883,2311
2020-02-25,0.0016708706887006311,0.0007972275608105214,0.0007733467605695259,2311
2020-02-26,0.0014608440546091711,0.001028092715342892,0.0007778268925559496,2310
2020-02-27,0.0026978453125396833,0.001098144036016443,0.0007816588084353789,2311
2020-02-28,0.0026004307799268062,0.0013609404742524708,0.0007916553356372062,2311
2020-03-02,0.0019428707096620077,0.0015273989395995819,0.0008039460624488226,2310
2020-03-03,0.0025540321118348044,0.0013462001778320838,0.0008107935076974549,2312
2020-03-04,0.0017839882949701811,0.0015543541184202094,0.0008168930433593811,2314
2020-03-05,0.001727274800383862,0.0014000007194348335,0.0008208390137780687,2316
2020-03-06,0.001949789711718497,0.0014906752630672588,0.0008247115668264119,2316
2020-03-09,0.005757303869464766,0.0015310950604919835,0.0008298597892900052,2320
2020-03-10,0.0050108954184088115,0.0027372019262495626,0.0008486128349254173,2321
2020-03-11,0.0035487801717075168,0.003062133937924259,0.0008683850555248037,2323
2020-03-12,0.009533851091937702,0.0032127547679585973,0.0008811462405476833,2326
2020-03-13,0.008969562766199219,0.0047850087773173705,0.0009192076218337058,2326
2020-03-16,0.012177387699020579,0.0049259932739132255,0.0009517904814279625,2327
2020-03-17,0.0100114847630555,0.006325933197649041,0.0009965106936036991,2326
2020-03-18,0.01914126420994537,0.006080233784220411,0.0010339985798570345,2322
2020-03-19,0.015118751195425297,0.011026591602443049,0.0011072653257945676,2323
2020-03-20,0.009518037352754966,0.00718788153867296,0.0011643929782142153,2323
2020-03-23,0.008175518445319786,0.006769570799717087,0.0012000975051657736,2325
2020-03-24,0.006180235923296619,0.0066071671640593535,0.0012245205439172608,2323
2020-03-25,0.008919768557872118,0.005898796457708626,0.0012458056001992323,2323
2020-03-26,0.006074479881240235,0.005032477583435771,0.0012909704027608126,2328
2020-03-27,0.004590844440750793,0.004545710344479316,0.0013098531586607915,2338
2020-03-30,0.004561063773643432,0.004201837599538889,0.0013252060883207758,2340
2020-03-31,0.003861207598307993,0.004142312900417042,0.0013421418099871846,2346
2020-04-01,0.0037297654719589744,0.0036244256060336093,0.0013589672636282579,2346
2020-04-02,0.004279653790226642,0.0037604313354186528,0.0013703350602244082,2346
2020-04-03,0.0038729395126291125,0.003818902112219325,0.0013895698414985362,2347
2020-04-06,0.0034226683428423927,0.003774285618086736,0.0014015218045224957,2345
2020-04-07,0.003951219305798719,0.0034042991455440434,0.001411836646104367,2346
2020-04-08,0.00274541325277522,0.0034003656130302093,0.0014238290151411454,2348
2020-04-09,0.0037740014653914367,0.00299493893652028,0.0014306043903644092,2346
2020-04-13,0.0028962311984261895,0.002984477567783282,0.0014456252099260122,2348
2020-04-14,0.002723485834621108,0.0029892337653426486,0.0014541143443243401,2350
2020-04-15,0.0026082239235887894,0.002838646996963921,0.0014623885683022657,2351
2020-04-16,0.0026977245739666575,0.0027338161056157666,0.0014699421635368955,2351
2020-04-17,0.0019040141565952434,0.002777156363258882,0.0014783652477646965,2351
2020-04-20,0.0025674026973263073,0.002531822745830415,0.0014839891877055855,2349
2020-04-21,0.002190736858246269,0.0025531829440059626,0.0014922750165742105,2347
2020-04-22,0.0018444203660621511,0.0024416845441009934,0.001497393332977831,2348
2020-04-23,0.002190068195081019,0.0023602799500417816,0.001501608663868212,2350
2020-04-24,0.0018502460608777452,0.002273312086205618,0.001506894229101843,2354
2020-04-27,0.0020588106110630148,0.0022040333837729043,0.0015107844456779364,2353
2020-04-28,0.0022239051271268255,0.0021738233522189533,0.0015158882850477065,2355
2020-04-29,0.0026813184408082287,0.002228480918592454,0.00151920794273403,2356
2020-04-30,0.002568086067293452,0.002274226379501699,0.001528046105458347,2355
2020-05-01,0.002475299484288561,0.0023574591340175346,0.001535166543713504,2356
2020-05-04,0.0021152106514662123,0.0023088300326666116,0.0015436662131363378,2354
2020-05-05,0.0021747966955774486,0.00220566446196512,0.0015490109061283286,2354
2020-05-06,0.0022351260753962535,0.0023686723502824958,0.0015548801493673052,2352
2020-05-07,0.0018360873298473325,0.002391096059099471,0.0015610331532381532,2352
2020-05-08,0.0017716241243450686,0.002177241298257936,0.0015634286962425531,2356
2020-05-11,0.0018509052925238306,0.002083803988637578,0.001566774094845463,2357
2020-05-12,0.0019864927898916585,0.0021180444683168392,0.0015705775684568375,2357
2020-05-13,0.002630925307254427,0.002282529439792878,0.0015751083362176002,2357
2020-05-14,0.003071511031429036,0.002671753011310308,0.0015828305070334507,2356
2020-05-15,0.0018224848983429576,0.0024264155564012865,0.001592392059979072,2357
2020-05-18,0.0018194816063512884,0.0021651857212197363,0.001596735055689993,2359
2020-05-19,0.0018590428191470518,0.0020546267270549166,0.0016004361563897132,2362
2020-05-20,0.002016558863168521,0.0020862542435032528,0.0016053274166020516,2359
2020-05-21,0.0015868422694413327,0.0019498649447921921,0.001610265928740079,2358
2020-05-22,0.0012952626052158917,0.0019037966251384758,0.0016133130629285889,2363
2020-05-26,0.0014670033203796472,0.0018073382443028127,0.0016289465311141262,2361
2020-05-27,0.002104618641233513,0.0018099850844846704,0.0016338259301260294,2362
2020-05-28,0.0017507550534724395,0.00189683140182741,0.0016058350531166514,2359
2020-05-29,0.0018514071662032751,0.0020050862199307296,0.0016083484024360366,2361
2020-06-01,0.0015442810458527417,0.0018796203096474104,0.001612348453564097,2359
2020-06-02,0.0013539525409212879,0.0017832958529882897,0.0016144626239961123,2360
2020-06-03,0.0016434906777851477,0.0016757346654262559,0.0016176941329021483,2364
2020-06-04,0.0019253766510289759,0.001797064977682527,0.0016213016191579269,2364
2020-06-05,0.002261806656805393,0.0018329298482151527,0.001623583669964989,2368
2020-06-08,0.0018415209729975687,0.001962731654015792,0.001629555287751401,2367
2020-06-09,0.002408205025546754,0.0019821676739618906,0.0016337553523168712,2371
2020-06-10,0.002678273174833396,0.0020952545632276745,0.0016404908784964855,2370
2020-06-11,0.002784634650971998,0.002184920735310014,0.0016514602851505733,2371
2020-06-12,0.0025911970955879767,0.0024869034921939427,0.0016592660882566303,2374
2020-06-15,0.002429768096940358,0.0024240003284147905,0.0016664636903365438,2376
2020-06-16,0.0018708841458576965,0.0023422142387556286,0.0016741765265783752,2380
2020-06-17,0.0014223100908333662,0.0022697616955148618,0.0016834084856515094,2381
2020-06-18,0.0012945756273280064,0.0020960180728077085,0.0016876607710350892,2383
2020-06-19,0.0015701520513018601,0.0019219923892276386,0.0016905722410835583,2382
2020-06-22,0.001369293720342488,0.0020368494934476867,0.0016923023039694123,2382
2020-06-23,0.0011414633161072308,0.0018239905062604053,0.0016951782537414125,2381
2020-06-24,0.0016738671908109062,0.0017590551796324205,0.0016875122038654412,2382
2020-06-25,0.0013474320073536912,0.0018908425013383506,0.001688835867039088,2382
2020-06-26,0.0016445012853033738,0.0017046739667372168,0.0016940488153482482,2381
2020-06-29,0.001538967963768532,0.0018163766231491156,0.0016982109819911701,2386
2020-06-30,0.0011537011395831166,0.0016970858105708956,0.0017012802663111503,2386
2020-07-01,0.0015105285343629403,0.0016130398261795054,0.0017041081155057018,2386
2020-07-02,0.0011291212451471431,0.0015863336960541044,0.0017058181438200709,2387
2020-07-06,0.0013715285726084469,0.0015395770057398648,0.0017091917635263633,2387
2020-07-07,0.0010923201558709931,0.0015800340557043332,0.0017196147867801867,2389
2020-07-08,0.0011575948041677691,0.0015329556088132083,0.001720681535233174,2388
2020-07-09,0.0013475865450031353,0.0015045331369127177,0.0017278623814767154,2390
2020-07-10,0.0010640929049392876,0.001575128887116256,0.0017308673264791524,2392
2020-07-13,0.001829857071367482,0.0014600517597415752,0.001732837174463406,2391
2020-07-14,0.0015044758961923839,0.0016456876813145738,0.0017369001331544772,2394
2020-07-15,0.0013739187193820242,0.0014720839749759965,0.0017425819863183783,2395
2020-07-16,0.0012766687253720937,0.0014663176365698252,0.0017454568201141613,2396
2020-07-17,0.0010508741573391305,0.001399094511250006,0.001754970884178369,2395
2020-07-20,0.001135687376955824,0.0013415791165666466,0.0017561951935980023,2396
2020-07-21,0.0013858872347346787,0.0013421673762105165,0.0017583410922034177,2395
2020-07-22,0.0011254812886538435,0.001341629990420457,0.0017601588388433285,2397
2020-07-23,0.001167041312761916,0.0012589393557491217,0.0017598413920817417,2398
2020-07-24,0.0009596487756450533,0.001272741132960288,0.001765726024495622,2399
2020-07-27,0.0012722134455344881,0.0012096213656617675,0.0017662194841159024,2396
2020-07-28,0.0011497275275156873,0.00124158010283802,0.0017718539481682582,2397
2020-07-29,0.0016145801129009848,0.0012510275873366225,0.0017742421169173806,2398
2020-07-30,0.002016417256465937,0.0013638191719216493,0.0017783219755602997,2400
2020-07-31,0.0014248768413114502,0.0013087959443278425,0.0017818322463527807,2401
2020-08-03,0.0014828569572368049,0.0013140798438390634,0.0017860252978989263,2402
2020-08-04,0.0012325634548645962,0.0013276201563812028,0.0017878236003828658,2401
2020-08-05,0.0011319744685528582,0.0012668462169532382,0.0017889960133715191,2398
2020-08-06,0.001301812515481755,0.001222406678717775,0.0017903873861783283,2399
2020-08-07,0.0011903164124861068,0.0012309722242986388,0.001791775793263553,2396
2020-08-10,0.0012417298104195182,0.0012039783724335624,0.0017923886393334362,2396
2020-08-11,0.001457740789312411,0.001227058704794478,0.0017934300325519413,2396
2020-08-12,0.0011472544447028745,0.0012832409320881239,0.0017951680515511912,2396
2020-08-13,0.001117585160846396,0.0012213695986856648,0.0018011190462938025,2400
2020-08-14,0.0010020331201630037,0.00117588725926788,0.0018079582420641646,2399
2020-08-17,0.000939957368755994,0.0011215961365391854,0.0018082008835540633,2398
2020-08-18,0.0010380445645696615,0.0011351522197303248,0.0018088937948634947,2395
2020-08-19,0.0009330312549592152,0.0011055169782822824,0.0018144331169673508,2398
2020-08-20,0.0009996092436038214,0.0010820973818766357,0.0018141976286781283,2396
2020-08-21,0.0008963863590907649,0.0010670657924567537,0.0018179349298481594,2397
2020-08-24,0.0011477223829297002,0.0010893016449346688,0.001818424356486854,2398
2020-08-25,0.0010273799615525654,0.0011425056005266892,0.0018203151193944582,2400
2020-08-26,0.0008338774835588881,0.0010745715208438388,0.0018212595424556145,2401
2020-08-27,0.001246394260143502,0.0010390223930234245,0.001819771702257953,2400
2020-08-28,0.0008131896008495931,0.0010540168071115905,0.0018228957679831015,2401
2020-08-31,0.0009728535013054356,0.0009993937621687458,0.0018259675231776815,2402
2020-09-01,0.0010185375741008458,0.0010582955010189935,0.001826743567820339,2403
2020-09-02,0.001102699532412061,0.0010403419179580986,0.0018276141175468806,2402
2020-09-03,0.001437144672670583,0.0010444852718629349,0.001829224506647603,2402
2020-09-04,0.0019771253728704174,0.001176205308203538,0.0018320244216599607,2402
2020-09-08,0.001349198972488747,0.0012664376805212043,0.0018371229943502285,2402
2020-09-09,0.000923000203064469,0.0012462509933085575,0.0018460073304782357,2408
2020-09-10,0.0009067182057439604,0.0011609354781673207,0.001844583808468693,2411
2020-09-11,0.0009460548688274809,0.0011604062263757332,0.0018443948075227833,2413
2020-09-14,0.0008893032155597815,0.0011125589690757164,0.0018443525239022283,2413
2020-09-15,0.0009257049169450499,0.001077224374833301,0.001845286081021919,2415
2020-09-16,0.0010808851346109098,0.0010525718992397783,0.0018461052308581844,2416
2020-09-17,0.0010684256120908856,0.0010563474497598565,0.0018477222892527981,2417
2020-09-18,0.0011423255090421652,0.0010635635907451932,0.0018484201856080913,2418
2020-09-21,0.0013921856806844606,0.0011080970342043001,0.0018590203946131352,2421
2020-09-22,0.0009453959812302325,0.001168793009769387,0.0018576761394047045,2421
2020-09-23,0.0014767027352425757,0.0010712823946965166,0.0018540010634500992,2417
2020-09-24,0.0015946496760852796,0.0012832701348463463,0.0018543871178045555,2421
2020-09-25,0.0012190613707430973,0.0012694287287919473,0.0018591551977860546,2420
2020-09-28,0.001698493135091332,0.0011717878036108756,0.0018608598114483194,2419
2020-09-29,0.001153887414985633,0.0011298598466507853,0.0018699792751680968,2421
2020-09-30,0.0009821156895803023,0.0011427993914691317,0.0018758294873596627,2421
2020-10-01,0.000990037393987835,0.0011099122114669882,0.0018733794772764149,2420
2020-10-02,0.00129729093960982,0.0010479426158182532,0.0018736042297391113,2419
2020-10-05,0.0009800592534899408,0.0011335306254033786,0.001870071724977575,2416
2020-10-06,0.0016506528201851469,0.001058692031082148,0.0018718055949703064,2416
2020-10-07,0.0011610665578743909,0.0011417915408003276,0.001875436776920158,2416
2020-10-08,0.00099752052611696,0.001067835132006107,0.001873580089035493,2415
2020-10-09,0.0010669943762937576,0.001036347561474569,0.0018747694888195687,2414
2020-10-12,0.0008838197683355976,0.001005076723638572,0.0018766162759184578,2413
2020-10-13,0.000833128655539114,0.0009766581219724745,0.0018731772209598966,2413
2020-10-14,0.0008274429470016343,0.0009464359983684237,0.0018735030990336059,2413
2020-10-15,0.0009000392687942903,0.000937254798327576,0.00187508172302629,2413
2020-10-16,0.0008174631089886538,0.0009358620111821261,0.0018736378873847113,2418
2020-10-19,0.0012661745630057665,0.0009156725639830498,0.0018694935149756906,2417
2020-10-20,0.0008460561197253775,0.00098325610867441,0.0018679704607424972,2417
2020-10-21,0.0010599288870868707,0.0009364925691097371,0.0018690426466239606,2419
2020-10-22,0.0010682288850947727,0.0009798301577722429,0.00186920960322262,2418
2020-10-23,0.0009821749736286698,0.0009737068113523689,0.0018703932028704743,2418
2020-10-26,0.0010106050639532454,0.0009339046951927028,0.0018688356176242231,2416
2020-10-27,0.0009021042053252109,0.0009797782010399047,0.0018699695369208728,2417
2020-10-28,0.001244117894220155,0.0009793653384431947,0.0018713460452282381,2413
2020-10-29,0.0012911881110220296,0.0010604214190341214,0.0018725475141015584,2415
2020-10-30,0.00143383908584578,0.0010532312375575643,0.0018743174940625534,2415
2020-11-02,0.001088052865130427,0.0010930736002742294,0.0018750813643617318,2418
2020-11-03,0.0009990161636958086,0.0010544119849779108,0.0018904933464681676,2421
2020-11-04,0.0013681353731029157,0.001022041177517177,0.0018874915027223959,2419
2020-11-05,0.001128323256998319,0.001094348298707294,0.0018886024212356703,2417
2020-11-06,0.0011877651798347468,0.00104220334284793,0.0018893471237148316,2416
2020-11-09,0.0029766608908531078,0.0010905909371317474,0.0018900854268821866,2414
2020-11-10,0.0015479026596253794,0.0014631264228633666,0.0018975552301404982,2417
2020-11-11,0.0011590812569774915,0.0012607600574388708,0.0019509379283919525,2417
2020-11-12,0.0011733371560965929,0.0011549416515026813,0.0019515533249952952,2416
2020-11-13,0.0009201999727829287,0.001156202674705361,0.0019521537826984675,2415
2020-11-16,0.0010196613424347703,0.001048796800301374,0.0019472699895060647,2414
2020-11-17,0.001064520695895332,0.0010818619674395331,0.0019445616997365229,2415
2020-11-18,0.001149873500340528,0.001058028245834212,0.0019432883705050987,2416
2020-11-19,0.001369251738830327,0.0011022788596345538,0.0019446875493471989,2416
2020-11-20,0.001133474792267498,0.0010899619401418352,0.0019455541175900605,2418
2020-11-23,0.0011736820220226937,0.0011075762281088082,0.0019465552745373189,2419
2020-11-24,0.001570240308403196,0.0011254042165816565,0.0019481762441822643,2420
2020-11-25,0.0011591623447744946,0.0011747956705346128,0.0019501875264217074,2422
2020-11-27,0.0008431332165189474,0.0010624052366724566,0.0019502823046984494,2421
2020-11-30,0.0014869757565623672,0.0010007882249565617,0.0019504439581976142,2421
2020-12-01,0.0015145692579690694,0.0011693241428649642,0.001954866742111981,2418
2020-12-02,0.0012963151222981273,0.0011218719928085441,0.0019568002869732584,2418
2020-12-03,0.0010904500679587393,0.001096495821309155,0.001961587220963692,2419
2020-12-04,0.0008707259427320834,0.0010666798209122367,0.001963378244295054,2418
2020-12-07,0.0010125776453491987,0.001006610390208319,0.0019620119007425847,2417
2020-12-08,0.0009742219158205311,0.0009942240184423034,0.0019628244111853776,2418
2020-12-09,0.0015484858396691452,0.0009686796516822025,0.0019631310424615737,2419
2020-12-10,0.001436882580241481,0.0010844248506184785,0.0019663498151886198,2420
2020-12-11,0.0011105941113571046,0.0010957786750964526,0.001969101062019476,2420
2020-12-14,0.0012167351219846759,0.0009979209220544948,0.001967734969560851,2422
2020-12-15,0.001069411191986073,0.0010630265910424848,0.0019690710103474067,2421
2020-12-16,0.0008862175124810141,0.0009963503736010856,0.0019691548474570883,2421
2020-12-17,0.0009410106182019916,0.0009718175112949063,0.001966659527173799,2420
2020-12-18,0.0010451643466287029,0.0009841993560076698,0.001967266972704122,2420
2020-12-21,0.0012175870473562034,0.0010156175026359712,0.001968948500729683,2419
2020-12-22,0.001232020254533143,0.00103710201755871,0.0019696938861684314,2420
2020-12-23,0.0012206065786967862,0.0010967056661015675,0.0019683712139436766,2421
2020-12-24,0.0007902156943897147,0.0010655275445155268,0.0019712801673420705,2420
2020-12-28,0.0016699850118663873,0.0009352856572956987,0.0019713495199609084,2420
2020-12-29,0.0013919578939424768,0.0010850367851780469,0.0019741379637691846,2420
2020-12-30,0.0010471076339256722,0.0010930668947477576,0.0019764697788483814,2421
2020-12-31,0.0009431034168699849,0.0009738880813622226,0.001976942992054521,2423
2021-01-04,0.0017169174487218096,0.0009683392708303031,0.0019739837996674923,2423
2021-01-05,0.0015055784678099213,0.001190173463082696,0.0019766671409392395,2424
2021-01-06,0.0016572277020927737,0.0011050015047466817,0.0019775551871618726,2425
2021-01-07,0.0014249813119393466,0.0011580795793971275,0.0019802722198318493,2426
2021-01-08,0.0016150137514883193,0.0011580719484012038,0.0019836441582334434,2427
2021-01-11,0.0013262036483480226,0.0012349887768299027,0.00198641918658523,2427
2021-01-12,0.0011418945127310842,0.0011726431679278772,0.0019862040092568038,2425
2021-01-13,0.0011701176358649638,0.001126506214757552,0.0019872531457707995,2426
2021-01-14,0.0013968601453631631,0.0010955362809641548,0.0019886573953349653,2427
2021-01-15,0.0013015043140400832,0.0011467291743787237,0.0019912993296630314,2427
2021-01-19,0.0012719338182320937,0.0010763010726717666,0.0019925928983172392,2428
2021-01-20,0.0013427725249252913,0.0010977977474094073,0.001993564481271717,2431
2021-01-21,0.0013622444092274985,0.0011219587232208844,0.0019964767671920023,2430
2021-01-22,0.0012121438559391812,0.0011360508733366948,0.0019986244742019035,2430
2021-01-25,0.002162690391101187,0.0010963118499427772,0.002000645376308013,2430
2021-01-26,0.001585781861675667,0.001238221588957796,0.0020043308440634115,2433
2021-01-27,0.0035293506682072756,0.0012519294744932497,0.002007567970759763,2435
2021-01-28,0.003464011062698526,0.0015635609709762053,0.0020219657539483826,2436
2021-01-29,0.002174855954636437,0.0016606482987927193,0.002033138907303666,2434
2021-02-01,0.0014633380359027899,0.0016383986390707396,0.0020400587599498613,2435
2021-02-02,0.0017100769832873771,0.0014869746976716514,0.0020417701392049553,2436
2021-02-03,0.0013413243316384841,0.00155760792656407,0.0020458134885015804,2434
2021-02-04,0.0017346057405952064,0.001372642611579285,0.002047905037145292,2433
2021-02-05,0.0016451947341034993,0.0013370849729251297,0.0020510049996233766,2434
2021-02-08,0.0014228304512976986,0.0013460160893937253,0.0020570410050700103,2433
2021-02-09,0.0018963395169714632,0.0013694609279289412,0.002057335727540195,2433
2021-02-10,0.0020392074161009947,0.0013589642503124733,0.0020614417231441967,2435
2021-02-11,0.0019298269283336772,0.0014289225325564475,0.002071497321864562,2439
2021-02-12,0.001313808240954409,0.0014076766603762466,0.002078540694334979,2440
2021-02-16,0.0014638921757446058,0.001271268941825601,0.002084569496883346,2440
2021-02-17,0.001594969125816918,0.0013010556725221996,0.002088036550981616,2439
2021-02-18,0.0013466377571630752,0.0012667191891501902,0.002090454404111301,2437
2021-02-19,0.0010179117647934346,0.0012574356814339619,0.0020870852780221164,2435
2021-02-22,0.001469130904906993,0.0011519647472890565,0.0020897405396688275,2438
2021-02-23,0.003423819155506109,0.0012902611629391045,0.0020927946345260747,2439
2021-02-24,0.0013688935800923651,0.0015093471910835338,0.0021017892984329686,2440
2021-02-25,0.0019335568658954208,0.001338231899772021,0.0021006802501772493,2441
2021-02-26,0.0018102194796428097,0.001568963975415964,0.0021022498765174737,2441
2021-03-01,0.0010479614707046441,0.0015130543928431595,0.0020985827169419558,2440
2021-03-02,0.0011008721414759012,0.0013309329385998037,0.0020903202352118054,2441
2021-03-03,0.0012710124545867482,0.001296730698603152,0.002086469631043542,2440
2021-03-04,0.0028555990411573673,0.001387520054441783,0.002087165468078271,2442
2021-03-05,0.004087998925197598,0.0018295021457221466,0.0020910284825485926,2445
2021-03-08,0.0015929130527553741,0.0019746778581149825,0.002100004676927095,2448
2021-03-09,0.00123522875273569,0.0018205048081065664,0.002099590072573365,2450
2021-03-10,0.0014023637067310758,0.0015422445296466058,0.0020839527552681597,2451
2021-03-11,0.0010231591166978355,0.0014635677296446505,0.002067811275606795,2453
2021-03-12,0.0009483504879274423,0.0012848963405333686,0.0020561516970349354,2455
2021-03-15,0.0010609286608736104,0.0012358350116811266,0.002030244846452084,2456
2021-03-16,0.0010677873554535227,0.001184051927389565,0.0020027208686536754,2457
2021-03-17,0.0012178130003319715,0.0012317637893130527,0.0019626601225051442,2454
2021-03-18,0.0013548692149545473,0.001210372331630047,0.0019289890591417897,2457
2021-03-19,0.0011558207741824823,0.0012854259994037511,0.0018629301512565156,2457
2021-03-22,0.0009989561792259482,0.0012016223698499372,0.0018058372017639409,2458
2021-03-23,0.001358288402775566,0.0012047083338279207,0.0017684522302596018,2459
2021-03-24,0.001492439819935892,0.0013510222201348675,0.0017400108947626409,2457
2021-03-25,0.0017847284527452859,0.0015354049873264961,0.00172138226805164,2461
2021-03-26,0.0013301933058571683,0.0013946305301975742,0.001698309011493449,2463
2021-03-29,0.0011734072262619942,0.0013088488153886883,0.0016785597967378908,2464
2021-03-30,0.0010412920148788944,0.0013295534502678955,0.0016628965670235777,2467
2021-03-31,0.000916521463863491,0.0012122668151334883,0.001647486423947273,2465
2021-04-01,0.0008420111974275323,0.0011596324138305558,0.0016363450852279614,2465
2021-04-05,0.0009067872501206137,0.0010976898907479606,0.0016248410123191896,2467
2021-04-06,0.0007431394476016859,0.0011090089077301006,0.001612254608211841,2468
2021-04-07,0.0007069807943645963,0.001030696963190095,0.0016001295458988145,2467
2021-04-08,0.0006634800596702796,0.0010213621426454751,0.0015891821484728251,2466
2021-04-09,0.000601284799786888,0.0009627201831820628,0.0015774995784790418,2467
2021-04-12,0.0008403833762645796,0.0009320750488929541,0.0015676019902260041,2468
2021-04-13,0.000754947791818037,0.0010156566719101334,0.0015581546319852733,2469
2021-04-14,0.0008603076445744763,0.0009693704227082965,0.001556443348294838,2469
2021-04-15,0.0008516419921154567,0.0009858681448090482,0.0015581216102864253,2471
2021-04-16,0.0007685697241222038,0.0010349987350481708,0.0015486407694145052,2471
2021-04-19,0.0008678244744542736,0.0009865320037819177,0.0015402463002851766,2470
2021-04-20,0.0010119857320730402,0.0010409767126298302,0.0015353447840870484,2472
2021-04-21,0.0008909558218657296,0.001098152655037327,0.0015289343681822824,2470
2021-04-22,0.0008332485694506322,0.0010280597044063755,0.0015229226743460845,2470
2021-04-23,0.0008598359393009283,0.0010209900894194706,0.0015198622679788198,2473
2021-04-26,0.0007040901381758338,0.0009909050570175101,0.0015150671003457288,2474
2021-04-27,0.0007218504453403123,0.0009714329562997426,0.001498292719433712,2473
2021-04-28,0.0007972470294447223,0.0009497945652303347,0.001490234899767396,2471
2021-04-29,0.0008913262371761536,0.0009122338899786091,0.001494817945059534,2473
2021-04-30,0.0007759340368462351,0.0009413049863547751,0.0014876615759956465,2472
2021-05-03,0.0007247627914949647,0.0009024861036694406,0.0014804845043882504,2471
2021-05-04,0.0011682507303132888,0.0009128196135493748,0.0014711096005062536,2469
2021-05-05,0.00106629520743201,0.0009706968448648042,0.0014680799857225149,2462
2021-05-06,0.0012741448204506183,0.0009777729198533417,0.0014636659481109236,2462
2021-05-07,0.0009695847082525766,0.0010602658419605828,0.001462408477433668,2459
2021-05-10,0.0010526110883304052,0.0009838632877564317,0.0014580561268666258,2461
2021-05-11,0.0013627685119444834,0.0011005772701546549,0.001454987993826912,2461
2021-05-12,0.0012105433777395813,0.001086666525980299,0.0014535666019073446,2458
2021-05-13,0.0014918519460536278,0.0011311309672933014,0.0014491242922722895,2458
2021-05-14,0.0009515991280745887,0.0011792438366201644,0.0014446997180117731,2459
2021-05-17,0.0008514942496615214,0.0010862191087634048,0.001436613611617399,2459
2021-05-18,0.000845624150070256,0.0010291667338520596,0.00143555641590309,2458
2021-05-19,0.0010256902732678683,0.000988114472790577,0.001430904488462985,2462
2021-05-20,0.0008626081747072462,0.0009961104570960885,0.0014265631696514462,2463
2021-05-21,0.0006683600030864108,0.0009687182913038206,0.0014188246720263438,2462
2021-05-24,0.0006649836804176462,0.0009102563269035567,0.001414838064938048,2462
2021-05-25,0.0007149795076585698,0.0008740364456955233,0.0014120200249856157,2459
2021-05-26,0.0006462991043288815,0.0009076683294358533,0.0014072866361510908,2462
2021-05-27,0.000659234633736694,0.000847743428194911,0.0014015843348445787,2462
2021-05-28,0.0007387188469684953,0.0008480308529089395,0.001398916906874674,2457
2021-06-01,0.0007624121913343471,0.0008398136254507552,0.0013923718341511406,2459
2021-06-02,0.0009149133136780596,0.0008400177006806913,0.0013877280049049544,2462
2021-06-03,0.0010665843968464827,0.0009154725321199182,0.0013834192851132964,2461
2021-06-04,0.0007751520812643239,0.000916835435935769,0.0013800953532762724,2462
2021-06-07,0.0008199295468222723,0.0008738211958394231,0.001373845838081106,2463
2021-06-08,0.0008337623859091859,0.0008690254416110204,0.0013677844911798081,2463
2021-06-09,0.0008257204271762723,0.0008343742024340209,0.0013631832892666534,2462
2021-06-10,0.0008213001915598988,0.0008173064699913891,0.001358239176628407,2461
2021-06-11,0.0008134031979808808,0.0008190166432147168,0.0013499888628493784,2461
2021-06-14,0.0006983623050068393,0.0007691600270289025,0.0013403913468312736,2462
2021-06-15,0.0006612299794130812,0.0007748556771555502,0.0013328157938979,2465
2021-06-16,0.0007059394982532971,0.0007600938035090206,0.0013233265460997384,2466
2021-06-17,0.0009387973317436049,0.0007513764802464985,0.0013137939877970123,2466
2021-06-18,0.0007522319594911098,0.0008180842242953377,0.0013070940052295015,2464
2021-06-21,0.0007609793260029172,0.0008094842782780759,0.0013018994919529944,2464
2021-06-22,0.000692777986807813,0.0007751127436284945,0.001294935135803432,2466
2021-06-23,0.0005467050860885884,0.0007481787104436942,0.0012898410930623524,2471
2021-06-24,0.000570699586580858,0.000699183659982457,0.0012868171638935543,2472
2021-06-25,0.0006624954276279626,0.0006881260434173497,0.0012821888572401381,2469
2021-06-28,0.0007120951516320295,0.0007001770849580492,0.00127876730387143,2469
2021-06-29,0.0005622929868553594,0.0007202316079900508,0.001274249916210357,2469
2021-06-30,0.000786059391298878,0.0006993405607027598,0.0012693745533324688,2470
2021-07-01,0.0007331939792002861,0.0007003379540991933,0.0012658309718058518,2472
2021-07-02,0.0006218519339726932,0.0006951003096328323,0.0012619073640553788,2472
2021-07-06,0.0008671966291857926,0.0006915880339676294,0.0012595345547858354,2472
2021-07-07,0.000937850806110299,0.0007658262057619633,0.0012566222968973745,2472
2021-07-08,0.0011780725373735587,0.0007842490261645922,0.001255150634007749,2472
2021-07-09,0.001472875887952544,0.0008372809900506642,0.0012546474565882954,2471
2021-07-12,0.0009093953392480419,0.0008680344502115017,0.0012546966445755783,2471
2021-07-13,0.0008114256218646555,0.0007812603693991027,0.0012508723795517534,2475
2021-07-14,0.0010007944248436472,0.0007771203247675535,0.0012467274531306083,2474
2021-07-15,0.0010398390554621079,0.0008550332982652201,0.001244219468542584,2476
2021-07-16,0.0007429254999476948,0.000811517991507329,0.0012425866311023737,2474
2021-07-19,0.0011097127694214446,0.0008849148009976058,0.0012389724023996642,2472
2021-07-20,0.0010650146579934392,0.0009054543061649711,0.001238741182554855,2474
2021-07-21,0.0007517040664384972,0.0008538468969354916,0.001238297340741601,2474
2021-07-22,0.0007994632480579864,0.0007836842024225994,0.001235015199663061,2475
2021-07-23,0.0008999496285667231,0.0007882098485270669,0.0012334286714658093,2474
2021-07-26,0.0009522852917060585,0.0007909608938974727,0.0012318179770114952,2474
2021-07-27,0.0011950768807842398,0.0007827908364660762,0.001233987228540317,2475
2021-07-28,0.000845040874504149,0.000824395809843609,0.0012329020088463554,2476
2021-07-29,0.0007556518404667014,0.00077645406163692,0.0012317010395576594,2474
2021-07-30,0.0006987473610587635,0.0007543191971018219,0.0012288627054021395,2470
2021-08-02,0.0008272184847330729,0.0007474746074441395,0.0012237745945769519,2469
2021-08-03,0.0008855272621793678,0.0007632152107599795,0.0012203717927159548,2471
2021-08-04,0.0008675171271357528,0.0007933381157592841,0.00121740986636078,2469
2021-08-05,0.0008224259311513938,0.0008295860083785036,0.0012159772900899371,2466
2021-08-06,0.000741276341085887,0.0007919205536021705,0.0012190420230508271,2467
2021-08-09,0.0007550541682696464,0.0007507801188092407,0.0012152639720610084,2470
2021-08-10,0.0007841415225021454,0.0007525690678238816,0.0012128982022471897,2469
2021-08-11,0.0007169068882958356,0.0007608315642904979,0.0012102995652467077,2470
2021-08-12,0.0006257598659379229,0.0007341664483889837,0.0012078093219847453,2469
2021-08-13,0.0006740995927669661,0.0007093731296125906,0.0012052424241175347,2469
2021-08-16,0.000715605298751621,0.0007375650311670303,0.0012050698318668584,2472
2021-08-17,0.0008032976589572887,0.0007497398639968477,0.0012028260168625148,2476
2021-08-18,0.0008129622770476166,0.0007611088628154508,0.0012013803694735242,2475
2021-08-19,0.0007881903740373664,0.0007703153766375925,0.0012096635299514286,2475
2021-08-20,0.0006461531315250507,0.0007623146231780992,0.001208889648825584,2474
2021-08-23,0.0005574304864375723,0.0007080563043076673,0.0012070885394742641,2474
2021-08-24,0.0005987440415359343,0.0006772307603350068,0.0012055338418180909,2476
2021-08-25,0.000607465655715112,0.0006635530083526778,0.001204180721087287,2475
2021-08-26,0.0005952612249632277,0.00064450536546055,0.0012026426266255614,2475
2021-08-27,0.0007260413637192458,0.0006431527432803194,0.001201177318585485,2476
2021-08-30,0.0006186242869131902,0.0006727900669393534,0.0011977836054941958,2482
2021-08-31,0.0006024499825257841,0.0006647777098172062,0.0011973461146716174,2479
2021-09-01,0.000565195026034105,0.0006402582821121413,0.001195446248717429,2479
2021-09-02,0.0006410719731491304,0.0006213558844528647,0.00119251058562392,2479
2021-09-03,0.0005316173301021125,0.0006246574292911696,0.0011906360712521638,2478
2021-09-07,0.0006290206222139736,0.0006157060854253994,0.0011862325872546984,2478
2021-09-08,0.000621150893409708,0.0006294584148462477,0.001180436127054305,2478
2021-09-09,0.0006122140892121019,0.0006485058671504591,0.0011776321458171477,2476
2021-09-10,0.0005535763280338935,0.0006269923857027018,0.0011759804891465172,2475
2021-09-13,0.0007955721373250262,0.0006545610112139446,0.0011730967913778623,2477
2021-09-14,0.0007464740051872245,0.0006859628724524497,0.0011722997062480498,2477
2021-09-15,0.0008799025805129686,0.0007297236418340971,0.0011713069461881667,2477
2021-09-16,0.0005878932293140696,0.0006755596355069326,0.001170796053437834,2478
2021-09-17,0.0006488787889840785,0.0006675953818385822,0.0011704593115363015,2478
2021-09-20,0.0009205804580690454,0.0006664839779281312,0.0011678787650155997,2481
2021-09-21,0.0006556840506449072,0.0007104963479116813,0.0011668597233541397,2481
2021-09-22,0.0006446849031835278,0.0006873918735106358,0.0011632639557352389,2481
2021-09-23,0.0006034782522664641,0.0006544788371118731,0.0011611629912334591,2481
2021-09-24,0.0005761569066001622,0.0006409751256857476,0.0011591660992451174,2477
2021-09-27,0.0006774947961499061,0.00063641170711228,0.0011565768144473527,2475
2021-09-28,0.0006721031355621541,0.000651329520314554,0.0011544616448678046,2477
2021-09-29,0.0006841302098927153,0.0006746501236912227,0.0011498319122688326,2477
2021-09-30,0.00061934192038829,0.0006809859711026802,0.0011501767374390553,2476
2021-10-01,0.0007941129078834053,0.0006831350260979594,0.0011478756014267843,2477
2021-10-04,0.0006750248738518808,0.0006932891997806531,0.0011451278915614082,2479
2021-10-05,0.000714168133955897,0.0007113088771719981,0.0011463362643172345,2479
2021-10-06,0.0006919549286099367,0.0006943443992839628,0.001145867864741081,2476
2021-10-07,0.0005801056011849009,0.0006830310355760272,0.001142255785114452,2478
2021-10-08,0.0004751404683207016,0.0006447944416781629,0.0011388154897526836,2478
2021-10-11,0.0005322210970375033,0.0006276329149442501,0.0011377409885267448,2474
2021-10-12,0.0005097654727146724,0.0006262954006682223,0.0011355696090931784,2470
2021-10-13,0.0005301782147283144,0.0006123973099305465,0.0011312243741529956,2470
2021-10-14,0.0004733382711648687,0.0006060010455340034,0.0011308487122823304,2471
2021-10-15,0.0004933986971081496,0.0005914262280522163,0.0011290608616869695,2466
2021-10-18,0.0006403844270823647,0.0006123181187413304,0.0011266778077710685,2466
2021-10-19,0.0005367139374326071,0.0006076026269071826,0.0011254023986759034,2468
2021-10-20,0.001021655610541599,0.0005879836882283444,0.0011231991187664611,2469
2021-10-21,0.000566549844380955,0.0005858428946613755,0.0011242306135165042,2469
2021-10-22,0.0007127239315705713,0.0005808833010912141,0.0011226422721198844,2469
2021-10-25,0.000642505217954912,0.0006040774616928167,0.0011209046046082218,2469
2021-10-26,0.0007545229824020973,0.0005967078690394872,0.001118735612605756,2465
2021-10-27,0.0008562298199862652,0.0006315510669178387,0.0011176920254920971,2464
2021-10-28,0.0007613474622750404,0.0006969923695593867,0.0011170138944160363,2464
2021-10-29,0.0008278340939603112,0.0006365250515036608,0.001113314548133757,2462
2021-11-01,0.0007669681138675017,0.0006858132449877418,0.0011113638632074113,2462
2021-11-02,0.0010650274399074257,0.0006694717611857372,0.0011073496883410173,2462
2021-11-03,0.0009227318459102732,0.000671401495459793,0.0011072165845421183,2462
2021-11-04,0.0009186294376557847,0.0006867591105401136,0.0011066048838095383,2463
2021-11-05,0.0008264589583354353,0.0006938928677271078,0.0011045221160062122,2464
2021-11-08,0.000778602315402965,0.000687967459021069,0.001102952961103115,2464
2021-11-09,0.0007364611728548504,0.0006753534350078773,0.0010987045233542309,2463
2021-11-10,0.0007968430722646885,0.000663187900218784,0.0010906842449360436,2461
2021-11-11,0.0006108184636973865,0.0006927900170534263,0.0010871038555959355,2461
2021-11-12,0.0005833107967772811,0.0006406030676066454,0.0010841065387111333,2461
2021-11-15,0.0006771306158139292,0.0006248566946704695,0.0010812292913372312,2461
2021-11-16,0.0006177510329474098,0.0006513014716014783,0.001080072710664486,2461
2021-11-17,0.0006968160533496072,0.0006424403320389495,0.001078388932941977,2459
2021-11-18,0.0009247340508714606,0.0006724630774679787,0.001078935160515139,2458
2021-11-19,0.0007905409287799566,0.0007614029943935584,0.0010774957458701386,2459
2021-11-22,0.0009586693364367476,0.000724041872853174,0.0010782246350020763,2460
2021-11-23,0.0009593621423448644,0.0008304370371023679,0.0010770228541802157,2460
2021-11-24,0.0007395174173094906,0.0007937926113663698,0.0010757644612971549,2461
2021-11-26,0.0009893750110909919,0.0007080068288732759,0.0010721272643016222,2461
2021-11-29,0.0009909220721808461,0.0007443241349974342,0.0010708567103384172,2464
2021-11-30,0.0012728392001135653,0.0008231161209729393,0.0010700386558946202,2468
2021-12-01,0.0014654604677892442,0.000912481950985748,0.0010688836763532749,2467
2021-12-02,0.0010797764758877014,0.0012547970008837488,0.0010676687145568069,2467
2021-12-03,0.0012046830285502193,0.0009943702377746592,0.0010661608756400152,2469
2021-12-06,0.0013910971170932823,0.0011715649416117956,0.0010663912540104566,2471
2021-12-07,0.0009190971633494178,0.001097953236856337,0.001066633858188373,2475
2021-12-08,0.0008461095713931772,0.0009416192912652759,0.0010659207885385413,2475
2021-12-09,0.0007979620865886759,0.0008693977368765119,0.0010650353743867833,2475
2021-12-10,0.0007811612186906387,0.0008712764588286692,0.0010617415361192737,2474
2021-12-13,0.0009095867326158467,0.0008708598077042866,0.0010598166015070409,2476
2021-12-14,0.0009280667718361438,0.0009404716543609526,0.0010583415230099478,2477
2021-12-15,0.0012920983955711576,0.000904709027377656,0.001056627509830624,2478
2021-12-16,0.0010027055479216698,0.000956927680847934,0.0010574092851396491,2477
2021-12-17,0.001240433969674465,0.001021739144768403,0.0010571713048821835,2479
2021-12-20,0.0009905262116875755,0.0010204498929264907,0.0010583221017956973,2478
2021-12-21,0.0007635220706905073,0.0009535044211992456,0.0010577549524570505,2480
2021-12-22,0.0006800093450283348,0.0008697396229235431,0.001057628903953175,2480
2021-12-23,0.0006855804659294053,0.0008041255543949052,0.0010549024819154274,2480
2021-12-27,0.0007039429341199718,0.0007841049808822523,0.001052227814018949,2479
2021-12-28,0.0006541437948799338,0.0007861328826450357,0.0010517324326825613,2477
2021-12-29,0.000639672968931183,0.0007757918533864908,0.0010480752806084973,2476
2021-12-30,0.0007748359977615278,0.000750368743711365,0.001044044896170531,2478
2021-12-31,0.0005903410471966641,0.0007614014502122353,0.0010395937570259462,2479
2022-01-03,0.0008902415364995756,0.0007282058890347424,0.0010376615592718698,2478
2022-01-04,0.0009621807144843942,0.0007772409156647203,0.0010326988992310536,2480
2022-01-05,0.0010949442202659088,0.0007852418180919282,0.0010307197872412102,2480
2022-01-06,0.0010397018379123808,0.000930840749270642,0.0010278335590842554,2479
2022-01-07,0.0007633803152487037,0.0008665593097613333,0.0010248859207294644,2478
2022-01-10,0.0009272677124311174,0.0008594940424189263,0.001020850603714591,2477
2022-01-11,0.0008441052222966871,0.0008516546085923112,0.0010176169682767936,2477
2022-01-12,0.0006529838224508475,0.000811862486233047,0.0010155331276645457,2476
2022-01-13,0.0007932944756464765,0.0008020694285307665,0.0010130278738666727,2475
2022-01-14,0.0007265129492815117,0.0008580525331417958,0.0010106259414542906,2474
2022-01-18,0.000802924220921722,0.0008041655280296022,0.0010078056734592596,2474
2022-01-19,0.0008254338100116168,0.000858725939404226,0.0010045023157770673,2475
2022-01-20,0.001212982224929258,0.0009051217940869353,0.0010020917270168374,2477
2022-01-21,0.0011195083227328348,0.0010429333966506004,0.00100059609157396,2476
2022-01-24,0.0026143023610522634,0.001098316353333887,0.0009995310045076465,2476
2022-01-25,0.0015444637393726582,0.0012497915363690825,0.0010004358555150946,2477
2022-01-26,0.0015428812595730751,0.001153613289486238,0.0009992892970767154,2479
2022-01-27,0.0014486441301855579,0.0013137995572393435,0.0009930862394560015,2481
2022-01-28,0.0012810016870275732,0.001506450463994599,0.0009831659856862024,2481
2022-01-31,0.001040217126262633,0.0012746891688615912,0.0009792385775119169,2481
2022-02-01,0.0009859925498263479,0.0011491654357456557,0.0009770162671858757,2482
2022-02-02,0.0008684204088011091,0.001071922027810527,0.0009725888059154933,2481
2022-02-03,0.0008495808456141342,0.0010562649681860172,0.0009705053112072782,2480
2022-02-04,0.00101484240896536,0.0010253008592278462,0.0009659556347092311,2484
2022-02-07,0.0007298176149660523,0.0010044860450145476,0.0009630320976618135,2485
2022-02-08,0.0007053624501319807,0.0009338168721848207,0.0009590640043187261,2485
2022-02-09,0.0006425258018293747,0.0008936799325335896,0.000953152646014642,2483
2022-02-10,0.001313289920974312,0.0008644536545449788,0.0009454905192981923,2487
2022-02-11,0.0010667259678166297,0.0009401466189189751,0.0009419115050258241,2489
2022-02-14,0.0007535960932832474,0.001007966481268584,0.0009453152115358117,2489
2022-02-15,0.0007113822188730009,0.0009307441639868777,0.0009353387829888592,2489
2022-02-16,0.0006806653424703377,0.0008582477838100566,0.0009315100657634526,2488
2022-02-17,0.0008496223216447125,0.0008279978853090733,0.0009283293468673926,2488
2022-02-18,0.0007579073815318997,0.000867340778023222,0.0009271285201584484,2486
2022-02-22,0.001031227567483774,0.0008673227445961818,0.0009230460118407883,2486
2022-02-23,0.0009499742817984934,0.0009300694756003441,0.0009131327465980996,2486
2022-02-24,0.0020196511993404334,0.001023588376395617,0.0009136614779068417,2487
2022-02-25,0.0010571300791741573,0.0011899111392791608,0.0009212573329881595,2489
2022-02-28,0.000974964999046181,0.0009917786282918734,0.0009168641324315025,2488
2022-03-01,0.0013127122721746688,0.0009797982447255383,0.0009166229906687106,2490
2022-03-02,0.0009432477928259894,0.0010765562467040248,0.0009169173639004055,2492
2022-03-03,0.0009652102608237431,0.000970214323491149,0.0009157281099449194,2490
2022-03-04,0.001067800372423567,0.0010641541786084862,0.0009075295869126296,2488
2022-03-07,0.0015935896530977216,0.0010668545469059343,0.0008950886466923894,2486
2022-03-08,0.002368941073405965,0.0013044334011649476,0.0008953852605043351,2486
2022-03-09,0.0012109739994213432,0.0013192096084397164,0.0008950063836525896,2485
2022-03-10,0.0010359508586741707,0.0011185494754175507,0.000893869916160073,2486
2022-03-11,0.0010117211118897006,0.001046255265314304,0.0008920654985118952,2486
2022-03-14,0.0013888125797923703,0.0011443777465778124,0.0008917971507255341,2485
2022-03-15,0.0011239963017844034,0.001306460281884911,0.0008930647438789638,2485
2022-03-16,0.001196523449969945,0.0011138631467966485,0.0008945023590221921,2487
2022-03-17,0.0009931059427563474,0.0010924522343077339,0.0008937991575924964,2490
2022-03-18,0.0011255516331428812,0.001045769524416652,0.000894576100826169,2491
2022-03-21,0.0009454894997411774,0.0010525264338345195,0.0008929845723062109,2489
2022-03-22,0.0013657821590946505,0.0009951779609104936,0.0008921289867139649,2490
2022-03-23,0.0008726236513143255,0.0009673958635679917,0.0008918241495093697,2489
2022-03-24,0.000848221696571218,0.0009441018836692475,0.0008895228315435608,2487
2022-03-25,0.000775362744958673,0.0009061979056395613,0.000886269495069299,2485
2022-03-28,0.0009044304863916134,0.0008953334803899286,0.0008835368796787238,2484
2022-03-29,0.0009441981643920136,0.0008942682729219757,0.0008825175793867106,2480
2022-03-30,0.0010034066586232342,0.0008969427717173984,0.0008819029415877288,2481
2022-03-31,0.0007824817456712882,0.0009589796146247431,0.0008807303466691892,2481
2022-04-01,0.0008442758358192185,0.000899828004827312,0.0008798216032231776,2482
2022-04-04,0.0008145587337136054,0.000887939199572366,0.0008795501538311963,2483
2022-04-05,0.0008829476368129455,0.0008634336522041905,0.000879751715597094,2483
2022-04-06,0.0009294003053761608,0.0009269761574719438,0.0008794382296288199,2482
2022-04-07,0.0009233096319381424,0.0009236097943444636,0.000880398758572266,2482
2022-04-08,0.000743292183300133,0.00091236982082057,0.0008808480092261444,2480
2022-04-11,0.0012532731255356572,0.00087776882725579,0.0008799890730031344,2479
2022-04-12,0.0013649515640636954,0.000940584794548429,0.0008825820046829679,2476
2022-04-13,0.0007371542925990011,0.0009972603239270285,0.0008848381258614059,2475
2022-04-14,0.0006784661509051838,0.0008693518727459591,0.0008839329052325803,2477
2022-04-18,0.0007790224870289763,0.0008676898005729178,0.0008827205264329719,2474
2022-04-19,0.0007632228070446284,0.0008866842712294926,0.0008826399660649025,2473
2022-04-20,0.0007496933871143953,0.0008499357380592962,0.0008816214325693766,2474
2022-04-21,0.0011405607287573347,0.0008460240071622712,0.0008795960745504628,2472
2022-04-22,0.0009181359051162714,0.0010555276001995432,0.0008806999324882089,2471
2022-04-25,0.0010413530860087445,0.001024423273500214,0.0008790763028895551,2470
2022-04-26,0.000843414190446462,0.0009876056923698512,0.0008801679064969718,2471
2022-04-27,0.0010087441496422454,0.0010608698370702847,0.000880523235830544,2471
2022-04-28,0.0014511181972859583,0.0010292287654571344,0.000880783358504493,2473
2022-04-29,0.0012446788167733082,0.0010643765294043486,0.0008820868834414615,2472
2022-05-02,0.0012104607775858982,0.0011389549466405654,0.0008838955419988111,2472
2022-05-03,0.0009927304205719098,0.001102207387878521,0.0008846378758123423,2473
2022-05-04,0.0015215662839301383,0.0010194244838764896,0.0008797698199917306,2469
2022-05-05,0.0015113333200796344,0.0010993028841701869,0.0008815274224319956,2469
2022-05-06,0.0013735675196454697,0.0012221122393734874,0.000881556318575954,2468
2022-05-09,0.0015363521092848552,0.001192584196523114,0.000883877538951756,2465
2022-05-10,0.0022081047697380387,0.0014833059541548728,0.0008859694306729667,2465
2022-05-11,0.0020350297581328393,0.0015490179169161701,0.0008892010077296257,2464
2022-05-12,0.0019835141378868326,0.0017828931530081923,0.0008920561522426602,2464
2022-05-13,0.001334059819615351,0.0015707226439762923,0.0008940127341212024,2464
2022-05-16,0.0011820028963148703,0.001375046540819263,0.0008956066976731443,2464
2022-05-17,0.0009502820908320956,0.0012622646907290574,0.0008967040561740613,2465
2022-05-18,0.0013425317158429183,0.0011634485968938556,0.0008991026967181265,2465
2022-05-19,0.0011031328955628523,0.001297120789997337,0.0009005384382189581,2465
2022-05-20,0.0016437188544369335,0.0011775015864211719,0.0009009024217652366,2466
2022-05-23,0.0010346278567579135,0.0013365058471809495,0.0009035199130573288,2465
2022-05-24,0.001138951188430615,0.001208637376436104,0.0009049713165173054,2465
2022-05-25,0.0009893268768215386,0.0012793746328796653,0.0009053592300749116,2465
2022-05-26,0.0009675119731419055,0.0011398416360087478,0.0009045071527737858,2466
2022-05-27,0.0008685188640812451,0.0010971644893243955,0.0009018370388688547,2466
2022-05-31,0.0011382571538039365,0.0010357714310400671,0.0009022878685808436,2466
2022-06-01,0.0012107566321515274,0.0010684621798617067,0.0009035376319810477,2467
2022-06-02,0.000952002838654059,0.0011135996695663453,0.0009043593730994775,2467
2022-06-03,0.000804866268782521,0.0010340477196838648,0.0009036545103648677,2466
2022-06-06,0.0009852919396328376,0.0009879176630341834,0.0009025367407683153,2466
2022-06-07,0.0009632042387309462,0.0010341411788839336,0.0009036023666565123,2465
2022-06-08,0.0009716826528059202,0.0010420676330812671,0.0009028485764243354,2463
2022-06-09,0.001050223380312305,0.0010009848896868456,0.0009034302601054266,2463
2022-06-10,0.001155186224413903,0.0010378804126747146,0.0009130842317425827,2464
2022-06-13,0.0014967064793640274,0.0010743613852342514,0.0009129345821721761,2463
2022-06-14,0.0015396415581864207,0.001217239732287731,0.0009160997823425545,2463
2022-06-15,0.001242554220568892,0.0011892783010475437,0.0009193728978584388,2464
2022-06-16,0.0013248492957562805,0.0011364670510695305,0.0009222632292497447,2464
2022-06-17,0.0012644994307792928,0.001238762710388864,0.0009238950744728968,2463
2022-06-21,0.0012417698482227611,0.0011955907430482038,0.0009251275985020703,2462
2022-06-22,0.0011675300608113472,0.0011422801278383814,0.0009270082764159238,2462
2022-06-23,0.0012165389317593713,0.0011043948544527185,0.0009294123530542481,2465
2022-06-24,0.001737162446560239,0.0011703366898888163,0.0009325878621293711,2462
2022-06-27,0.0009688812630106961,0.0011870068049495276,0.0009370785425335534,2462
2022-06-28,0.0011683233522376132,0.0010876769425495806,0.0009432309810595702,2464
2022-06-29,0.001053536758855714,0.0011402346541304139,0.0009436547315688199,2463
2022-06-30,0.0011183900504383212,0.001154222364147319,0.0009454136000593877,2462
2022-07-01,0.0010699600408372062,0.001112657857409895,0.0009469502099625681,2462
2022-07-05,0.001529996895329918,0.0010967681239870365,0.0009482804334568508,2460
2022-07-06,0.0012053400165394045,0.0012049458098037247,0.0009521288198662954,2459
2022-07-07,0.0008380247351716414,0.0011691122265858815,0.0009530540883943802,2460
2022-07-08,0.0009095589449203446,0.0010652354735564622,0.0009529683171211543,2461
2022-07-11,0.0007808117563582371,0.0010372732975543655,0.0009521332265583404,2460
2022-07-12,0.0010736964963960114,0.0010055319362779216,0.0009487226328948005,2458
2022-07-13,0.0009182389359711065,0.001005142440537765,0.0009482021225476031,2456
2022-07-14,0.0008754814987710294,0.0009874952410047569,0.0009469387927037872,2457
2022-07-15,0.0009119599251859516,0.0009704956027624781,0.0009463002357577068,2457
2022-07-18,0.000938892476999052,0.0009547170902562459,0.0009446982976696758,2456
2022-07-19,0.0007436126207440605,0.0010065837839053535,0.0009451320945568009,2452
2022-07-20,0.0008558803548273246,0.0009129063596420006,0.0009449450295415833,2452
2022-07-21,0.0007109453031704532,0.0009227118780650337,0.0009438550076683414,2450
2022-07-22,0.0009023083299790785,0.0008790384149998349,0.0009420239250146575,2449
2022-07-25,0.0008294236028975675,0.000978202940668038,0.0009424361777134088,2448
2022-07-26,0.0007888998593435523,0.0009318943041105543,0.0009407601014675866,2449
2022-07-27,0.0009217491411214138,0.0009172131784625823,0.0009408675501120671,2452
2022-07-28,0.0011853552553789195,0.0009054731848582193,0.0009399342462777026,2452
2022-07-29,0.0008311016105409534,0.0009566107751797483,0.0009371523383700574,2449
2022-08-01,0.0009216497889881101,0.0009046179004782666,0.0009382535366981148,2448
2022-08-02,0.0010163563426595955,0.0009111525808290749,0.0009375328824003479,2447
2022-08-03,0.0010584710648799962,0.0009292834245697823,0.0009392527301862251,2444
2022-08-04,0.0013260680529010329,0.0009661184642666697,0.0009402979936918119,2442
2022-08-05,0.0012547236954029836,0.0010188596423193969,0.0009424135837126831,2442
2022-08-08,0.0009754762994827235,0.0009997079746939773,0.0009441618769572765,2442
2022-08-09,0.0010297958233015908,0.0009663492272059722,0.0009448839534752472,2443
2022-08-10,0.0009308727190173243,0.0009812712969072142,0.000944753777502924,2445
2022-08-11,0.0010669659421857279,0.0009367295157468961,0.0009454993474881892,2446
2022-08-12,0.0007936693836576228,0.0009626168198626169,0.0009469042111429997,2446
2022-08-15,0.0007962310958503256,0.0008783883500306084,0.0009470373285204162,2449
2022-08-16,0.0009162298423383152,0.0008685219465666767,0.0009499730233435489,2449
2022-08-17,0.0007517452794700216,0.0008801874637056207,0.000950609409877497,2450
2022-08-18,0.0008045957406826029,0.0008575724992195313,0.0009502460394207124,2449
2022-08-19,0.0006302887741183035,0.0008395097644791003,0.000949288033630945,2448
2022-08-22,0.0008088276473856923,0.0008291028149778542,0.0009487044242989124,2448
2022-08-23,0.0007377976014387716,0.0008512585766369344,0.0009504159355221429,2449
2022-08-24,0.0006855453993278028,0.0008172731491649046,0.0009513631946064563,2447
2022-08-25,0.0008032760346132103,0.0008030665929209763,0.0009523863822793824,2445
2022-08-26,0.0008695862399901576,0.0007866081937724013,0.0009529061331543285,2440
2022-08-29,0.0006853726814134552,0.0009059317731344243,0.0009571230217309926,2441
2022-08-30,0.0007924749004683135,0.000797827935734199,0.0009570483501213808,2443
2022-08-31,0.0007168709134991829,0.0008771975541368789,0.0009593900927020201,2442
2022-09-01,0.0008917610242104787,0.0008312457277325807,0.0009623520350886209,2446
2022-09-02,0.0008515745160721569,0.0008489381241485312,0.0009625336499909934,2447
2022-09-06,0.0008683540864059116,0.0008627610696371722,0.000965914144918144,2447
2022-09-07,0.0008663785696062259,0.0009292755732262173,0.0009662592164165053,2448
2022-09-08,0.0008921893578717852,0.0008359269441480139,0.0009674549350259142,2447
2022-09-09,0.0007055381369661952,0.0008521972767651325,0.0009685297225908206,2447
2022-09-12,0.0006243242550116126,0.0007904127149077841,0.0009687662083065565,2448
2022-09-13,0.0008839235000210999,0.0007563128043179245,0.0009713184995980772,2449
2022-09-14,0.0007833413057684991,0.0008183083322975702,0.0009713391372604776,2450
2022-09-15,0.0010399955885693622,0.0008147610670124198,0.0009714228033247581,2450
2022-09-16,0.0009404283848696488,0.0008235918690355316,0.0009655058173630574,2445
2022-09-19,0.0009223472404621543,0.0008732155778146367,0.0009673596406461089,2442
2022-09-20,0.0008475051078653935,0.0008545064290072245,0.0009692484856264008,2444
2022-09-21,0.0009210906026809068,0.0008711851255174046,0.000971163671854521,2442
2022-09-22,0.0009404467045576772,0.000933500340339094,0.0009776350010655417,2444
2022-09-23,0.0011554407464610817,0.0009756604244132998,0.000977692276832752,2442
2022-09-26,0.0011756017067722328,0.0010433435580581895,0.0009790885877386873,2442
2022-09-27,0.0010333448462507408,0.0010737696403415413,0.0009811492688941359,2443
2022-09-28,0.0010138611272430807,0.0010398349837733504,0.0009822320846864007,2442
2022-09-29,0.0009504180790439178,0.0009724696429343994,0.000985147035055769,2444
2022-09-30,0.0011122526753012895,0.001009022229007325,0.000985680108689042,2443
2022-10-03,0.0012403231122362789,0.0010052677166409165,0.0009887071303635363,2443
2022-10-04,0.0008668033361885005,0.000994190182001495,0.0009903352136814614,2442
2022-10-05,0.0009833348475835003,0.0009290067902549603,0.0009903074127428,2445
2022-10-06,0.0009237972209316756,0.0009233817527849453,0.0009878811059439816,2444
2022-10-07,0.0009051629042945067,0.0009312255821457287,0.0009881016045663776,2443
2022-10-10,0.001003238466795037,0.0009804275054070164,0.0009893218440565595,2442
2022-10-11,0.0011701347230969887,0.0009808925450004767,0.0009803174590542636,2439
2022-10-12,0.0009034671964557647,0.0010238475909376476,0.0009835639381827067,2440
2022-10-13,0.0018804562193358557,0.0009865159269805462,0.0009849784447354833,2438
2022-10-14,0.0010543094880190432,0.001108504626242,0.0009903964321648486,2436
2022-10-17,0.0008923885891420306,0.0011056119366271249,0.0009926935339409136,2436
2022-10-18,0.0009703393040711933,0.0009780588325056057,0.0009944782798104131,2435
2022-10-19,0.0009490093956966328,0.0009975564579688585,0.000996050571132119,2436
2022-10-20,0.0010695802557902621,0.0010115052518840338,0.0009965259688622596,2434
2022-10-21,0.0009432820110768617,0.0010291699020787111,0.000995371300653465,2431
2022-10-24,0.000954288050076906,0.0009572866658509638,0.000996875819462206,2431
2022-10-25,0.0011012560555295648,0.0009750917903253389,0.0009983082394231736,2431
2022-10-26,0.001080830357888441,0.0009658697533293663,0.0010000086406754493,2434
2022-10-27,0.0009235294144477338,0.0009678242778543383,0.0010013832759765214,2437
2022-10-28,0.0009836218262524398,0.0009413645002254229,0.0010021017573088034,2436
2022-10-31,0.0007362125672215876,0.0009343547048868977,0.0010031477792142058,2436
2022-11-01,0.0008152085803053065,0.0008755184505011374,0.001001991213162798,2435
2022-11-02,0.001178308103985565,0.0008946342309650408,0.0010024712912985523,2433
2022-11-03,0.0013806980068355765,0.0010147232452535275,0.0010048824266375611,2433
2022-11-04,0.0013507120568882714,0.0010035131151844596,0.0010066790393767492,2435
2022-11-07,0.000981222890419769,0.00103790834929104,0.0010084985693941044,2436
2022-11-08,0.0012493089510628706,0.000981567698022677,0.0010063622209461238,2437
2022-11-09,0.0012696906074727678,0.0010244199539768523,0.0010093567195661856,2438
2022-11-10,0.0013999319650262554,0.001104162960427646,0.0010065128413459712,2438
2022-11-11,0.0013975978097064332,0.0010946720405176312,0.0010087563324261213,2439
2022-11-14,0.001105074567689792,0.001086298864486679,0.001011794496757979,2438
2022-11-15,0.0011289722737536478,0.0010349444174821128,0.0010111996328068251,2439
2022-11-16,0.0008890904250211367,0.0010481367256850451,0.0010149859809239486,2439
2022-11-17,0.0010457073480667233,0.0010079290858411017,0.0010145799362994866,2440
2022-11-18,0.0009043351129702895,0.0009895000231023863,0.0010159906394168641,2439
2022-11-21,0.000818535483922207,0.000977807017986034,0.001014558127989075,2441
2022-11-22,0.0007994460620900832,0.0009261538635308255,0.0010151660685092543,2441
2022-11-23,0.0008025481611919073,0.0009054064576491372,0.0010132601658680174,2441
2022-11-25,0.0004733537104201657,0.0008714242390633826,0.001013893209062494,2442
2022-11-28,0.0008180572139978974,0.0007676452560720406,0.0010088765749967272,2431
2022-11-29,0.0007090153336841896,0.0008726780026447514,0.0010075098296599364,2430
2022-11-30,0.0012233863785985045,0.0008059090354045771,0.0010066057748543166,2429
2022-12-01,0.0009649935337792824,0.0008968500743666572,0.0010066395025863078,2428
2022-12-02,0.0009303899964235585,0.000911762051374402,0.0010040699444915523,2426
2022-12-05,0.0009294935959128335,0.0008882900041246723,0.001003624170565129,2426
2022-12-06,0.0010718806627348764,0.0009305146981583569,0.0010036735982917764,2425
2022-12-07,0.0009441998332774366,0.0009420457907296299,0.0010008770909476932,2423
2022-12-08,0.0010536383357859194,0.0009314311923808778,0.0010009588348301797,2424
2022-12-09,0.0008450743075967197,0.000918715158319398,0.001001632220844612,2424
2022-12-12,0.0011399112752786828,0.0009172706117937908,0.0010036349949811634,2424
2022-12-13,0.0014314978686925238,0.0009243693069926945,0.0010076813160051082,2429
2022-12-14,0.0009761345721236253,0.0010661800065977936,0.0010098891293304844,2428
2022-12-15,0.0010312805710375851,0.0010049815864301595,0.0010104055645150484,2428
2022-12-16,0.0014969587611995067,0.001026500677045196,0.0010087427315698342,2428
2022-12-19,0.0011628893908788194,0.0010409799696306692,0.001010672288054658,2428
2022-12-20,0.0010249878595556471,0.0011064237994551575,0.0010101726486840027,2428
2022-12-21,0.0010157862194869016,0.001019852649464368,0.0010111126829790529,2426
2022-12-22,0.0011054870178049013,0.0009856059132853574,0.0010108130000439544,2425
2022-12-23,0.0008585420040641754,0.0010071433893293915,0.0010124408419339914,2425
2022-12-27,0.000871477162946119,0.0009726053235818196,0.001013481957462941,2424
2022-12-28,0.0010681956994161954,0.00098126595842532,0.0010146801044775278,2423
2022-12-29,0.0009611679049293973,0.0010242765242396677,0.0010133581383120578,2424
2022-12-30,0.0009618351210595568,0.0009920468453170515,0.0010149169506830393,2424
2023-01-03,0.0012188048748936332,0.00097433619514899,0.0010159579777437855,2425
2023-01-04,0.0010429402960159078,0.0010263558287209734,0.0010183228542273077,2426
2023-01-05,0.0009858291913796714,0.000991090080913936,0.001019142115750036,2426
2023-01-06,0.0010844906194695926,0.0009624143756872189,0.0010194070658956682,2424
2023-01-09,0.0010477730937666556,0.0009723692933556589,0.0010198224040461397,2423
2023-01-10,0.0008936371915303388,0.000976709921094541,0.0010204890118418616,2421
2023-01-11,0.0011191387551992486,0.0009690366572857015,0.0010290708265096,2421
2023-01-12,0.001001830383350502,0.0009714336768008579,0.001030039055216892,2421
2023-01-13,0.0010935496523837849,0.000968893649542717,0.001030139094288415,2425
2023-01-17,0.0008186581813079893,0.0009742205485394323,0.0010324399559983567,2423
2023-01-18,0.0009858537575978344,0.000915317107792665,0.0010324719380243432,2426
2023-01-19,0.0009114866459522505,0.0009800487011269133,0.0010355321193470128,2428
2023-01-20,0.0009122334817599696,0.0009560438029491104,0.0010366764231512914,2429
2023-01-23,0.0008548554061057303,0.0009286385187437226,0.0010362906736236595,2428
2023-01-24,0.0007738815584260891,0.0008875575497275551,0.0010320009960474203,2426
2023-01-25,0.000813996978691368,0.0008632583109029578,0.0010314635371284505,2424
2023-01-26,0.0007921725784965643,0.000836604935390773,0.0010166173421869294,2420
2023-01-27,0.0007452090795083971,0.0008236825188663542,0.0010137231100923747,2420
2023-01-30,0.0007918818131738946,0.0008219408183115784,0.0010109855805042365,2420
2023-01-31,0.0008062971790218971,0.0008215435865771764,0.0010084327304793598,2418
2023-02-01,0.001280915600984234,0.0008326713222488873,0.001006721633768767,2418
2023-02-02,0.0011276496314021626,0.0009269747491398335,0.0010132228498810733,2418
2023-02-03,0.0009766517729207877,0.000943160008878673,0.001013638922504943,2419
2023-02-06,0.0009504514458612066,0.0009091267983038862,0.0010143485276370608,2420
2023-02-07,0.0012361049761842927,0.0009002328094039498,0.0010147384126536138,2419
2023-02-08,0.0008264802251535686,0.0009321053492315065,0.0010154957396607668,2415
2023-02-09,0.0010182689777771467,0.0008719514401644566,0.001015577210745538,2416
2023-02-10,0.0008398376103060611,0.0009693847557017094,0.0010166465353998518,2417
2023-02-13,0.0007243225575760669,0.0008590963825731688,0.0010178594230632102,2416
2023-02-14,0.0008392141527362828,0.0008382367291970441,0.0010153758720910918,2419
2023-02-15,0.0007008637624711105,0.0008331321810469367,0.0010158055091057643,2418
2023-02-16,0.0008335320886792093,0.0007937127991174132,0.0010173733187957665,2420
2023-02-17,0.0007259611900689629,0.0007876626400719623,0.0010177308250399805,2421
2023-02-21,0.0008150292229954797,0.0007742381791302832,0.001018151445333876,2423
2023-02-22,0.0007304857904940555,0.0008480651516130039,0.001017413597680556,2424
2023-02-23,0.0008682504198473859,0.0007953148553850871,0.00101686223002012,2423
2023-02-24,0.0007542731355990479,0.0008221414490909238,0.001016837516030667,2423
2023-02-27,0.0007012436759103046,0.0007929394246739165,0.0010157605229950968,2424
2023-02-28,0.0007222719111526568,0.0007871724326123644,0.0010115958511191124,2421
2023-03-01,0.0007841320505356576,0.0007645972924808552,0.0010103630588062327,2423
2023-03-02,0.0009953442209377343,0.0007693048957491984,0.0010092522698077384,2425
2023-03-03,0.0006493981879860257,0.0007750917405741256,0.001007355843129283,2425
2023-03-06,0.0007324569522150342,0.0007510931116909107,0.00100638965856394,2424
2023-03-07,0.0007189030627170724,0.0007874793543941581,0.0010055043146977112,2424
2023-03-08,0.0007016115460568246,0.0007771699663383835,0.0010041986144574677,2424
2023-03-09,0.0009550956252328922,0.0007543185116062156,0.0010038956370369723,2425
2023-03-10,0.0015204762621957178,0.0009112579691724459,0.0009985207962017587,2424
2023-03-13,0.0025817150737837027,0.001073941252696743,0.0010042564600285118,2425
2023-03-14,0.0013720463966239154,0.0011488705716101934,0.0010112530187978005,2427
2023-03-15,0.0012701944349301265,0.001181288140609414,0.0010127773315264114,2427
2023-03-16,0.0013634059446715689,0.0010970357291943005,0.001012376222366552,2429
2023-03-17,0.0010958439797843194,0.0010612139485076423,0.0010117855540496,2428
2023-03-20,0.000980999719749666,0.0011069925443909759,0.0010127453824463999,2431
2023-03-21,0.0008849422887861293,0.0010298197602869382,0.0010130795791247888,2430
2023-03-22,0.0009418462158602542,0.0009688342154198996,0.0010135245956528636,2429
2023-03-23,0.0011894474233706768,0.0010854431326872524,0.0010134662203805896,2428
2023-03-24,0.0008471459336047035,0.0011111706273715634,0.0010278483215980425,2440
2023-03-27,0.0007395358044562101,0.0009717012818328598,0.0010266406462356597,2442
2023-03-28,0.0006851049442294688,0.0009238039828045371,0.0010267707097510253,2442
2023-03-29,0.0006968735474365719,0.0008729027589497828,0.0010252513853772427,2439
2023-03-30,0.0008395803336565896,0.0008451891645963166,0.0010279170509548846,2442
2023-03-31,0.0008167764328650195,0.0008792591451343553,0.0010276799756549241,2442
2023-04-03,0.0009069061228468904,0.0008325523725403227,0.0010270597381233082,2440
2023-04-04,0.000831697141447677,0.0008568737541548554,0.0010281274833350517,2440
2023-04-05,0.000739834320953849,0.0009161787985222155,0.001028073949467759,2441
2023-04-06,0.000624426469195802,0.0008607512671688458,0.0010278757818190708,2442
2023-04-10,0.0006964801644462831,0.0007964776248933045,0.0010266372344489006,2441
2023-04-11,0.0007404325225713674,0.0008137831624034053,0.0010243844773843503,2441
2023-04-12,0.0006294759703703497,0.0008052458681354614,0.0010242223424198579,2441
2023-04-13,0.0007697211110597017,0.0007943162354049769,0.0010241508094443973,2440
2023-04-14,0.0010071869109427797,0.000793424464157196,0.001022288523135389,2440
2023-04-17,0.0007852819555732582,0.0008591596590962558,0.001020933043170743,2441
2023-04-18,0.0011238503631898805,0.0008047526921221783,0.0010215351497573548,2440
2023-04-19,0.0007334935026401472,0.0008956002809043936,0.0010233174110406554,2440
2023-04-20,0.0008135183994638198,0.0008103634575429195,0.0010282271952152275,2442
2023-04-21,0.0008276105724127968,0.0007893387971466863,0.001031629281298014,2441
2023-04-24,0.0008557988606931003,0.0007885494652472269,0.0010318093027113237,2442
2023-04-25,0.0007932571179449402,0.0008249447614491471,0.0010303278139106777,2443
2023-04-26,0.0008297545573704294,0.0008613691025830364,0.0010314440071174397,2443
2023-04-27,0.0009406300964032405,0.0008356717135958669,0.001030630823057479,2443
2023-04-28,0.0009733363042935248,0.0008211864982801511,0.0010306354486381585,2444
2023-05-01,0.0012692464898339736,0.000828417587132014,0.0010303716398398395,2443
2023-05-02,0.00143162581016679,0.000918914411360977,0.0010296247337739561,2443
2023-05-03,0.0014403088208788677,0.0009498760323904578,0.001028932861556788,2442
2023-05-04,0.0016181548993306834,0.0010505473257479282,0.001030423537160202,2442
2023-05-05,0.0012695574611978888,0.0010781726605850967,0.0010326389021402113,2445
2023-05-08,0.0009652125296553893,0.000990494792945999,0.0010314853982806933,2446
2023-05-09,0.0010926518720536925,0.0009601579345418172,0.0010288096812968233,2448
2023-05-10,0.0011119803834724652,0.0009055269110440714,0.001026218764309478,2446
2023-05-11,0.001173693371711275,0.0009328410890086062,0.0010256703876793689,2448
2023-05-12,0.001032036040700324,0.0009135442832696103,0.0010217607351376667,2448
2023-05-15,0.0010986359948086627,0.0009163475015008506,0.0010174670015735065,2449
2023-05-16,0.0009424244053327429,0.0009302960471931778,0.0010141928316160214,2447
2023-05-17,0.0010775554210562678,0.0008984706457325078,0.001012288672879254,2446
2023-05-18,0.000981225403326927,0.0008880364897573935,0.00101710409900296,2448
2023-05-19,0.0009883054671314267,0.0008772555934964044,0.0010181910743019783,2449
2023-05-22,0.0009836175285004188,0.0008984652498365218,0.0010160245811035497,2451
2023-05-23,0.0019968011156700593,0.0008915172669968275,0.0010148826225075032,2451
2023-05-24,0.0007909046756945118,0.0012198524096709961,0.0010158320300894953,2453
2023-05-25,0.002299080524054154,0.0010318459293088065,0.00101469907612447,2453
2023-05-26,0.0008835545383265069,0.0009666461541495244,0.001018680487113275,2456
2023-05-30,0.0008868600126785714,0.0008807951487233391,0.001018451244602249,2456
2023-05-31,0.001047884991861934,0.0008950766301729242,0.0010175657508076493,2458
2023-06-01,0.0010304035931650378,0.0008939300384345632,0.0010174234032268184,2457
2023-06-02,0.000839836689019664,0.0008920454310584948,0.0010171124537987335,2457
2023-06-05,0.0007902730773763124,0.0009157781326339354,0.0010186361871869344,2457
2023-06-06,0.0010702063686710988,0.0008780114507117975,0.0010171387574632678,2460
2023-06-07,0.0009204679844969813,0.0009017000950840624,0.0010181462578311262,2460
2023-06-08,0.0008099046493095464,0.0008834106286017567,0.001017231184368332,2462
2023-06-09,0.0007097422229467192,0.0008137755385183999,0.001016493588567621,2462
2023-06-12,0.0008392692203799153,0.0008159595532436655,0.0010160480787923152,2460
2023-06-13,0.0007335820072031485,0.0008403569720977275,0.0010150890679934154,2461
2023-06-14,0.0007986874918369392,0.0008311193300639809,0.0010131547085701874,2461
2023-06-15,0.000637768858056952,0.0008334217263912502,0.0010100214435286691,2463
2023-06-16,0.0007678901785291656,0.0007819296584735827,0.0010067530455273829,2462
2023-06-20,0.0008298758355139263,0.000832877878049837,0.0010049285430206753,2461
2023-06-21,0.0009642494393575173,0.0008523415438575523,0.0010041124097285225,2460
2023-06-22,0.0007605388947605751,0.000881599931379469,0.0010007504883426557,2457
2023-06-23,0.0008585064663951479,0.0008260181136918904,0.0009968145711691662,2451
2023-06-26,0.0009721668533334052,0.0008304408599133911,0.000995237921368501,2452
2023-06-27,0.0008425994940692906,0.0008447027329971886,0.0009908996817139977,2452
2023-06-28,0.0006511293779641944,0.0008175587266710343,0.000987699992064371,2453
2023-06-29,0.0006915103553262994,0.0007906584992803478,0.0009888411707952832,2455
2023-06-30,0.0009094783460515437,0.0007529356233126076,0.0009803814740238731,2454
2023-07-03,0.0005259105694738998,0.0007684227651370598,0.0009804218867448494,2453
2023-07-05,0.0006750363611576816,0.0007004372644814794,0.0009777887021522674,2453
2023-07-06,0.0007668998609149312,0.0007321435144422495,0.0009759464016532062,2456
2023-07-07,0.0006235970507804031,0.0007412565559231954,0.0009732666348235805,2456
2023-07-10,0.0006072291915199353,0.000703847905772755,0.0009710689952524121,2456
2023-07-11,0.0006022854628572201,0.0007147895089677376,0.0009705505162815304,2455
2023-07-12,0.0006011982382449791,0.0007002905498048646,0.0009694331269196315,2455
2023-07-13,0.0006172452633497868,0.0006956209876506427,0.000970676217512519,2454
2023-07-14,0.0006838487318724069,0.0006938379591612783,0.0009686086098427671,2456
2023-07-17,0.0007169610570187864,0.0007279327272485972,0.0009707884351636044,2457
2023-07-18,0.0007833278756561893,0.0007135504417252803,0.000969894424749286,2458
2023-07-19,0.0006845352904223017,0.0007479461630551731,0.0009699391198724493,2461
2023-07-20,0.000597537747695434,0.000717580517130905,0.0009689459886537338,2461
2023-07-21,0.0006850504081016057,0.0007036570760692822,0.0009683371448073956,2459
2023-07-24,0.0006636041340192881,0.0006992398074566113,0.0009662094777015655,2459
2023-07-25,0.0008054470783813629,0.0007096965183490953,0.0009663039763605654,2459
2023-07-26,0.0008187626689248223,0.0007011306271652487,0.000965496830119382,2460
2023-07-27,0.0008846090985418666,0.0006983340185266045,0.0009655083230914635,2460
2023-07-28,0.0007095010493350253,0.0007916077198202266,0.000966170940489822,2459
2023-07-31,0.0006136319304712352,0.0007269145817643611,0.0009660158782565367,2457
2023-08-01,0.0007344303345755883,0.0007041552573609313,0.000971970959303897,2458
2023-08-02,0.0008529035730321436,0.0007238925160702545,0.0009714804236014075,2458
2023-08-03,0.0009051950114392314,0.000741033964840352,0.000967934921971912,2457
2023-08-04,0.0008839160273602783,0.0007568836094848912,0.0009693680628291341,2457
2023-08-07,0.0010021475737158798,0.0007730325105954844,0.0009682206069181921,2457
2023-08-08,0.0009532243966824794,0.0007974031612850934,0.0009695754429300724,2462
2023-08-09,0.0010218910984416232,0.0007871890205158308,0.0009680125964079666,2463
2023-08-10,0.0009380466887292031,0.0008087663948028667,0.0009681556620684865,2462
2023-08-11,0.0006461907042140319,0.000820052031498604,0.0009675371436699641,2463
2023-08-14,0.0007056688422276324,0.0007448459255463519,0.0009644511322411362,2461
2023-08-15,0.0008043996727121266,0.0007281934287296121,0.0009632550131554106,2461
2023-08-16,0.0007816336551773642,0.0007626636343970201,0.0009629512110760067,2463
2023-08-17,0.0009367039363575005,0.0007708908297192366,0.0009637718190287761,2459
2023-08-18,0.0007877429814531733,0.0008168652122670075,0.0009615286044879804,2459
2023-08-21,0.000735382706057993,0.0007477058636578216,0.0009627633299537287,2460
2023-08-22,0.0007285227133991319,0.0007524505858056506,0.0009627034192320964,2461
2023-08-23,0.0006588604090473148,0.0007587603249952332,0.0009632158902213322,2461
2023-08-24,0.0007828407211510193,0.0007131687845075011,0.0009626792038021844,2460
2023-08-25,0.0007309000698456682,0.0007680156377129129,0.0009630881403919629,2460
2023-08-28,0.0006529020716254652,0.0007457994430924772,0.000963059767777335,2458
2023-08-29,0.0006929263057741502,0.0007180542558768294,0.0009628886149121777,2458
2023-08-30,0.0005785354875683064,0.0007112523548642611,0.0009618457820295145,2459
2023-08-31,0.0008351407366085672,0.000671316314404806,0.0009613414162927643,2458
2023-09-01,0.0006723551606003346,0.000713055675233015,0.0009610798643514596,2459
2023-09-05,0.0009198637887130928,0.0006848967530616822,0.0009602635300783862,2462
2023-09-06,0.0007577077653759686,0.0007728165481010656,0.0009623956919946877,2461
2023-09-07,0.0008023133528617537,0.0007562192829029987,0.0009626056978734803,2464
2023-09-08,0.0012094517423628123,0.0007527243934671513,0.0009611844118789068,2463
2023-09-11,0.0008001436633950942,0.0007601806875488519,0.0009601981323706134,2463
2023-09-12,0.0007088779685332716,0.0008147057346314785,0.0009595396457284136,2464
2023-09-13,0.0007021619794676936,0.0007625752984047395,0.0009594983247090147,2464
2023-09-14,0.0006773134592172486,0.0007638903475756737,0.0009608713416195239,2464
2023-09-15,0.000779671740085136,0.000711099659370531,0.0009600413876576063,2463
2023-09-18,0.000714010415389038,0.0007714801173382255,0.0009601388593146538,2465
2023-09-19,0.000641296919714477,0.0007561781843460999,0.0009623602591333633,2468
2023-09-20,0.0006890144929045198,0.0007250855086889194,0.0009598626997200596,2470
2023-09-21,0.000682636324811238,0.0007484638050345942,0.0009555553367193092,2467
2023-09-22,0.0006245653663330328,0.000751318367773768,0.0009565387476035713,2469
2023-09-25,0.0006487985452888602,0.0007287024373378569,0.0009555167055425786,2472
2023-09-26,0.000733851491359583,0.0007256883297006306,0.0009548924149199912,2470
2023-09-27,0.0007155483954210539,0.0007327560323281779,0.0009541263442833762,2471
2023-09-28,0.0008138199495292182,0.0007287348297144152,0.0009493815406966373,2468
2023-09-29,0.0007446787920726694,0.0007362284335361578,0.0009484488010812579,2467
2023-10-02,0.0008577943025372998,0.000745561243892176,0.0009474850917944976,2466
2023-10-03,0.0008716415430987627,0.0008244118175229853,0.0009468533639890159,2467
2023-10-04,0.0008428208994301385,0.0008329441293863345,0.0009459930751021789,2466
2023-10-05,0.000812551251923156,0.000821369428227645,0.0009399652669496374,2467
2023-10-06,0.000946377389892996,0.000809103073931733,0.0009400212402130054,2467
2023-10-09,0.0007539814952634991,0.0008098232138779991,0.0009478689020789061,2465
2023-10-10,0.0009042081684206628,0.0007693132645373489,0.0009431402379305677,2465
2023-10-11,0.00114721475874738,0.0007859890747450716,0.0009433637720226981,2464
2023-10-12,0.0018514143323587863,0.0008169638205043224,0.0009441473290142709,2464
2023-10-13,0.0014250653188899712,0.0009624431650252965,0.0009469235315962291,2463
2023-10-16,0.0013653777140981314,0.000989888063886706,0.0009458483829840236,2461
2023-10-17,0.0012025658308562417,0.0009350491139593907,0.0009464541603870843,2465
2023-10-18,0.0009072282939147275,0.0008861994606874883,0.00094695496547717,2465
2023-10-19,0.0008154170409534357,0.000885855809539615,0.0009501181278163102,2467
2023-10-20,0.0009609769867453562,0.0008943212630286257,0.0009492984308910968,2467
2023-10-23,0.0009778373474892295,0.0008776311720530524,0.0009477207001354004,2465
2023-10-24,0.0010997345145010275,0.0009334366784573172,0.0009472185738099398,2465
2023-10-25,0.000922261870544351,0.000954412658142894,0.0009455949530212496,2463
2023-10-26,0.0011026934941791142,0.0009046055214639803,0.0009450288133739074,2467
2023-10-27,0.0011101836637153408,0.0009329281099409216,0.0009435108365504961,2464
2023-10-30,0.0009871006982633305,0.0009532895808922972,0.0009452478327503801,2465
2023-10-31,0.0009946445338777014,0.0009377486304574269,0.0009457830170593892,2464
2023-11-01,0.0010621355505663042,0.0009119285180059961,0.000941805339506723,2461
2023-11-02,0.0012687774585906423,0.000924877437398721,0.0009426877761688989,2462
2023-11-03,0.0011694788566696114,0.0009613337621762206,0.0009447774178325331,2464
2023-11-06,0.0009586784818711827,0.000946105874439314,0.0009447221273003013,2464
2023-11-07,0.0009851681460823017,0.0009710688423501227,0.0009433509553195356,2462
2023-11-08,0.0010250363273438966,0.0009472902016020244,0.0009416231869041492,2460
2023-11-09,0.0014723251105552475,0.0009461408186590898,0.0009422885636143842,2456
2023-11-10,0.0013460912335662714,0.001059168454723582,0.0009314393005479628,2454
2023-11-13,0.0011970012282494003,0.0010147882950137818,0.0009310973211275695,2454
2023-11-14,0.0013392311414253326,0.0009824652482075412,0.0009312103705379269,2456
2023-11-15,0.0010973707581084517,0.000993890211742853,0.0009304568929862039,2457
2023-11-16,0.0009798518857385514,0.0009430087707337644,0.0009298784995306054,2458
2023-11-17,0.0009020834238157261,0.0009283533710340991,0.000928308576898598,2459
2023-11-20,0.0008870190053803064,0.0008740630189367904,0.0009267471959361258,2460
2023-11-21,0.0008577179555336085,0.0008688757159980891,0.0009256818705923047,2458
2023-11-22,0.000749256291878772,0.0008395731192307892,0.0009239972999558747,2459
2023-11-24,0.0005486291334496277,0.0008260852805010423,0.0009237765601553832,2457
2023-11-27,0.0007748789975708571,0.0007478120974594285,0.0009222856416172251,2454
2023-11-28,0.0008873516769971544,0.0007785622201870493,0.0009222653807406898,2455
2023-11-29,0.0009377041030610694,0.0008249231577844285,0.0009213648651063974,2454
2023-11-30,0.0014136982280884233,0.0008231188347442552,0.000922360069412158,2452
2023-12-01,0.001163761665349585,0.0009073336357604185,0.0009249935924524673,2453
2023-12-04,0.0009578851053363152,0.0009126489689959305,0.0009248248644274865,2452
2023-12-05,0.0007892826193292451,0.0008897097217140911,0.00092406925584723,2451
2023-12-06,0.0009708885689150512,0.0008348050724385713,0.0009238764122383696,2453
2023-12-07,0.0009840177590134365,0.0008634990303995675,0.0009261512963311212,2455
2023-12-08,0.0007725422709385625,0.0008513617524638883,0.0009254105889623153,2457
2023-12-11,0.0009152222700867093,0.0008116213384529087,0.0009226563772979235,2458
2023-12-12,0.0007769630898455217,0.0008336291476782759,0.0009222849197805945,2460
2023-12-13,0.0014981425859405583,0.0008237671658513952,0.0009215939545849459,2459
2023-12-14,0.0011491409362541143,0.0009267881390787575,0.0009229662940796603,2459
2023-12-15,0.0009827779905067884,0.0009720165775969003,0.0009233828859518009,2462
2023-12-18,0.0010345874032352592,0.0009229416434356322,0.000923168371779172,2462
2023-12-19,0.0008988435742261512,0.0009146089281487506,0.0009235463220456211,2462
2023-12-20,0.001137388274650451,0.000890563125047915,0.0009215252066264651,2461
2023-12-21,0.0007987763217970493,0.0009678392311035731,0.0009210261100382754,2463
2023-12-22,0.0008261601527222663,0.0008730479177272099,0.0009200842951860573,2463
2023-12-26,0.0006768713566591785,0.0008673311360346826,0.0009192102409341821,2465
2023-12-27,0.0007172113720802496,0.0008206609563364199,0.0009170124833778645,2468
2023-12-28,0.000800505954946981,0.0008482497651842828,0.0009134742772145626,2470
2023-12-29,0.0009430043466934632,0.00083061442687567,0.0009132385598033934,2470
2024-01-02,0.0009880523169435694,0.0008492973209494764,0.0009133274365587156,2471
2024-01-03,0.0008582462631606865,0.0008714613766692561,0.0009150020966340623,2474
2024-01-04,0.000762007346911932,0.0008903644027031018,0.0009140652160897302,2473
2024-01-05,0.0008042195153956801,0.0008441990690447087,0.000909432205603244,2471
2024-01-08,0.0008087784488896973,0.0008358227958554708,0.0009088564669842768,2469
2024-01-09,0.0006250948477056833,0.0008301731748729356,0.0009058945004235648,2468
2024-01-10,0.0006596282417088464,0.0007847715895684115,0.0009036171426119519,2470
2024-01-11,0.0008487033095018483,0.0007660205551242941,0.0009018581943706638,2466
2024-01-12,0.0007256102302561137,0.0008118233368416007,0.0009018659669641017,2465
2024-01-16,0.0007461021993230735,0.0008238062816416748,0.0008994304820643136,2468
2024-01-17,0.0007051969233223889,0.0008487860975750675,0.0008994052152917011,2469
2024-01-18,0.0006788731886168266,0.0008105755159985091,0.0008955102575532109,2471
2024-01-19,0.0007398860503994573,0.000803537514765117,0.0008960081303490178,2470
2024-01-22,0.0008156888740042193,0.0007876875121633107,0.0008946942365336438,2471
2024-01-23,0.0007123113757387965,0.0007867726560022366,0.0008941596536312614,2472
2024-01-24,0.0007158721854024277,0.0007688179841277289,0.0008920581793422272,2471
2024-01-25,0.0008516295152946245,0.0008228198325518767,0.0008920613222289439,2473
2024-01-26,0.0007651619813838677,0.0008263934631977305,0.0008927380727057078,2472
2024-01-29,0.0008405279353477955,0.0007935748320457869,0.0008927095247453107,2472
2024-01-30,0.0007019727438720632,0.000801858652756336,0.0008916107008936487,2471
2024-01-31,0.0010336875018048602,0.0007738827273233326,0.0008952564753485376,2468
2024-02-01,0.0011035547383892903,0.0008759012789990495,0.0008968011086528292,2467
2024-02-02,0.0009057503897189876,0.0008903197409549342,0.0008984419265172228,2470
2024-02-05,0.0008073398410192719,0.0008421621586405879,0.0008971763312073358,2470
2024-02-06,0.0009516336225754609,0.0008681126961942322,0.0009049582938763106,2471
2024-02-07,0.0009807510841842088,0.0008806549023405795,0.000904189332262524,2470
2024-02-08,0.0008587096425675758,0.0008762719962729644,0.0009036190455177713,2470
2024-02-09,0.0007759074113879722,0.0008283981513750658,0.0009025695701652338,2471
2024-02-12,0.0010237946198837307,0.000801760187442289,0.0009018084839731353,2473
2024-02-13,0.0011265111098127088,0.0008404303988140597,0.000902118021155394,2473
2024-02-14,0.0009985233253483757,0.0008867832476961285,0.000901095000553311,2472
2024-02-15,0.0010389304254007174,0.0008589868408925721,0.0008942351651168514,2472
2024-02-16,0.0009127790556464838,0.0008535428269593511,0.0008960597090858776,2473
2024-02-20,0.0010324818333947241,0.0008352321142228461,0.0008965564954752519,2473
2024-02-21,0.0010344417703651836,0.0008709005815203706,0.0008997039976531,2476
2024-02-22,0.0009258776270464268,0.0008844513481645181,0.0009004932687544568,2478
2024-02-23,0.0010514196996670906,0.0008538043507406737,0.0008983649868722471,2476
2024-02-26,0.001027183806660538,0.0008550141328792918,0.0008994699658728617,2477
2024-02-27,0.0008832604007164641,0.0008236401593082344,0.0009000267462158457,2477
2024-02-28,0.0010232047937840049,0.0008513175790849533,0.0009030168892050478,2478
2024-02-29,0.0011569793250087359,0.0008253643872029293,0.0009046951905545101,2477
2024-03-01,0.0009811016114482784,0.00087160636746077,0.0009066512243052058,2476
2024-03-04,0.000976033700493125,0.0008533691685078737,0.0009073382487297871,2476
2024-03-05,0.0009204568751302856,0.0008811935489348814,0.0009077377625114776,2480
2024-03-06,0.0010616585416640411,0.0008717345980079447,0.0009086009741108033,2481
2024-03-07,0.0008054303104081423,0.0008792209375439695,0.0009099939589830529,2479
2024-03-08,0.0008915439596292936,0.0008337900031736383,0.0009098538734689249,2480
2024-03-11,0.000789787300184553,0.0008328261153335149,0.0009109115700327155,2481
2024-03-12,0.0008231756179912006,0.0008419735962097742,0.0009105688327945529,2479
2024-03-13,0.0008295108280086881,0.0008232923691773724,0.0009078266613147781,2479
2024-03-14,0.001000800053030598,0.0008437118035666051,0.0009007924518042932,2479
2024-03-15,0.0011108199075227903,0.0009089852083873175,0.0008988870417954672,2478
2024-03-18,0.0011405171841156595,0.0008829057559757801,0.0008986444973239462,2478
2024-03-19,0.0008087101150675416,0.0009207646896683668,0.0008977566860467808,2479
2024-03-20,0.0009403418279332104,0.0008353087799772225,0.0008963122153820253,2480
2024-03-21,0.0007883293134286082,0.0008645857410088851,0.000896234471072005,2480
2024-03-22,0.0006911561404101645,0.0008097961329639426,0.0008955822315079505,2485
2024-03-25,0.000741157197210292,0.0008135200132287599,0.0008945940518963943,2485
2024-03-26,0.0007459449281906201,0.0007841027788581735,0.0008906283559348608,2483
2024-03-27,0.00084596029045975,0.0008023094232162659,0.0008932913729323798,2486
2024-03-28,0.0008853812880715867,0.0008067205220823164,0.0008925954321863331,2486
2024-04-01,0.000921432660990784,0.0008093672694619139,0.000893652186270771,2485
2024-04-02,0.0008915517715327183,0.0008157687191058532,0.0008951494464129435,2485
2024-04-03,0.0009584120034851792,0.0008160689070925231,0.0008957536985460271,2485
2024-04-04,0.001015060284297484,0.0008258549673427218,0.0008963578471582816,2483
2024-04-05,0.0008764844432149282,0.0008582049208341188,0.0008983812895718623,2483
2024-04-08,0.000883522785228267,0.0008144433171699381,0.0008944597297248963,2483
2024-04-09,0.0009545172394692971,0.0008066904910335303,0.0008949400485906695,2483
2024-04-10,0.0009564159953658713,0.0008271424646585457,0.0008945739600350574,2481
2024-04-11,0.0008783600620298988,0.0008748385728655355,0.0008955671292839748,2481
2024-04-12,0.0008507153449139732,0.0007896367799033725,0.0008963274281059301,2479
2024-04-15,0.0012467280741488608,0.0008601707011566017,0.0008967358853516035,2478
2024-04-16,0.001238339846833294,0.0009770574329039106,0.0008984648380485642,2479
2024-04-17,0.0011634563901636028,0.0009410798651445596,0.0008995523769550518,2479
2024-04-18,0.0009403780255715412,0.0009784551125922053,0.0008992987953530734,2484
2024-04-19,0.0008021564406726642,0.0009359616683679234,0.0008982925918498714,2484
2024-04-22,0.0008348711897341402,0.0008737435771888285,0.0008947955409263923,2483
2024-04-23,0.0008935307563091734,0.0008508118410089483,0.0008992433941130522,2484
2024-04-24,0.0008340530895696426,0.0008534418728128091,0.000899699689884341,2484
2024-04-25,0.00091908404278956,0.0008286600918523925,0.0008988309909458142,2483
2024-04-26,0.0008175364290354746,0.0008178602238428094,0.0008974200359269607,2481
2024-04-29,0.0007762493575640381,0.0007924891962246015,0.0008976865502183341,2479
2024-04-30,0.0009567166446201057,0.0007963630096137408,0.0008977385918128449,2476
2024-05-01,0.0012849619545100357,0.000848313321885977,0.0008963855243588313,2475
2024-05-02,0.0011774806558458469,0.000892971331801609,0.0008994139830903596,2475
2024-05-03,0.0010200898370741548,0.0008831021084389677,0.000897847264839528,2474
2024-05-06,0.000819786398342405,0.0008614553032826338,0.0008990766208122166,2473
2024-05-07,0.0008326571034713125,0.0008462742836566635,0.0008966329186584902,2474
2024-05-08,0.0008469473728894267,0.0008270455752509408,0.0009004887792852611,2474
2024-05-09,0.0009213045635136581,0.0008054049874543452,0.0008993140762914378,2473
2024-05-10,0.0009198925556983541,0.0008112257198401058,0.0008953169860750573,2471
2024-05-13,0.001015313840577255,0.0008168596564331698,0.0008947389912828434,2472
2024-05-14,0.0010589695467887268,0.0008369591505190231,0.0008940349920651361,2472
2024-05-15,0.0009417001262175777,0.0008701392082213263,0.0008956421325647002,2474
2024-05-16,0.0010643557679987019,0.0008305605253463663,0.0008928633714306934,2473
2024-05-17,0.0012684676800580924,0.0008544042979689841,0.0008935608671063307,2472
2024-05-20,0.0009447680297955158,0.0009108663431000373,0.0008946247261449733,2472
2024-05-21,0.0008997276929075922,0.0008823547131524742,0.0008954520815789043,2472
2024-05-22,0.0008642674498361867,0.0008250925885428193,0.000894771497858817,2471
2024-05-23,0.0009587293451575641,0.0008504229123827316,0.0008942190277622883,2473
2024-05-24,0.0007552150859959895,0.0008627755536568508,0.0008926921309761903,2475
2024-05-28,0.0012405741815251928,0.0008222832654918635,0.0008924716292589408,2475
2024-05-29,0.0008193739369045817,0.0008784518622330739,0.0008931834329738666,2476
2024-05-30,0.0012906794390878675,0.0008476057808383001,0.000893703177527659,2475
2024-05-31,0.0010311778322120285,0.0008751343055158027,0.0008943015492920226,2473
2024-06-03,0.0010215749410699606,0.0008478775763002394,0.000894939444579597,2473
2024-06-04,0.0008786429171228851,0.0008689123224176627,0.0008951382797583605,2472
2024-06-05,0.0009078737991909697,0.0008302473448739287,0.0008960899991348608,2473
2024-06-06,0.0009069234705139634,0.0008358643686293938,0.0008962258924698817,2474
2024-06-07,0.0009208186279129814,0.0008671750086995565,0.0008958638221239279,2473
2024-06-10,0.000911668653561391,0.0008335910436862656,0.0009001679697506527,2474
2024-06-11,0.0009572078641009896,0.0008339818642211622,0.0009011423330520639,2474
2024-06-12,0.0012296901078249003,0.0008599331712977119,0.0009016523502735771,2471
2024-06-13,0.0010030034881311233,0.000942708971442486,0.0009032443562671316,2471
2024-06-14,0.0008467048272822063,0.0008642294619783446,0.0009043590513359792,2471
2024-06-17,0.0011515365040398885,0.0008639076946809284,0.0009046372754587397,2471
2024-06-18,0.0010098030340900282,0.0008619074054249736,0.0009084507128087175,2473
2024-06-20,0.0008971514109342463,0.0009178953849011646,0.0009109580591606013,2475
2024-06-21,0.0008121883441966437,0.0008813277194203075,0.0009114235514615158,2474
2024-06-24,0.0007881103976015533,0.0008442994343494131,0.000911673796679741,2475
2024-06-25,0.0007798695258755658,0.0008509900667582028,0.0009102025509650684,2476
2024-06-26,0.0007916731725383166,0.0008457223201298873,0.0009097441805365782,2475
2024-06-27,0.0008142116370362193,0.0008231703571131978,0.0009084327840585287,2476
2024-06-28,0.001245706021896772,0.0008140695256998701,0.0009084482016791564,2476
2024-07-01,0.0009885864927474063,0.0008571834932200663,0.0009083776764789342,2475
2024-07-02,0.0007239858528565718,0.0008888572287944042,0.0009096405609114351,2476
2024-07-03,0.0008744133058647685,0.000829614721164129,0.0009063033729989728,2476
2024-07-05,0.0008116767518699578,0.000782780612202132,0.0009071743348371827,2473
2024-07-08,0.0006982596911653098,0.0008011496099649303,0.0009021985705151655,2473
2024-07-09,0.0009559052619853999,0.0007760951552562629,0.000901660145608502,2476
2024-07-10,0.0010443699662109598,0.0007913342828865063,0.0009027568707886091,2475
2024-07-11,0.0009919369098992056,0.0008223194515338254,0.0009045215485326526,2477
2024-07-12,0.0008331348324261128,0.0008404804397907297,0.0009043950906288232,2476
2024-07-15,0.0009020083588970162,0.000804910968594057,0.0009044377138448376,2477
2024-07-16,0.0008722665516618396,0.000801360074164467,0.0009045572952749231,2477
2024-07-17,0.0009125949847414407,0.0008273526375957908,0.00090738238316276,2478
2024-07-18,0.0011673259012876867,0.0008363659665785207,0.0009078643969278614,2478
2024-07-19,0.0007622607630565695,0.0009005695536333805,0.0009084076756600933,2477
2024-07-22,0.0008759885880518649,0.0008296988115535096,0.0009063206736313118,2477
2024-07-23,0.001251234596978406,0.0008458046483702537,0.0009095572239483033,2478
2024-07-24,0.0011287371472244905,0.0008713889027114094,0.0009126343859946943,2478
2024-07-25,0.0012387894684870277,0.0008872037473950233,0.0009148680278099519,2478
2024-07-26,0.00079762964948001,0.0009173099543346103,0.0009124085776214646,2477
2024-07-29,0.0007902230185716901,0.0008421883651010987,0.000912536569577788,2476
2024-07-30,0.000904061945491008,0.0008507378356758177,0.0009117955540683398,2478
2024-07-31,0.0011422779950548863,0.0008830495666156511,0.0009121976479673702,2480
2024-08-01,0.0015327691267831868,0.0009079115003667086,0.0009142865222319548,2480
2024-08-02,0.0012671433279774847,0.0011194124436842018,0.0009173005885176785,2481
2024-08-05,0.002152266475269661,0.0010812957010453322,0.0009038372147163214,2482
2024-08-06,0.001253987881999044,0.0012004274566651707,0.0009087237955414223,2484
2024-08-07,0.0013439274403186014,0.0010840325414109126,0.0009133684527695505,2486
2024-08-08,0.0012169722494297813,0.0012437674387097122,0.0009144199197322674,2486
2024-08-09,0.0009714256181377168,0.001075304868996785,0.0009158414212366197,2485
2024-08-12,0.0009869639997023623,0.0010300938807468831,0.0009125820676476078,2484
2024-08-13,0.000858739273923988,0.0010333681028954086,0.0009130070032517456,2484
2024-08-14,0.0008304815084648572,0.0009402497509100015,0.0009158324621766573,2486
2024-08-15,0.0010082767229776324,0.000920102437055938,0.0009166448480559626,2484
2024-08-16,0.0007334921654115068,0.0009205448400931966,0.0009183909073992363,2485
2024-08-19,0.0007420298817588812,0.0008514498074952686,0.0009184994413135454,2485
2024-08-20,0.0007875728603675341,0.0008458192433205782,0.0009205627834912995,2487
2024-08-21,0.0007374047866855559,0.0008645191499169662,0.0009231243596921232,2490
2024-08-22,0.0007422110725943304,0.0008167923674519238,0.0009232241761373315,2490
2024-08-23,0.0009271785566386012,0.0008231265642945633,0.000923165410223995,2493
2024-08-26,0.0006583277852573244,0.0008319967109572505,0.0009245234803451688,2493
2024-08-27,0.0007710434162020029,0.0007942235150877714,0.0009230847975006431,2493
2024-08-28,0.0006820668459926898,0.0007616226053912842,0.0009219603094870656,2494
2024-08-29,0.0007439177484392073,0.0007678116784714344,0.0009246101313211799,2494
2024-08-30,0.0006824668745575304,0.0007694164547855835,0.000923437955502768,2493
2024-09-03,0.0009580384107420836,0.0007668024079987101,0.0009235735741249067,2493
2024-09-04,0.0007741008859035134,0.0008834252140721404,0.0009244449408648237,2495
2024-09-05,0.001106862772654912,0.0008010342424069838,0.0009247826366306339,2496
2024-09-06,0.0009607949545474989,0.0008222698801766048,0.0009301375853702507,2496
2024-09-09,0.0009195774801002123,0.0008709988935544173,0.0009311720864328504,2494
2024-09-10,0.0009073259345542794,0.000856129435661455,0.0009300058144099369,2494
2024-09-11,0.0010027139341706778,0.0008479759702808248,0.0009331710754906698,2495
2024-09-12,0.000984854464359616,0.000885152012554274,0.0009338400887441969,2494
2024-09-13,0.0009144912297076427,0.000901371574248148,0.0009350509455338329,2494
2024-09-16,0.0007899150584511956,0.0008671069648377035,0.0009359822086373777,2494
2024-09-17,0.001607778392699434,0.0008413699007999566,0.0009383101582593399,2495
2024-09-18,0.0013947967584967238,0.0010624324392689143,0.0009417854660923851,2495
2024-09-19,0.0008814919619805021,0.0009017905730207156,0.0009446120010500918,2495
2024-09-20,0.0008697324374944376,0.0008630326721274137,0.0009457306189172631,2495
2024-09-23,0.0007920459644081329,0.0008619898975365276,0.0009463862372068776,2496
2024-09-24,0.0007461938439257572,0.0009223245309444193,0.0009402211204554152,2495
2024-09-25,0.0006921277969591396,0.0008535922650608215,0.0009407480172031301,2496
2024-09-26,0.0007814793217317623,0.0008306232949375936,0.0009438848823252677,2500
2024-09-27,0.0007326951118400594,0.0008226143108575679,0.0009456414471187316,2502
2024-09-30,0.0008194342339360613,0.0008031905236163064,0.0009446489771120298,2502
2024-10-01,0.000915247643588241,0.0008238086039704459,0.000945093457471853,2502
2024-10-02,0.0008126316469024266,0.0008655643058063005,0.0009456701907104412,2502
2024-10-03,0.0006871773911289772,0.0008219736093750369,0.0009452345218395263,2503
2024-10-04,0.0007817365905548287,0.0007871490537840321,0.0009465108774443043,2504
2024-10-07,0.0008918688604856459,0.0007919033783492948,0.0009480499477710597,2509
2024-10-08,0.0007503470814048227,0.0008250284751518425,0.0009486427272505268,2509
2024-10-09,0.0007202519545410475,0.000800916969796298,0.0009481846483180728,2509
2024-10-10,0.0006543334906238684,0.0007810583244417966,0.0009478745713486051,2512
2024-10-11,0.0006553955850514664,0.0007610229662248083,0.0009433947172055811,2511
2024-10-14,0.0006540253591352601,0.0007540513970763086,0.0009419812466587005,2510
2024-10-15,0.0008695997600599512,0.0007407076184220205,0.0009383936056335101,2510
2024-10-16,0.0010382626294877296,0.0007823697388784799,0.0009361864162514811,2508
2024-10-17,0.000718158674941246,0.0007949241717714586,0.000937138618019383,2508
2024-10-18,0.0008298790949865254,0.0007738329292185473,0.0009354405599477979,2508
2024-10-21,0.0009326032674519701,0.0008040067009061466,0.0009343854006430939,2509
2024-10-22,0.0007309971941778726,0.0008393559140954619,0.0009333692832785872,2510
2024-10-23,0.0008820496808977266,0.0007717704252002238,0.0009346778439549957,2511
2024-10-24,0.0008578586385235307,0.00078371872263835,0.0009335722790585033,2510
2024-10-25,0.0008867532482542913,0.0007844088352321517,0.0009347867215913038,2508
2024-10-28,0.0007405872151658346,0.0008121055871288278,0.0009344831703774089,2510
2024-10-29,0.000881351907251615,0.0007734167994593946,0.0009332437052138027,2510
2024-10-30,0.0008899562432156477,0.0007897200370630597,0.000930259008452039,2509
2024-10-31,0.0009428260848503482,0.0008077678035227729,0.0009302559475769554,2510
2024-11-01,0.000865920636783174,0.000833674090527506,0.0009292056743491846,2510
2024-11-04,0.0010552847357983442,0.0008325249285515857,0.000929996663246422,2509
2024-11-05,0.0009843718424123531,0.0008439863098688436,0.0009298530187763853,2507
2024-11-06,0.0014648919401097644,0.0008302745734688137,0.0009290470290456646,2507
2024-11-07,0.001224682457862245,0.0009156056075029617,0.0009322111029540167,2508
2024-11-08,0.0011807220550602681,0.000888965993974759,0.0009332121964858728,2508
2024-11-11,0.0010170850718786264,0.0009065801557800751,0.000934927119712017,2508
2024-11-12,0.001219419356091384,0.0008973275474826766,0.000935504702876483,2509
2024-11-13,0.0015188298395685208,0.0009407438504512572,0.0009370644261540109,2511
2024-11-14,0.0013498371133691073,0.0010350313020577773,0.0009431953427093129,2511
2024-11-15,0.0011766019147440125,0.001047890249679361,0.0009382799107151633,2510
2024-11-18,0.001049878886475648,0.0011126593293022012,0.0009386197378146915,2510
2024-11-19,0.0008430785324538274,0.0009897937584574655,0.0009388495558362302,2511
2024-11-20,0.000913388948628034,0.000913658422814082,0.0009384328992151157,2511
2024-11-21,0.0010211161279821712,0.0009009384183975035,0.0009379016688151224,2513
2024-11-22,0.0009489708855501899,0.0009115584769842665,0.0009390597624864915,2513
2024-11-25,0.0011620282938672036,0.0008960778116646307,0.0009399474521657865,2513
2024-11-26,0.001085368997493915,0.0009444013876960418,0.000942585209301791,2514
2024-11-27,0.0007946958228918795,0.0009019157334338095,0.0009439528455838862,2514
2024-11-29,0.0005972815962905209,0.0008557559949059176,0.0009413733654752035,2511
2024-12-02,0.0010190101396215818,0.0008051910309844625,0.0009379768051450578,2509
2024-12-03,0.0009443758299972592,0.0008763214942493768,0.0009426687532123907,2511
2024-12-04,0.0009785222703609594,0.0008582378333175843,0.0009453869966632542,2513
2024-12-05,0.0009348067811851011,0.0009160782505213946,0.0009451688612162568,2513
2024-12-06,0.0008984726861981662,0.0009087990569734173,0.0009458365877865182,2512
2024-12-09,0.0011606737628663195,0.000877014818704112,0.0009442848362083598,2513
2024-12-10,0.0009955394484184035,0.0009508926248184383,0.0009447572337015264,2513
2024-12-11,0.000951472495550076,0.0009171058195712985,0.0009487936480649241,2514
2024-12-12,0.0009435650144818112,0.0008922884288928443,0.0009489188446619387,2514
2024-12-13,0.0008442963367435462,0.0009157504047182154,0.0009495070579197528,2514
2024-12-16,0.0010605641243447259,0.0008889001476993713,0.0009451322068468712,2513
2024-12-17,0.0011649184682882279,0.0009294766649539741,0.0009448623816406287,2513
2024-12-18,0.0019172177167219927,0.0009656150722706299,0.0009456739045068215,2513
2024-12-19,0.0015725107638095803,0.0013247833734332563,0.0009507498313968531,2515
2024-12-20,0.0016077435000307393,0.0012406177267600433,0.000957796590970927,2516
2024-12-23,0.0012508851854882103,0.001134782708406521,0.0009603572755367746,2518
2024-12-24,0.0005930133898080245,0.0010433712719921109,0.0009622115546060518,2519
2024-12-26,0.0009689863084073071,0.0008947840240567594,0.0009643067769489143,2516
2024-12-27,0.0012070804314070686,0.0009377622946586361,0.0009652233851207276,2518
2024-12-30,0.001425552973275993,0.000962861765955251,0.0009685175216320873,2519
2024-12-31,0.0013923449863499473,0.001015868685907446,0.0009703849341629327,2520
2025-01-02,0.0015966851955591405,0.0009983262442912644,0.0009721271245266284,2524
2025-01-03,0.0013650064133074078,0.0010897035370264773,0.0009753168820331928,2525
2025-01-06,0.001578698422784605,0.0010783382012733468,0.0009769799929398178,2526
2025-01-07,0.0013762438000934252,0.0010946885656072133,0.0009794602719365268,2530
2025-01-08,0.0016114400015025238,0.0010961542292725287,0.0009812107190508373,2531
2025-01-10,0.0013135944221919834,0.0011167981315083134,0.0009842640617820906,2531
2025-01-13,0.0015546631645482335,0.0011524072843491278,0.0009878486093121705,2530
2025-01-14,0.0013594583325867474,0.001162725073165559,0.0009910997569353662,2530
2025-01-15,0.0012005656820150213,0.0010971382370060308,0.0009930637287970303,2530
2025-01-16,0.001088242938189334,0.001064951920131709,0.0009946696062537027,2531
2025-01-17,0.0008212381532998747,0.0010106538493801726,0.0009962812570695444,2530
2025-01-21,0.00117759829257445,0.0009614706603282972,0.000997272515381892,2530
2025-01-22,0.0010581834385330147,0.0009593153442042539,0.000998716912393721,2531
2025-01-23,0.0009034721429432511,0.0009668126892416697,0.0010006180656711768,2532
2025-01-24,0.0008303558413967635,0.0009357840653629381,0.0010009302671845468,2532
2025-01-27,0.0012064061578586373,0.0009301411152791928,0.0010066122010387948,2533
2025-01-28,0.0009942547642097196,0.0010159308968193442,0.0010083069722556872,2533
2025-01-29,0.0008413141504716315,0.0009638603185750725,0.001009690238343647,2533
2025-01-30,0.0009756866176728024,0.0009280618972781964,0.0010100162624894454,2533
2025-01-31,0.0010573329116879036,0.0009354518448991343,0.001015321285337758,2533
2025-02-03,0.0012796453200386347,0.0009617085483421916,0.0010206236801395098,2535
2025-02-04,0.0007633562344925024,0.0010197737441044472,0.0010212753141205992,2536
2025-02-05,0.0008343117531900168,0.000920550795408859,0.0010195895476736352,2538
2025-02-06,0.0009728535680068441,0.0009126973153745079,0.0010146315800147838,2537
2025-02-07,0.0009309776986378106,0.0009450059460347188,0.0010124447766282896,2536
2025-02-10,0.0009355008591593726,0.0009674720600454317,0.0010138320465090654,2536
2025-02-11,0.0010462830673247153,0.0009590993645333868,0.0010146199560565933,2539
2025-02-12,0.0009004564151198181,0.0009716991715821511,0.0010150680810724622,2539
2025-02-13,0.0009381152134819501,0.0009281195186074925,0.001015333132903284,2540
2025-02-14,0.0009319805601744407,0.000915058634558999,0.001020538740952065,2543
2025-02-18,0.001053810371333045,0.0009076287097278649,0.001021343994278053,2544
2025-02-19,0.000984430915372238,0.0009436069759337335,0.0010211263623138324,2545
2025-02-20,0.00106178710317811,0.0009198392900577924,0.0010204613082737872,2546
2025-02-21,0.0011254056208781363,0.0009298414465227884,0.0010206425018982137,2548
2025-02-24,0.001171395121863935,0.0010619953856171635,0.0010279195365728942,2550
2025-02-25,0.0013971097384640582,0.0010754847141746834,0.0010291459634832584,2552
2025-02-26,0.0012048038505797836,0.001101948270739814,0.0010307750800848886,2552
2025-02-27,0.001120532977998731,0.0010906009835447567,0.0010281398404774853,2553
2025-02-28,0.0010262297419082905,0.0011473063840999724,0.0010273647080908817,2553
2025-03-03,0.0017246646266570428,0.0010097609322390624,0.0010267486327492062,2555
2025-03-04,0.0018118387339881275,0.0013735560942535626,0.0010319525725396882,2558
2025-03-05,0.0010785793571600588,0.0012863315592389,0.0010343097835556635,2559
2025-03-06,0.0010496084565655365,0.0011154816836919834,0.0010296005489061591,2559
2025-03-07,0.0013802311814426686,0.0010832966816972823,0.0010295875892614474,2560
2025-03-10,0.00144104418622234,0.0011389280205440695,0.0010310667014890678,2559
2025-03-11,0.0012597455454548359,0.001250633100670403,0.0010322398796214463,2560
2025-03-12,0.0012030346783981334,0.0011935851847747249,0.001033884695575918,2560
2025-03-13,0.0013523795530798544,0.001206836461398142,0.0010351089949150569,2560
2025-03-14,0.0010266954973246218,0.001271549210059972,0.0010372412862997742,2560
2025-03-17,0.001070891708846319,0.001109317513831561,0.001037561375929344,2561
2025-03-18,0.0009730432297516895,0.0010763730737186185,0.0010384812155784214,2561
2025-03-19,0.0008664921911085364,0.0010184872732467419,0.0010427879210188587,2562
2025-03-20,0.0008756205668321344,0.0009868186306860476,0.0010417109551153535,2562
2025-03-21,0.0011278481905873743,0.0009639998908517159,0.0010411287188805938,2561
2025-03-24,0.0010527569676267233,0.0010087032026613854,0.0010423097214526415,2561
2025-03-25,0.0008861814221611081,0.001002276548832085,0.0010427623031927598,2561
2025-03-26,0.0008839370014783826,0.0009562369997874662,0.0010429879795604302,2560
2025-03-27,0.0009005291216290397,0.0009718385199450452,0.0010432259644818204,2561
2025-03-28,0.0011485536298877824,0.0009425485515168929,0.001043003683688096,2561
2025-03-31,0.0013164773696556368,0.0010375457968944735,0.0010458839836085703,2564
2025-04-01,0.0011188850197837142,0.0010440409354242816,0.0010478079925225984,2564
2025-04-02,0.0012933516076927812,0.0010413267522423855,0.0010476266349414836,2563
2025-04-03,0.0017355252142776253,0.0010387563920439406,0.0010490948515593447,2563
2025-04-04,0.0030124219956556317,0.0012039108384795463,0.0010519685235243562,2564
2025-04-07,0.005950029319012643,0.0014769905885931244,0.0010634399605045659,2567
2025-04-08,0.0038075395023240526,0.0018981930657791513,0.0010831918118140126,2567
2025-04-09,0.005867855650417603,0.002613514697403029,0.0010945875639462358,2567
2025-04-10,0.0022958706831395824,0.002829605920320904,0.0011143389465375915,2567
2025-04-11,0.001718941231480586,0.0021316827386327368,0.0011196696025439416,2566
2025-04-14,0.0013701820820413257,0.0016540490589387418,0.0011172107817962746,2564
2025-04-15,0.0010897292391694761,0.0015069536879943203,0.001118746707286237,2563
2025-04-16,0.0011805954162268284,0.0013432266555852418,0.0011199440390146143,2561
2025-04-17,0.001098747916829205,0.0013664608734552058,0.0011206023044984031,2562
2025-04-21,0.0013138952143157657,0.0013232308176952025,0.0011196589436881538,2563
2025-04-22,0.0012840584766898187,0.0013554255568533414,0.0011191656266808438,2563
2025-04-23,0.0013250235107592047,0.0012553882981800354,0.0011202663525400095,2562
2025-04-24,0.0011971716829480808,0.0013059436508448686,0.0011226046510656503,2565
2025-04-25,0.001102980780858071,0.001257357290561265,0.0011239836495517967,2565
2025-04-28,0.0011362247831005357,0.0011997206803821877,0.0011247461967601258,2564
2025-04-29,0.000849013531794522,0.0011710292875835623,0.0011255699294831114,2561
2025-04-30,0.001203410414369159,0.0010755961580706805,0.001125242930120845,2561
2025-05-01,0.0010510717305287926,0.001111331195552819,0.0011266574183762628,2561
2025-05-02,0.0013550831895746845,0.0010893949162818295,0.0011275749722137673,2561
2025-05-05,0.0009798216557543118,0.0010902637127667722,0.0011289846904780731,2561
2025-05-06,0.0011938193340655758,0.0010777651741737224,0.0011279643722558932,2560
2025-05-07,0.0010737822691408397,0.00110868387830939,0.0011267487787657315,2558
2025-05-08,0.0015973060259435133,0.0010575909883395978,0.0011279835489086973,2560
2025-05-09,0.001062592301736981,0.0011111048338535913,0.0011283309317636286,2561
2025-05-12,0.0016146907364996959,0.0010770522576959225,0.001129238814158008,2561
2025-05-13,0.0013932867908583477,0.0011419882544449517,0.001132091298285841,2561
2025-05-14,0.001153311343052777,0.0011463012190458634,0.0011324661929151814,2560
2025-05-15,0.0011184945553478016,0.0011683200218675714,0.0011348053608629637,2560
2025-05-16,0.0009733586282714252,0.0011199306792650937,0.0011352673265791259,2561
2025-05-19,0.0007779499592404409,0.0010435570329507902,0.001134385137805938,2562
2025-05-20,0.000721429227815918,0.00097747504964615,0.0011332806320045906,2561
2025-05-21,0.0009929227705795483,0.0009434124504263341,0.0011317350931332158,2561
2025-05-22,0.0008827899651250555,0.0010496426520468535,0.0011304952546213939,2561
2025-05-23,0.0008447152551565539,0.000974867472582348,0.0011271680175135258,2564
2025-05-27,0.0011355815392944002,0.0009540574178546254,0.0011264765948431888,2564
2025-05-28,0.0010031355912491294,0.0010051541507121503,0.001127387422986369,2564
2025-05-29,0.0012415322566038266,0.0010149374771016915,0.0011286522800494725,2564
2025-05-30,0.0009296560802422275,0.001094078517030476,0.0011300678286694146,2565
2025-06-02,0.001743912500269914,0.0009474867037933942,0.0011286653572375027,2564
2025-06-03,0.0011005854112279654,0.001069695612179973,0.0011304451937438436,2562
2025-06-04,0.0009167143154197865,0.0010725342079906846,0.0011309847706466934,2560
2025-06-05,0.001153698045400849,0.0009859025859172874,0.0011379011313181074,2562
2025-06-06,0.0008864473857543315,0.0010233279208751533,0.0011382754315322167,2562
2025-06-09,0.0012184298344748896,0.0009786015738989637,0.0011382533425227164,2562
2025-06-10,0.0010676711971556341,0.0010223693856042779,0.0011396692268910954,2562
2025-06-11,0.0011823162724064731,0.0009843181317975005,0.0011405005245688294,2562
2025-06-12,0.0007492793633925439,0.0010093696707794975,0.001140312886536725,2562
2025-06-13,0.0008809807089660771,0.0009154301002192946,0.001139674481827237,2562
2025-06-16,0.0014338427027192806,0.0009398389900685178,0.0011386410054708349,2562
2025-06-17,0.001146351429218255,0.0009595583741609995,0.0011394670459168876,2561
2025-06-18,0.0009244101847289322,0.0010047975134519413,0.001140144542930799,2561
2025-06-20,0.0012200840106568439,0.0009577791834575005,0.001140289810630982,2561
2025-06-23,0.004834944888822663,0.0010072738547129568,0.001140368571185147,2562
2025-06-24,0.0010507575304453053,0.0010759194080610232,0.00115954738380773,2562
2025-06-25,0.0010619976677480813,0.0009882290805227,0.0011628531757325688,2564
2025-06-26,0.0008247672175578498,0.0010145896319197075,0.001164576161902024,2562
2025-06-27,0.0009187117211113219,0.0009598898068770811,0.001164653621463314,2562
2025-06-30,0.0008512988108367813,0.0009604511711727362,0.001165229774386895,2562
2025-07-01,0.0013678521492481448,0.0009392451983198787,0.0011697056723964925,2563
2025-07-02,0.0009183963646142776,0.0010433189573329474,0.0011718417375138998,2563
2025-07-03,0.0006361468509515375,0.0010016152972442932,0.001170712922962198,2564
2025-07-07,0.000825930084825413,0.000902442088124311,0.0011691339265784966,2564
2025-07-08,0.001154060288971047,0.0009615083751654893,0.001169159136997443,2564
2025-07-09,0.00086299023447369,0.001038904014819544,0.0011705833842819656,2563
2025-07-10,0.0009246933160298287,0.0009795193309325538,0.0011662298445696854,2560
2025-07-11,0.0009067881730888993,0.0009852510016009918,0.001166913698955222,2560
2025-07-14,0.0016831724336344126,0.001007366910784923,0.0011670157165563368,2559
2025-07-15,0.0012112619083359916,0.0010685237212849593,0.0011691200614292903,2559
2025-07-16,0.0009500567519697698,0.0010399710897956997,0.0011688345241118831,2559
2025-07-17,0.0010802119001261086,0.000961521099442415,0.0011688538036295358,2561
2025-07-18,0.0008568551414136106,0.000942301538427237,0.0011756139715447167,2562
2025-07-21,0.0011837203184157214,0.0009317372715715623,0.0011753682752145707,2562
2025-07-22,0.0010230488014994871,0.0009530549189275715,0.0011763108782347018,2562
2025-07-23,0.0008688168947810606,0.0009606372056616174,0.0011757619255789648,2562
2025-07-24,0.0009456262665376212,0.0008901082296727766,0.001179694274496013,2562
2025-07-25,0.0008803336752042157,0.0009179550718345786,0.0011795078116874245,2563
2025-07-28,0.0008025535115863188,0.0008413364282284878,0.001177603204249249,2562
2025-07-29,0.001453351228740839,0.0008519502460907581,0.0011789421879332608,2564
2025-07-30,0.001109328449147232,0.0009367049391879207,0.001180511894913329,2565
2025-07-31,0.0013192074295112985,0.0009716378842651115,0.0011816448667480311,2565
2025-08-01,0.001145638286821597,0.0009741650918617185,0.0011836373457293204,2565
2025-08-04,0.0009659742954871879,0.0010036110493970166,0.001184519672184722,2565
2025-08-05,0.0009071406823636969,0.0009013999190005423,0.0011840362664361987,2563
2025-08-06,0.0010886057221901739,0.0009100024501810943,0.0011843089086023897,2564
2025-08-07,0.001298915534598173,0.000924691190371718,0.0011834132495852836,2564
2025-08-08,0.0010721730895344042,0.0009637867582570173,0.0011799142405767688,2563
2025-08-11,0.0010683834214579755,0.0009489947774076091,0.0011777069515611835,2562
2025-08-12,0.0010574365617719112,0.0009570888302333207,0.001175734101582486,2564
2025-08-13,0.0010400278606951991,0.0009327972725274611,0.0011752733208843344,2564
2025-08-14,0.0010775440778114584,0.0009282843874560324,0.0011811917011515219,2565
2025-08-15,0.000850354012796958,0.0008963009988368583,0.0011802850079210634,2565
2025-08-18,0.0007642614604249818,0.0008767913377524672,0.0011808062756641176,2567
2025-08-19,0.000768968780593433,0.0008386148857149506,0.0011807693494439446,2566
2025-08-20,0.0007657759605985601,0.0008652772389606925,0.0011799614184530008,2565
2025-08-21,0.0007535480103114224,0.0008284572025983684,0.001179133725083987,2565
2025-08-22,0.0011666098685042846,0.0007920388132156806,0.0011781582961454763,2566
2025-08-25,0.0006842946150811808,0.0009485402411241643,0.00118067747825646,2568
2025-08-26,0.0006317365293345272,0.0008123833216333843,0.0011801880089290842,2569
2025-08-27,0.0005861233242436449,0.0007655835659665397,0.001179579812377484,2569
2025-08-28,0.0006294718039070496,0.0007312240264559168,0.0011793634355692722,2570
2025-08-29,0.0009785493939722893,0.0007454308528431096,0.001179310349865775,2572
2025-09-02,0.0008159495462166619,0.0007527293287277226,0.0011784333227354447,2572
2025-09-03,0.0008505359861410826,0.0007739638070092201,0.001178723816395996,2572
2025-09-04,0.0009853483729142874,0.0007729228751965875,0.0011842978881324534,2572
2025-09-05,0.0009485375121547437,0.0008102730921733925,0.001184106820718722,2572
2025-09-08,0.0009293294171320631,0.0008215045749645674,0.001182966878435396,2570
2025-09-09,0.0009820879342895864,0.0008132735601130775,0.0011858755618613611,2571
2025-09-10,0.0008941723152838941,0.0008245587830543039,0.001186656537049179,2571
2025-09-11,0.0008874841015377336,0.000827845229797388,0.0011859728169272795,2571
2025-09-12,0.0009255211657148824,0.0008200298360469228,0.0011855927908898626,2570
2025-09-15,0.0009291727936132098,0.0008263864502705567,0.0011856204720326693,2569
2025-09-16,0.0008201305932907143,0.0008512986354084197,0.0011874918172327569,2570
2025-09-17,0.0009684481393187191,0.0008100771847723433,0.0011920599572345077,2571
2025-09-18,0.0007571067515912553,0.0008250663954069709,0.0011984743108954664,2573
2025-09-19,0.0008036025590083644,0.0007910167654282561,0.001198058976053771,2573
2025-09-22,0.0008942577860557699,0.0008383595763934739,0.0011945244373501563,2574
2025-09-23,0.0008891475047407591,0.0008596835220799661,0.0011922966436052958,2575
2025-09-24,0.0008755853472120856,0.0008359594679296781,0.0011921385496572044,2575
2025-09-25,0.0008543566844894533,0.0008155153692223786,0.0011916459356581428,2576
2025-09-26,0.0008740413024296289,0.0008249321477653948,0.0011923224558853974,2574
2025-09-29,0.0008767560823509415,0.0007997245631446031,0.0011902095859109081,2574
2025-09-30,0.0008406014625899978,0.0008527923528815253,0.001194524354815266,2576
2025-10-01,0.0010481153595666606,0.0008144292303103533,0.0011940307151327321,2576
2025-10-02,0.0007649961606940157,0.0008374734407726438,0.0011946089590965292,2576
2025-10-03,0.0008020128154025493,0.0008091379028169737,0.0011906273761949394,2575
2025-10-06,0.0008861163096655966,0.0007985271847999494,0.0011898130064382753,2576
2025-10-07,0.001174680359271743,0.0008199052797565113,0.0011906708763003756,2577
2025-10-08,0.0009670688150842074,0.0008833819786107172,0.0011921510225874669,2577
2025-10-09,0.0009009134430883038,0.000846003591558462,0.001192771526064046,2576
2025-10-10,0.0013070429261584412,0.0008580634035884356,0.0011927305868661812,2578
2025-10-13,0.000983817800705857,0.0010759743324855158,0.001194345997157929,2580
2025-10-14,0.001412047855471525,0.0009502255412250631,0.0011955594671990456,2579
2025-10-15,0.0014792587720068179,0.0010137870705751767,0.001198402639760286,2579
2025-10-16,0.0015337965123690227,0.0011839425989356122,0.0012013923684392454,2579
2025-10-17,0.001002135419662643,0.001888544180223885,0.0012047323705975564,2579
2025-10-20,0.0009616386345935537,0.001012885955756461,0.0012072147636853475,2579
2025-10-21,0.000864002259731129,0.0009567714045835079,0.0012057993010569901,2581
2025-10-22,0.0011426634096372585,0.0008991134871183368,0.0012059657977151147,2580
2025-10-23,0.000921223350752073,0.0009643795689547378,0.001206784148245923,2580
2025-10-24,0.0009197500578790687,0.0008820408499793452,0.0012065232402202269,2580
2025-10-27,0.0008382060160164012,0.0008460349875086822,0.0012072685649040162,2579
2025-10-28,0.0008586745143476672,0.0008672515158816389,0.001206335767015835,2581
2025-10-29,0.0011610698487991816,0.000868374014515334,0.0012053022106209975,2581
2025-10-30,0.0012902252759065314,0.0009366707191097758,0.0012058933395334027,2581
2025-10-31,0.001074086375944035,0.0009521869944141602,0.0012064451461691618,2581
2025-11-03,0.0011611849247024125,0.0009071277674369166,0.0012064400881410876,2581
2025-11-04,0.0010777227277498544,0.0009539147311586831,0.0012012266309461494,2580
2025-11-05,0.0011140718722026212,0.0009622509743589875,0.001202995685279509,2582
2025-11-06,0.0013200182359582456,0.0009451513340625864,0.0012042011966438145,2583
2025-11-07,0.0014450319991802,0.001044792120569616,0.0012053840803484485,2582
2025-11-10,0.0010651649271784865,0.0010207205520866465,0.0012070492211024354,2583
2025-11-11,0.0010111190198232264,0.000981018286310578,0.0012086012375082176,2585
2025-11-12,0.0009479612742379107,0.0009570824546706601,0.0012044379367733909,2579
2025-11-13,0.0012056712580218074,0.0009369360261168649,0.0012013982961890358,2579
2025-11-14,0.0011226469851862556,0.0010549767729183762,0.0012018241198489597,2579
2025-11-17,0.0012500528442401975,0.0009771907268332778,0.0012011068683232637,2579
2025-11-18,0.0009432844546342888,0.0010830742571155908,0.0012024453068008875,2578
2025-11-19,0.0009908297293501208,0.0009728579856209797,0.0012008456366707572,2578
2025-11-20,0.0016001290981750276,0.0010028699193349116,0.001199522790394387,2578
2025-11-21,0.001263737242486107,0.0012610537955440554,0.001198681019139896,2579
2025-11-24,0.0010565063574454487,0.0011295612400191732,0.0012012844347179534,2580
2025-11-25,0.001103643052757686,0.0010342201570217103,0.0011972119300689718,2578
2025-11-26,0.0007920416699530064,0.0009858188611128992,0.0011972902772590692,2578
2025-11-28,0.000507311431655412,0.0009091266568851358,0.0011965037387417813,2578
2025-12-01,0.0008694393598532428,0.0008130393768497721,0.0011943948805676113,2578
2025-12-02,0.0007868123884239589,0.0008579987429283731,0.0011933594318640972,2579
2025-12-03,0.0009370738498286053,0.0008600072593558086,0.001209673376535955,2579
2025-12-04,0.000859123155470445,0.0008735693814589223,0.0012108303935625998,2579
2025-12-05,0.0008506578969808376,0.0008498297949562559,0.0012094499692844008,2580
2025-12-08,0.0011348852891504382,0.0008544798090297108,0.001208119822846926,2579
2025-12-09,0.0009737926083400114,0.0008915512783850977,0.0012087170309619149,2580
2025-12-10,0.0011747702191496413,0.0009227025800743959,0.001208573714947917,2580
2025-12-11,0.0012267099166615772,0.0009162854620680853,0.0012092425132750866,2580
2025-12-12,0.0009116233817243017,0.0009079645284026246,0.0012089338500820242,2582
2025-12-15,0.0009687914242213415,0.0009110896449319957,0.0012080211608749365,2582
2025-12-16,0.0008726748334352824,0.000952764967707002,0.0012078503693435025,2582
2025-12-17,0.001115346424482079,0.0009062730791682947,0.0012077112442194441,2581
2025-12-18,0.0009367297868929081,0.0009731020059517562,0.001204335205479201,2580
2025-12-19,0.0008377514694521104,0.0009337400403671498,0.0012033682802105984,2580
2025-12-22,0.0008577707643177128,0.0008869927041226546,0.0012011366862187702,2580
2025-12-23,0.0007054011047027141,0.0008789910206308459,0.0011959636524165127,2580
2025-12-24,0.0005629834803135816,0.0008691527495327892,0.0011961756743182103,2584
2025-12-26,0.0005877012336173881,0.0007814215465616328,0.001188116890448966,2583
2025-12-29,0.0008358754905959161,0.0007882709437706317,0.0011844036241844959,2584
2025-12-30,0.0006969674363532329,0.000792756520126362,0.0011844421026048102,2587
2025-12-31,0.0006308410795848563,0.0007797672029016582,0.0011832070677561175,2588
