date,actual,predicted,preceding_return,count
2019-01-02,0.0016590149125891938,0.0013591584426183394,0.0021808857073102057,2312
2019-01-03,0.0013200467082338837,0.00143338765424325,0.026764852368059155,2310
2019-01-04,0.0012257492572536556,0.0013489340906127456,-0.009529440507924142,2311
2019-01-07,0.0012763419813249398,0.0012893215082061622,0.022005529716054902,2312
2019-01-08,0.0011096298101690497,0.0012479345351311807,0.013395128217251718,2311
2019-01-09,0.0009160945162766688,0.0011768559252226427,0.0025212196147149234,2311
2019-01-10,0.001097606065577945,0.001115710108457045,0.0046690444906611304,2310
2019-01-11,0.0007705333089428743,0.0010917109834210372,0.008233711825708775,2306
2019-01-14,0.0009522990106626036,0.0010024271381377278,0.005207368454640142,2305
2019-01-15,0.0010083278681917915,0.0010478494860228066,-0.0013420987617263726,2305
2019-01-16,0.0008360363267371493,0.0010115149212955824,0.004956734418687568,2305
2019-01-17,0.0008654310448940728,0.0009480910663420272,0.0035454664725612247,2306
2019-01-18,0.0008286761703436622,0.000951324883391523,0.010523830322492966,2303
2019-01-22,0.000833768809510105,0.0009176100423837116,0.0046824727094470775,2303
2019-01-23,0.0009067267591677651,0.0009422500027899389,-0.011906519177167774,2303
2019-01-24,0.000811101685360674,0.0009379685042470207,-0.0055852445277543095,2301
2019-01-25,0.0006476522087289924,0.0009271993369320803,0.005895791961182988,2300
2019-01-28,0.0008003331511021161,0.0008872954954482715,0.004955334469434555,2299
2019-01-29,0.0006476748315653406,0.0009103194542597236,0.0021039178618992367,2298
2019-01-30,0.0007317275728733403,0.0008596517418757457,-0.002538169397458421,2296
2019-01-31,0.0009895228182579237,0.0008545672275806133,0.005415616169880299,2295
2019-02-01,0.0007349505555111077,0.0009014885032808196,0.0064840872011369885,2292
2019-02-04,0.0006692993451155923,0.0008612861602036602,0.001380445061033816,2287
2019-02-05,0.0006575976837460916,0.0008320420968229672,0.00807708484971514,2286
2019-02-06,0.0006229522760681805,0.0008006120829285173,0.0008702341144531545,2287
2019-02-07,0.0008279164525916244,0.0007763988149951366,-0.0013015383983608192,2288
2019-02-08,0.0008942431271312888,0.0008184641695443105,-0.005276593583190774,2291
2019-02-11,0.0006448745042559179,0.0008257969304925119,0.0034699142300646797,2291
2019-02-12,0.0006595046849903088,0.0007854723236455914,0.0024821762360350084,2290
2019-02-13,0.0006488490879797695,0.0007689932716026535,0.005776853269304713,2290
2019-02-14,0.0007681102767537172,0.000789731316795729,0.0011976187693246271,2290
2019-02-15,0.0007462041837078446,0.0007673994841992476,0.004520955619245394,2293
2019-02-19,0.0007476011213258975,0.0007590831405703933,0.0063344087491934925,2294
2019-02-20,0.0007346260080702736,0.0007878062132514609,0.006047005168815748,2292
2019-02-21,0.0006262539175482933,0.0007607054087896855,0.002625950372239245,2294
2019-02-22,0.0006852913251461925,0.0007286268599393412,-0.00255663244609183,2296
2019-02-25,0.000650326862122496,0.0007012047409042079,0.0053781458440581905,2295
2019-02-26,0.0006902972855110843,0.0007210101477689655,-0.004927091732613927,2292
2019-02-27,0.0006826474743561094,0.0007168652367774218,-0.0036397844023950223,2293
2019-02-28,0.0006902191194708407,0.0007129211992058809,0.0019751593922433318,2291
2019-03-01,0.0006706213213395726,0.0007086621712118142,-0.0034929176955864416,2291
2019-03-04,0.0009898402356443496,0.000703760220533537,-0.00034871587201854807,2292
2019-03-05,0.000662880404838657,0.0008028020071910585,-0.00786788487530778,2294
2019-03-06,0.0007636804421773694,0.0007511589574231919,-0.003075803312214743,2293
2019-03-07,0.0009659289327674832,0.0008040779980751086,-0.015578305398862631,2296
2019-03-08,0.0011659330755505058,0.0008666523944584283,-0.0066167714374067346,2292
2019-03-11,0.0008147234218089007,0.000854375261042699,0.004200867046445087,2292
2019-03-12,0.0006233101220363512,0.0008224206289399798,0.011269254303425258,2291
2019-03-13,0.0007260410057693248,0.000763018334905328,-0.0007642472461027684,2293
2019-03-14,0.0007303243061830686,0.0007351107703852632,0.0013743760465834349,2293
2019-03-15,0.0008123924019962552,0.0007550440475650226,-0.002444475701004558,2292
2019-03-18,0.0008624764920940655,0.0007315591945377117,0.0007607358677148119,2292
2019-03-19,0.0007234525981949849,0.0007319834094054784,0.005439077025081435,2294
2019-03-20,0.0007650627031823513,0.0007294636429581679,-0.007361968118119744,2292
2019-03-21,0.00065010845410504,0.0007485327976775993,-0.0049239774979474155,2292
2019-03-22,0.0007162025476973134,0.0007260100724114055,0.010344999498637642,2290
2019-03-25,0.0008346360330920253,0.0007985298913306216,-0.023791346699100255,2298
2019-03-26,0.0006284853300730643,0.0007929504744084888,0.0018892055933209982,2296
2019-03-27,0.0007472902884881771,0.0007638512900354292,0.0010742851682467773,2293
2019-03-28,0.0006411713276889556,0.000777654062622227,-0.0031459212261982375,2295
2019-03-29,0.000657935939221867,0.0007099071316104336,0.0038002119807312405,2293
2019-04-01,0.0006944649770069909,0.0007022300380858111,-0.002972208435111681,2293
2019-04-02,0.0005486039039457024,0.0007099755142662669,0.0047673500248605,2296
2019-04-03,0.0005464149806049687,0.0006784293432617211,-0.001767452331937485,2296
2019-04-04,0.0005573796229047143,0.0006631356633970537,-0.0017667521741024277,2297
2019-04-05,0.0007225506501516228,0.0006474440270167466,0.0037870909845567845,2297
2019-04-08,0.0005909815485981467,0.0006535516050290223,0.006351031053569274,2296
2019-04-09,0.000550887329633916,0.0006389592366384962,0.0014182970285281107,2294
2019-04-10,0.000601510447573483,0.0006310555701045839,-0.006955526910783899,2292
2019-04-11,0.0005507494583319041,0.0006344775303831432,0.006604303523913329,2291
2019-04-12,0.0005159791261329589,0.0006145653781594008,-0.0025205985581577025,2292
2019-04-15,0.0005896991412083693,0.0006149142723980206,-0.0030858667030640237,2292
2019-04-16,0.0006423826860158986,0.0006177818257572048,-0.004870827091129825,2292
2019-04-17,0.0007195136792271727,0.0006428044627554656,-0.0013320913406667432,2291
2019-04-18,0.0006178015232291449,0.0006903304801902781,-0.01024379604441278,2290
2019-04-22,0.0005852617043474188,0.0006439330020219785,-0.0007265213493757129,2290
2019-04-23,0.000611628706478084,0.0006236140263486136,-0.0018522362250464758,2291
2019-04-24,0.0006123830411972072,0.0006259653901226958,0.009811296564375665,2290
2019-04-25,0.0007835807154803236,0.0006227686311769465,-0.0007864807616851223,2298
2019-04-26,0.0005637423964568515,0.0006411424759345004,-0.005508511785210527,2296
2019-04-29,0.0005704766996239773,0.0005909461983515008,0.006650573204979684,2298
2019-04-30,0.0006329221557745348,0.0005907909095118231,0.0019968764098154475,2298
2019-05-01,0.0007389110450661976,0.0006166831286069951,-0.0038126309458550362,2297
2019-05-02,0.0009101221762635673,0.0006492982197431961,-0.010091847837795018,2297
2019-05-03,0.000678966861019106,0.0006778948606033412,0.0018747306083274338,2295
2019-05-06,0.0007798079678975586,0.0006447929772137379,0.010612457197681823,2296
2019-05-07,0.0008197447707642429,0.0006568998589594713,0.013865605081866636,2296
2019-05-08,0.0007319252282517213,0.0006631699749507898,-0.009012743616731211,2298
2019-05-09,0.0009774042599621684,0.0006564529820417923,-0.0014792730734376235,2297
2019-05-10,0.0008015442257279472,0.0007011952943325318,0.0031613384653339637,2290
2019-05-13,0.0008049526025416585,0.0006728688085457787,0.0046539906473443676,2289
2019-05-14,0.0007625829473475898,0.0007221959446178553,-0.010668561307506269,2289
2019-05-15,0.00060882727703954,0.000682011895769489,0.005871750997664267,2291
2019-05-16,0.0005982283250146545,0.0006571617312223896,0.01039815876210225,2290
2019-05-17,0.0006880930860571975,0.0006487142297313401,0.0013836742430558314,2287
2019-05-20,0.0006467276071988095,0.0006703880070792294,-0.003824585129702887,2286
2019-05-21,0.0006163666108680302,0.0006518136867397441,-0.0006945487578816197,2289
2019-05-22,0.000642891328264723,0.0006407568885083276,0.005041317532594692,2289
2019-05-23,0.0007807644938851526,0.0006707039620575246,-0.0042883631309655855,2291
2019-05-24,0.0006150867654353237,0.0007142910037340277,-0.009464144204616354,2294
2019-05-28,0.0006020371363581791,0.0006668508398387252,-0.000483735303117204,2292
2019-05-29,0.0006517434142090149,0.0007073180149307135,-0.008859816774491063,2292
2019-05-30,0.0008263858449410213,0.0006980806256661254,-0.0038252048442370627,2294
2019-05-31,0.0007478097477479888,0.0007248753206909699,-0.003036023393083095,2297
2019-06-03,0.000904743723296676,0.0007203293532099147,-0.002854054368587876,2298
2019-06-04,0.0007958525603745731,0.000755723112780157,0.0028861760322100713,2298
2019-06-05,0.0010109158939390114,0.0007255010401411306,0.01344845216696814,2298
2019-06-06,0.0008515029198470291,0.0007869554432368815,-0.006619503799928853,2296
2019-06-07,0.0006669933385623274,0.0007874102840059869,-0.0029256496907580924,2295
2019-06-10,0.0007789921201945033,0.0007162367891751934,0.0026590380246963637,2296
2019-06-11,0.0009647000528310741,0.000731968560388408,0.0007588248887121755,2296
2019-06-12,0.001109907080355122,0.0007764398879768597,-0.008248834384017035,2291
2019-06-13,0.0006035643256343356,0.0008028768721704027,7.84548972415859e-05,2293
2019-06-14,0.0005913544714287833,0.0007041368401425865,0.004389228358191399,2291
2019-06-17,0.0008103209402850481,0.0006974962746038732,-0.005553927253881313,2289
2019-06-18,0.0007491695735812282,0.000714979586813475,0.0007274693917901187,2289
2019-06-19,0.000606121208003217,0.00069829044945459,0.005142544812343738,2287
2019-06-20,0.0007822599557572082,0.0006801026669180435,0.0022700524628541598,2291
2019-06-21,0.0006844570083960405,0.00070314368821278,-0.004629033155612012,2294
2019-06-24,0.002625240882996407,0.0007154720878485921,-0.0017208696658650433,2295
2019-06-25,0.0012024945416346437,0.0007577622451322503,-0.009283519973339033,2296
2019-06-26,0.0008438254316578036,0.0007893640455955206,-0.006746804438566046,2294
2019-06-27,0.000683034216111804,0.0008018141591853176,-0.002805136687704576,2289
2019-06-28,0.0007692614663620307,0.0007103050678181589,0.00947681054453768,2291
2019-07-01,0.0007926848968658844,0.0007071223755912406,0.009282955416097067,2294
2019-07-02,0.000708756403113114,0.0007076183794396277,-0.008094455058985019,2294
2019-07-03,0.0004707572786997614,0.0007165095793065898,-0.003272884584525023,2293
2019-07-05,0.0004547895086325895,0.0006264817510343829,0.002827023221969742,2290
2019-07-08,0.000558326917986543,0.0006132825041436266,0.005853310203817512,2287
2019-07-09,0.0005394383639991391,0.0006135864977333585,-0.004484785315585076,2287
2019-07-10,0.0005876223711274702,0.0006023091432872786,0.003589717127200755,2286
2019-07-11,0.0006255414931645841,0.0006139150921751737,-0.0027047374807586655,2289
2019-07-12,0.000491712521434993,0.0006236249344415155,-0.004282641985890427,2289
2019-07-15,0.0006909667006377582,0.0005934751623387822,0.0045143867346533004,2290
2019-07-16,0.0006270376529259204,0.0006565535357056106,-0.005211284023837446,2288
2019-07-17,0.0005885441503858275,0.0006603711247760668,0.0004772087496295973,2289
2019-07-18,0.0006481912304132785,0.0006372996019071635,-0.007196333671867869,2288
2019-07-19,0.0007659650683628492,0.0006504368864361224,0.001995894927438314,2286
2019-07-22,0.0006874736652097498,0.0006676572819630962,-0.0044720596909069155,2288
2019-07-23,0.000547113988238538,0.0006590367077849578,-0.0032542351497772395,2289
2019-07-24,0.0006310107635369986,0.0006237146997296325,0.002400969671100904,2289
2019-07-25,0.0007079892344640826,0.0006245176799792735,0.01283592083432297,2290
2019-07-26,0.0006203474965426641,0.0006401478282336534,-0.01018939204797903,2289
2019-07-29,0.0006865554875704581,0.0006016088594661592,0.005217525922902187,2287
2019-07-30,0.0008287300367864783,0.0006511002843186085,-0.005548978977689061,2287
2019-07-31,0.0009038262737459144,0.000658309284346426,0.01143510456524935,2288
2019-08-01,0.0013386548647293256,0.000700096375245689,-0.009450934319816254,2286
2019-08-02,0.001051523275144357,0.0008417092391598466,-0.015404048768857896,2290
2019-08-05,0.0010448520561506496,0.000805526687133223,-0.006651909550593636,2292
2019-08-06,0.001098335470665219,0.0008663944268981829,-0.014198375207388049,2293
2019-08-07,0.0012738232632042022,0.0008611473519934865,0.0013740872921880975,2292
2019-08-08,0.0009544477944890909,0.0008582787849266383,0.009126024374875568,2293
2019-08-09,0.0008986794784807965,0.0008231884113440799,0.011123962403532667,2289
2019-08-12,0.0008332547035978016,0.0008197966996262801,-0.00866472940916961,2292
2019-08-13,0.0013088527277607476,0.0007969860319172562,-0.007334897580227608,2292
2019-08-14,0.0009589316360886943,0.000789939539016544,0.01146142034790553,2290
2019-08-15,0.0010661250860736847,0.0008511528486236744,-0.014198348627783353,2291
2019-08-16,0.0007420684310280031,0.0008873136080786507,-0.0069691318902352075,2292
2019-08-19,0.0009441693676294086,0.0007796285140888551,0.012767309265534094,2292
2019-08-20,0.0006564350062039465,0.0008076192165646662,-0.0009437152536989328,2292
2019-08-21,0.0007302639194885109,0.0007323955891328513,-0.003875327352380449,2292
2019-08-22,0.0005842362522090718,0.0007186656271639851,-0.000323238805601541,2294
2019-08-23,0.0008524667639692309,0.0006974824883738875,-0.004735405035977496,2293
2019-08-26,0.0007192227598165071,0.0008244113479610575,-0.022610262780972643,2291
2019-08-27,0.00105695165367871,0.0007679266199011323,0.0001456883462547582,2289
2019-08-28,0.0007660848969102908,0.0008429953363792087,-0.01675087601930198,2292
2019-08-29,0.0006323095347449776,0.0007558979102989067,0.01296178052790761,2292
2019-08-30,0.0006408462563815638,0.0007129375015849119,0.0041084066426208266,2291
2019-09-03,0.0008411588027255033,0.0007057464220310448,-0.004237763198843569,2290
2019-09-04,0.0006415715795014651,0.0007648691066273264,-0.0054779369812664016,2294
2019-09-05,0.0007967054176853561,0.0007061850583246777,0.0015081098895567261,2296
2019-09-06,0.0006432293936122015,0.0007129137746322283,0.006817250228535852,2295
2019-09-09,0.0007576862554629374,0.0006998494695087825,-0.0018811834764853668,2295
2019-09-10,0.0010661238961091422,0.0007548718851948529,0.006979426930595638,2293
2019-09-11,0.0008739575777087561,0.0007780272948151332,0.012458261218663391,2291
2019-09-12,0.0008393465682890005,0.0007526353160432355,0.012268277834416395,2293
2019-09-13,0.0007235522668402305,0.0007512763834929153,-0.0010541834932483913,2293
2019-09-16,0.0007980026399680484,0.0007432335944100847,-0.001147597255707803,2293
2019-09-17,0.0006713599408851155,0.000753989652456206,0.004651085794254028,2290
2019-09-18,0.0006579357236411932,0.000722302077324863,-0.0006887158551301774,2291
2019-09-19,0.0006376914816712263,0.0006998727685125181,-0.003985538648917977,2294
2019-09-20,0.0006262789309941258,0.0007000358907032489,-0.005211392919743991,2297
2019-09-23,0.000566482987496264,0.0006875298621808261,-0.0026425276190464005,2298
2019-09-24,0.000983164268286313,0.0006739383542828042,0.0030215150128926798,2300
2019-09-25,0.0006497776605620068,0.0007669965690212515,-0.01678105386768948,2300
2019-09-26,0.0006524440181593161,0.0007127992725766703,0.007886036870803402,2297
2019-09-27,0.0007756489438264409,0.0007162891673526306,-0.007926829977724313,2298
2019-09-30,0.0009129600475659089,0.0007662303329889562,-0.009106044675061346,2297
2019-10-01,0.0009930818860851057,0.0009028409791706025,-0.0010347275028650216,2296
2019-10-02,0.0008630160221964687,0.0008794609720412024,-0.02014165099555281,2296
2019-10-03,0.0008832464263068478,0.000823632994632647,-0.0070160909081826974,2298
2019-10-04,0.0006462281000090114,0.0007924126738056313,0.006431165217201126,2295
2019-10-07,0.0006910861505113712,0.0007328180061083516,0.0073851273323370945,2297
2019-10-08,0.000761489420269389,0.0007302633806296482,-0.0007164328616686291,2297
2019-10-09,0.0006526262703028066,0.000773700757676767,-0.009289875230956503,2298
2019-10-10,0.0006483559052360446,0.0007531125339404705,-0.0037050140581709303,2297
2019-10-11,0.0006830687343849327,0.0007152286331734995,0.001931645395322316,2295
2019-10-14,0.0006820678505832204,0.0007254369509637169,0.003915003481734269,2292
2019-10-15,0.0007971672856654717,0.0007216325734637701,-0.0006129460141917377,2293
2019-10-16,0.0010435152120403515,0.0007535776185308707,0.006994935745690928,2291
2019-10-17,0.000750615734204618,0.0008023317498779713,0.0022930568285338872,2291
2019-10-18,0.000590062155326886,0.0007493121318074317,0.0021748622141930874,2287
2019-10-21,0.0006200447650134498,0.0007170207754114481,-0.0001756945673007266,2288
2019-10-22,0.0008056459344194606,0.0007032024545569997,0.0012989240818126859,2289
2019-10-23,0.000672067940709403,0.000735495710050833,-0.0019087643471710203,2287
2019-10-24,0.0007221206788017466,0.0007059314651282136,0.0035948429704807058,2288
2019-10-25,0.0007942506376740708,0.0007177252553854639,-0.0053767621602627096,2286
2019-10-28,0.0006763929972707915,0.0007197813994915835,0.005788243681497994,2286
2019-10-29,0.000735035516739039,0.000717864606070083,0.0014467023833105973,2289
2019-10-30,0.0007758052239013757,0.0007280636120772494,0.0029349492837342844,2288
2019-10-31,0.0009326707778433283,0.0007506376717484905,-0.0017287480080296633,2291
2019-11-01,0.0007765536402333937,0.0007625195140766852,-0.005715734814392977,2288
2019-11-04,0.0007189217757539775,0.0007177940761432983,0.009472868012705908,2287
2019-11-05,0.0008963363554669716,0.0007156197243304592,0.00036146889728597793,2286
2019-11-06,0.000886727060553593,0.0007429515014013199,-0.0003708637818768859,2287
2019-11-07,0.0010134288708981126,0.0007631528644975108,-0.005605266838006161,2289
2019-11-08,0.000925678245525749,0.0007899133843917714,-0.0055154138143787565,2293
2019-11-11,0.0006227169772772125,0.0007622177408255154,0.0027275901402325216,2294
2019-11-12,0.0007592607093237808,0.0007113963272438669,0.0029947974228595044,2293
2019-11-13,0.0008648735338529561,0.0007328533298388335,-0.0018253178730057926,2292
2019-11-14,0.0008339982589912913,0.0007786437408930068,-0.0003862489122153431,2292
2019-11-15,0.0008050700549878162,0.0007449412191407832,-0.0008148047884084704,2291
2019-11-18,0.0007033790049006563,0.0007412201028023814,-0.0015214610248428556,2289
2019-11-19,0.0007511115016220362,0.0007589734709006716,-0.0029095092326876003,2288
2019-11-20,0.0009222442625346234,0.000753886106773434,-0.0011765812859879275,2288
2019-11-21,0.0008758867063395698,0.0007793527474670196,-0.0009128091078331948,2289
2019-11-22,0.0007563805618215244,0.0008383773625551261,-0.006017261241354298,2290
2019-11-25,0.0009232559486890374,0.000750922875290194,-0.0007089635591888632,2291
2019-11-26,0.00072135079035651,0.0007712477779194304,0.01058548903067546,2292
2019-11-27,0.0007305641064498222,0.0007236044618826701,-1.885063662065316e-05,2291
2019-11-29,0.0004694917248996935,0.0006799727074679536,0.002988611793559453,2282
2019-12-02,0.0007557881270388419,0.0006363898980243309,-0.0005263925418987216,2276
2019-12-03,0.0007352037176817815,0.0006999638740091326,-0.010704445664599788,2273
2019-12-04,0.0006951958204283985,0.0007027422185656297,0.0030486737997605837,2273
2019-12-05,0.0006412102820951336,0.0006921275410350818,0.001926020492081862,2275
2019-12-06,0.0005913004106051877,0.0006682959381076432,-0.0017052819963879944,2276
2019-12-09,0.0006071009192128502,0.000656094702457696,0.0029714836781414462,2276
2019-12-10,0.0006792337074756114,0.0006534445356149344,-0.0010143161819601684,2276
2019-12-11,0.0006234983244382212,0.0006463152504214845,0.0014755813295111529,2277
2019-12-12,0.000925109348923955,0.0006471574800992203,0.002050667779625789,2280
2019-12-13,0.0008053097267521178,0.0007010433783208367,0.009217769452420928,2281
2019-12-16,0.0006838867168261181,0.000705064531360428,-0.002674265001407852,2275
2019-12-17,0.0009778086753573765,0.000705043030554715,-0.00012566014465588104,2274
2019-12-18,0.0007719419492671524,0.0007934024760390534,0.002059591937066949,2279
2019-12-19,0.000752675357379675,0.000704706312816032,0.000485192968870933,2282
2019-12-20,0.0008254789325167252,0.0006817145045244744,0.002417924531925969,2282
2019-12-23,0.0008827968936885292,0.0007498486538704338,-0.0006403961222966024,2282
2019-12-24,0.0005627588739813283,0.0006936380434016291,0.0006918665527067257,2283
2019-12-26,0.0005467663161878683,0.0006318390435160607,0.001839682299424979,2284
2019-12-27,0.0006151831800723821,0.0006559518720923307,0.0007972614709312948,2285
2019-12-30,0.0006902983701525836,0.0006409912090361391,-0.006023746866368841,2284
2019-12-31,0.0006741382029882214,0.000734659130122017,-0.002557930843812035,2283
2020-01-02,0.0008715501955127291,0.0006896611367120144,0.005357197801588394,2281
2020-01-03,0.0008804213365255747,0.0007095014566377467,-0.0021055081398439926,2281
2020-01-06,0.0009850750466888645,0.0007027166501646431,0.00546987429610465,2285
2020-01-07,0.0006541940988942357,0.000689264799349677,0.006430765320496598,2289
2020-01-08,0.0006409054628064172,0.0006368521925651707,-0.0007307823809413593,2290
2020-01-09,0.0007640449503401224,0.0006813497229434935,0.0009002895171565191,2290
2020-01-10,0.0007022249539951125,0.000716360894553162,-0.0011931036894550693,2288
2020-01-13,0.000862847588389641,0.0006519561097410563,-0.004896803882636187,2289
2020-01-14,0.0006973162941795929,0.0006827837622407306,0.004147727347305425,2290
2020-01-15,0.0006544497290909634,0.0006671405340242556,0.00347868618772831,2290
2020-01-16,0.0008201817701678816,0.000646242795513226,0.003013919582955238,2290
2020-01-17,0.0005644907252091758,0.000679942914029105,0.0062580046944738805,2289
2020-01-21,0.0007430342000589741,0.0006367517616214203,-0.005136943744864501,2288
2020-01-22,0.000606361366286812,0.000658384322174821,-0.004408610309663161,2289
2020-01-23,0.000727860647413665,0.000642045571687288,-0.005179418621307806,2290
2020-01-24,0.0009108462780830136,0.0006353650805156531,0.002126635136643814,2291
2020-01-27,0.0008082150380557329,0.0007086799265493449,-0.014748996256818721,2291
2020-01-28,0.000658099791533303,0.0007295515351519885,0.0009192136510912406,2289
2020-01-29,0.0007230241058755117,0.0007221497442826692,0.0015936223474115106,2289
2020-01-30,0.0007195862554027356,0.0006996107546243389,-0.008482742019602776,2289
2020-01-31,0.0007680067171020933,0.0006764006547856486,0.003927631989836193,2294
2020-02-03,0.0006890631384143537,0.0007340318597871747,-0.016025120956314032,2292
2020-02-04,0.0009030181824680978,0.0007126281108733993,0.0020055667853597814,2294
2020-02-05,0.0008568066463151803,0.0007388048040953837,5.8356378311213e-05,2296
2020-02-06,0.000858105066867222,0.0007124815015846665,0.004886266174852464,2297
2020-02-07,0.000772826443050152,0.000726714610475567,-0.007226218464025578,2302
2020-02-10,0.0006849363917676866,0.0007200056936463346,-0.008091435706933879,2298
2020-02-11,0.000892219849366494,0.0007563411597347678,0.004798504551894668,2299
2020-02-12,0.0009510327304300198,0.0007556275422434456,0.0026210801908502,2299
2020-02-13,0.0009037696684485741,0.000719981814595562,0.0018603520057942971,2303
2020-02-14,0.0006770694044044938,0.0007405826306770116,0.0027033344098232313,2305
2020-02-18,0.0007010304995079897,0.000718079652989435,-0.004355784512925649,2305
2020-02-19,0.0008723784784385641,0.000677212182684401,-0.0005898360016800399,2305
2020-02-20,0.0008372901577627305,0.0006869745310306242,0.0020227657990237197,2308
2020-02-21,0.0009216056391909637,0.0006981633526089532,0.003678622437146346,2307
2020-02-24,0.0012023691316092881,0.000758243481423701,-0.006762824205196683,2311
2020-02-25,0.0016708706887006311,0.0007972275608105214,-0.003096849765713308,2311
2020-02-26,0.0014608440546091711,0.001028092715342892,-0.038263254781133425,2310
2020-02-27,0.0026978453125396833,0.001098144036016443,-0.016457302010576897,2311
2020-02-28,0.0026004307799268062,0.0013609404742524708,-0.018087006959503084,2311
2020-03-02,0.0019428707096620077,0.0015273989395995819,0.015906859348489368,2310
2020-03-03,0.0025540321118348044,0.0013462001778320838,0.01910811719052318,2312
2020-03-04,0.0017839882949701811,0.0015543541184202094,-0.021925009485274923,2314
2020-03-05,0.001727274800383862,0.0014000007194348335,0.012322597552957037,2316
2020-03-06,0.001949789711718497,0.0014906752630672588,-0.014124405400398261,2316
2020-03-09,0.005757303869464766,0.0015310950604919835,0.003490279212267685,2320
2020-03-10,0.0050108954184088115,0.0027372019262495626,-0.03545142184655711,2321
2020-03-11,0.0035487801717075168,0.003062133937924259,-0.004839780326578465,2323
2020-03-12,0.009533851091937702,0.0032127547679585973,-0.03842323380063968,2326
2020-03-13,0.008969562766199219,0.0047850087773173705,-0.04602072807214932,2326
2020-03-16,0.012177387699020579,0.0049259932739132255,0.010375571921574903,2327
2020-03-17,0.0100114847630555,0.006325933197649041,-0.02647319374678279,2326
2020-03-18,0.01914126420994537,0.006080233784220411,0.02094139884523604,2322
2020-03-19,0.015118751195425297,0.011026591602443049,-0.06533620416986281,2323
2020-03-20,0.009518037352754966,0.00718788153867296,0.06561791023090134,2323
2020-03-23,0.008175518445319786,0.006769570799717087,-0.04961194609306221,2325
2020-03-24,0.006180235923296619,0.0066071671640593535,-0.02556007299437006,2323
2020-03-25,0.008919768557872118,0.005898796457708626,0.037698388228806536,2323
2020-03-26,0.006074479881240235,0.005032477583435771,0.018113916425057924,2328
2020-03-27,0.004590844440750793,0.004545710344479316,0.04298407176898914,2338
2020-03-30,0.004561063773643432,0.004201837599538889,-0.009452760525399761,2340
2020-03-31,0.003861207598307993,0.004142312900417042,0.007396148738198605,2346
2020-04-01,0.0037297654719589744,0.0036244256060336093,-0.0014479159394151452,2346
2020-04-02,0.004279653790226642,0.0037604313354186528,-0.027291708765591983,2346
2020-04-03,0.0038729395126291125,0.003818902112219325,0.009987502965150934,2347
2020-04-06,0.0034226683428423927,0.003774285618086736,-0.023150472993839825,2345
2020-04-07,0.003951219305798719,0.0034042991455440434,0.030590677172751702,2346
2020-04-08,0.00274541325277522,0.0034003656130302093,-0.02659962403613036,2348
2020-04-09,0.0037740014653914367,0.00299493893652028,0.02839084714307193,2346
2020-04-13,0.0028962311984261895,0.002984477567783282,0.013867787510216133,2348
2020-04-14,0.002723485834621108,0.0029892337653426486,-0.018071263396152847,2350
2020-04-15,0.0026082239235887894,0.002838646996963921,-0.003454281035960285,2351
2020-04-16,0.0026977245739666575,0.0027338161056157666,-0.007732637708729077,2351
2020-04-17,0.0019040141565952434,0.002777156363258882,-0.012825667448607095,2351
2020-04-20,0.0025674026973263073,0.002531822745830415,0.010681318542987824,2349
2020-04-21,0.002190736858246269,0.0025531829440059626,0.002043631766188596,2347
2020-04-22,0.0018444203660621511,0.0024416845441009934,0.00031939700678459184,2348
2020-04-23,0.002190068195081019,0.0023602799500417816,-0.008379184989911595,2350
2020-04-24,0.0018502460608777452,0.002273312086205618,0.006251180309571689,2354
2020-04-27,0.0020588106110630148,0.0022040333837729043,0.004123831983531555,2353
2020-04-28,0.0022239051271268255,0.0021738233522189533,0.02497279734529675,2355
2020-04-29,0.0026813184408082287,0.002228480918592454,-0.008317239198882713,2356
2020-04-30,0.002568086067293452,0.002274226379501699,0.020820983073022912,2355
2020-05-01,0.002475299484288561,0.0023574591340175346,-0.0170815782527117,2356
2020-05-04,0.0021152106514662123,0.0023088300326666116,-0.01587873756080721,2354
2020-05-05,0.0021747966955774486,0.00220566446196512,0.013150068449920768,2354
2020-05-06,0.0022351260753962535,0.0023686723502824958,-0.0165330173954234,2352
2020-05-07,0.0018360873298473325,0.002391096059099471,-0.019304321935450654,2352
2020-05-08,0.0017716241243450686,0.002177241298257936,0.002266142971357214,2356
2020-05-11,0.0018509052925238306,0.002083803988637578,0.017524866076922527,2357
2020-05-12,0.0019864927898916585,0.0021180444683168392,-0.0006221231790795884,2357
2020-05-13,0.002630925307254427,0.002282529439792878,-0.03442802246283668,2357
2020-05-14,0.003071511031429036,0.002671753011310308,-0.03271806480014995,2356
2020-05-15,0.0018224848983429576,0.0024264155564012865,0.02366203712221641,2357
2020-05-18,0.0018194816063512884,0.0021651857212197363,0.015017627721088488,2359
2020-05-19,0.0018590428191470518,0.0020546267270549166,0.021471982982339596,2362
2020-05-20,0.002016558863168521,0.0020862542435032528,-0.013065906178535236,2359
2020-05-21,0.0015868422694413327,0.0019498649447921921,0.009672205925247038,2358
2020-05-22,0.0012952626052158917,0.0019037966251384758,0.00099864265123684,2363
2020-05-26,0.0014670033203796472,0.0018073382443028127,0.0007118435814042338,2361
2020-05-27,0.002104618641233513,0.0018099850844846704,-0.0008908899758834377,2362
2020-05-28,0.0017507550534724395,0.00189683140182741,0.009109990879755227,2359
2020-05-29,0.0018514071662032751,0.0020050862199307296,-0.026418770870800228,2361
2020-06-01,0.0015442810458527417,0.0018796203096474104,0.00023009935425554118,2359
2020-06-02,0.0013539525409212879,0.0017832958529882897,0.009181547310275122,2360
2020-06-03,0.0016434906777851477,0.0016757346654262559,0.002634962194736751,2364
2020-06-04,0.0019253766510289759,0.001797064977682527,0.013902897728805414,2364
2020-06-05,0.002261806656805393,0.0018329298482151527,0.012272491462701693,2368
2020-06-08,0.0018415209729975687,0.001962731654015792,0.004512468628819245,2367
2020-06-09,0.002408205025546754,0.0019821676739618906,0.011418147824799326,2371
2020-06-10,0.002678273174833396,0.0020952545632276745,-0.0035316865852368347,2370
2020-06-11,0.002784634650971998,0.002184920735310014,-0.02610965574750377,2371
2020-06-12,0.0025911970955879767,0.0024869034921939427,-0.036718277778729526,2374
2020-06-15,0.002429768096940358,0.0024240003284147905,-0.014927950724542092,2376
2020-06-16,0.0018708841458576965,0.0023422142387556286,0.0443038527168415,2380
2020-06-17,0.0014223100908333662,0.0022697616955148618,-0.015606498966366334,2381
2020-06-18,0.0012945756273280064,0.0020960180728077085,-0.01898747705230199,2383
2020-06-19,0.0015701520513018601,0.0019219923892276386,0.00637098795285655,2382
2020-06-22,0.001369293720342488,0.0020368494934476867,-0.019163365460139175,2382
2020-06-23,0.0011414633161072308,0.0018239905062604053,0.005585854636150845,2381
2020-06-24,0.0016738671908109062,0.0017590551796324205,-0.008947785938210972,2382
2020-06-25,0.0013474320073536912,0.0018908425013383506,-0.021688056009825384,2382
2020-06-26,0.0016445012853033738,0.0017046739667372168,0.018802585725142682,2381
2020-06-29,0.001538967963768532,0.0018163766231491156,-0.019459457938621413,2386
2020-06-30,0.0011537011395831166,0.0016970858105708956,0.015013322025953287,2386
2020-07-01,0.0015105285343629403,0.0016130398261795054,0.014763901920082851,2386
2020-07-02,0.0011291212451471431,0.0015863336960541044,-0.009366763289432036,2387
2020-07-06,0.0013715285726084469,0.0015395770057398648,-0.012352659599579372,2387
2020-07-07,0.0010923201558709931,0.0015800340557043332,-0.006154062724375592,2389
2020-07-08,0.0011575948041677691,0.0015329556088132083,-0.010131670845546102,2388
2020-07-09,0.0013475865450031353,0.0015045331369127177,0.003784469125058816,2390
2020-07-10,0.0010640929049392876,0.001575128887116256,-0.01997849216678294,2392
2020-07-13,0.001829857071367482,0.0014600517597415752,0.017196657940553917,2391
2020-07-14,0.0015044758961923839,0.0016456876813145738,-0.020590766382672203,2394
2020-07-15,0.0013739187193820242,0.0014720839749759965,0.014759705818773965,2395
2020-07-16,0.0012766687253720937,0.0014663176365698252,0.01161215190439546,2396
2020-07-17,0.0010508741573391305,0.001399094511250006,0.0035703075893046585,2395
2020-07-20,0.001135687376955824,0.0013415791165666466,0.001046183969635008,2396
2020-07-21,0.0013858872347346787,0.0013421673762105165,-0.0018266791390899454,2395
2020-07-22,0.0011254812886538435,0.001341629990420457,0.005441570118102819,2397
2020-07-23,0.001167041312761916,0.0012589393557491217,0.004308363980768721,2398
2020-07-24,0.0009596487756450533,0.001272741132960288,-0.001380282449685963,2399
2020-07-27,0.0012722134455344881,0.0012096213656617675,-0.007040063931500394,2396
2020-07-28,0.0011497275275156873,0.00124158010283802,0.005411563168729965,2397
2020-07-29,0.0016145801129009848,0.0012510275873366225,-0.003937387983199141,2398
2020-07-30,0.002016417256465937,0.0013638191719216493,0.011202402269773154,2400
2020-07-31,0.0014248768413114502,0.0013087959443278425,0.006768274840851135,2401
2020-08-03,0.0014828569572368049,0.0013140798438390634,-0.009941086400372678,2402
2020-08-04,0.0012325634548645962,0.0013276201563812028,0.008674835898549886,2401
2020-08-05,0.0011319744685528582,0.0012668462169532382,0.00841147256839881,2398
2020-08-06,0.001301812515481755,0.001222406678717775,0.0047322425964533175,2399
2020-08-07,0.0011903164124861068,0.0012309722242986388,-0.000630628576375692,2396
2020-08-10,0.0012417298104195182,0.0012039783724335624,0.014681422993281242,2396
2020-08-11,0.001457740789312411,0.001227058704794478,0.008457016850120045,2396
2020-08-12,0.0011472544447028745,0.0012832409320881239,-0.01383568431686591,2396
2020-08-13,0.001117585160846396,0.0012213695986856648,-0.007518771048843959,2400
2020-08-14,0.0010020331201630037,0.00117588725926788,0.00018797003038366618,2399
2020-08-17,0.000939957368755994,0.0011215961365391854,0.0046386480906208,2398
2020-08-18,0.0010380445645696615,0.0011351522197303248,-0.0007376228620765268,2395
2020-08-19,0.0009330312549592152,0.0011055169782822824,-0.010895790500958789,2398
2020-08-20,0.0009996092436038214,0.0010820973818766357,-0.0028794924961575603,2396
2020-08-21,0.0008963863590907649,0.0010670657924567537,0.002162778630954391,2397
2020-08-24,0.0011477223829297002,0.0010893016449346688,-0.0064648783963060985,2398
2020-08-25,0.0010273799615525654,0.0011425056005266892,0.0027153485302031503,2400
2020-08-26,0.0008338774835588881,0.0010745715208438388,-0.0016860306503788808,2401
2020-08-27,0.001246394260143502,0.0010390223930234245,-0.004476747908268078,2400
2020-08-28,0.0008131896008495931,0.0010540168071115905,-0.002230869762272528,2401
2020-08-31,0.0009728535013054356,0.0009993937621687458,0.005724414885233241,2402
2020-09-01,0.0010185375741008458,0.0010582955010189935,-0.009603998834924491,2403
2020-09-02,0.001102699532412061,0.0010403419179580986,0.0065915020161837505,2402
2020-09-03,0.001437144672670583,0.0010444852718629349,0.006908741071598951,2402
2020-09-04,0.0019771253728704174,0.001176205308203538,-0.022514612822718737,2402
2020-09-08,0.0013487254481372472,0.0012668559844082404,-0.011279685226755763,2403
2020-09-09,0.0009235745177748753,0.0012466136780767264,-0.00642562796481575,2409
2020-09-10,0.0009076391933862198,0.0011613113827884099,0.0016820507726120664,2412
2020-09-11,0.0009460024428855798,0.0011608119291798412,-0.016332993156680704,2414
2020-09-14,0.0008900886212012498,0.001112961442608517,-0.007807789998522626,2414
2020-09-15,0.0009256717758218923,0.0010778092957780807,0.011314277390254581,2416
2020-09-16,0.0010809277274803207,0.0010529211616294772,-0.005240301288684568,2417
2020-09-17,0.0010684290870586694,0.001056626549792405,0.002390682465989365,2418
2020-09-18,0.0011427972415811386,0.0010638593195867894,0.009705336329046198,2419
2020-09-21,0.0013931808065303362,0.0011084221399434535,-0.008826860775829427,2422
2020-09-22,0.0009455141718624835,0.0011692382991507304,-0.013925211356993103,2422
2020-09-23,0.0014767150920930753,0.0010716024265225923,-0.0022630982460026708,2418
2020-09-24,0.0015944309947270097,0.0012835382131922027,-0.0297187900648727,2422
2020-09-25,0.001219059677488105,0.001269609263656794,0.00314659613825389,2421
2020-09-28,0.001698584658833798,0.0011720116930285665,0.01632003250882015,2420
2020-09-29,0.0011539958765110156,0.00113018078941678,0.007480420959181679,2422
2020-09-30,0.0009840442214096115,0.0011432055373540786,-0.004128611414612729,2422
2020-10-01,0.0009903911438915343,0.0011105875465416022,-0.0011177468253545041,2421
2020-10-02,0.001297199068703131,0.0010483593210362015,0.0034486870541028418,2420
2020-10-05,0.000980663586873677,0.0011338624365061505,0.025448389603857736,2417
2020-10-06,0.0016509717714772918,0.001059116589079952,0.012244638351699448,2417
2020-10-07,0.0011614935457035047,0.001142278709034048,-0.010816381212905173,2417
2020-10-08,0.00099773563023883,0.0010683278125574187,0.008260551611079067,2416
2020-10-09,0.0010668386649118607,0.0010366618246153807,0.00529598963683658,2415
2020-10-12,0.0008848701173837177,0.0010054108604988753,-0.003572273585237461,2414
2020-10-13,0.000833064691744002,0.0009771177668942367,0.0010581180276939474,2414
2020-10-14,0.0008280523270509402,0.0009466860850753551,-0.0034890021279784292,2414
2020-10-15,0.0008997795534299883,0.0009375797969457031,-0.0071168195127982855,2414
2020-10-16,0.0008173283289993329,0.0009360396975497338,0.017806688280460305,2419
2020-10-19,0.0012660535527019524,0.0009158800531443617,-0.002728810029827967,2418
2020-10-20,0.0008458730933496412,0.0009834098630653355,-0.014449115906865439,2418
2020-10-21,0.0010597068082332068,0.0009366297793703098,-0.003129195767974021,2420
2020-10-22,0.0010683429599626867,0.0009799344465864974,-0.006126862674410685,2419
2020-10-23,0.0009819096270160066,0.0009738655971314858,0.009717185282121416,2419
2020-10-26,0.0010117482225116328,0.0009340030711593172,-0.001211464309166553,2417
2020-10-27,0.0009021237461191845,0.0009800502604408311,-0.013335926392832017,2418
2020-10-28,0.0012438181107876393,0.0009796060908538416,-0.012061396989735533,2414
2020-10-29,0.0012911513123913768,0.0010605291478930391,-0.013621980418586975,2416
2020-10-30,0.0014337005566756654,0.0010533508517463197,0.01270508936549723,2416
2020-11-02,0.0010880230740195076,0.001093214760303755,-0.007582749626375138,2419
2020-11-03,0.0009992809195118345,0.0010545375344667425,0.006333881816852532,2422
2020-11-04,0.0013679279502816037,0.0010222123348541032,0.010244706187171175,2420
2020-11-05,0.0011288690428860012,0.0010945148512475447,-0.0018152231124411772,2418
2020-11-06,0.0011876562764187245,0.0010424903032102474,0.015402847582509949,2417
2020-11-09,0.002975924738958093,0.0010907399032236904,-0.011005388342209437,2415
2020-11-10,0.001554072258090783,0.0014631211205054107,-0.008318990888491778,2418
2020-11-11,0.0011595315798567484,0.001261605620789326,0.01073969010145769,2418
2020-11-12,0.001173252317055129,0.001155258777010593,-0.005183024546056307,2417
2020-11-13,0.0009199784948385988,0.0011563979746607746,-0.009893445309841053,2416
2020-11-16,0.001019440345600494,0.001048916060572847,0.012321443391102858,2415
2020-11-17,0.0010642229822699744,0.0010819296844566382,0.005604942707568254,2416
2020-11-18,0.0011496307743252626,0.001058099758103091,0.011208374953932107,2417
2020-11-19,0.0013688229905868122,0.0011022801812641178,-0.011700515868233485,2417
2020-11-20,0.001133652977419137,0.0010898752893720527,0.008689804982917378,2419
2020-11-23,0.0011742986099876932,0.0011077136712698144,0.0034198221386552465,2420
2020-11-24,0.001572875824240976,0.0011255328386076912,0.009990103834511354,2421
2020-11-25,0.001160097659973606,0.0011759124437416956,0.007504570701937985,2423
2020-11-27,0.0008437882165069137,0.0010632158722356135,0.0014165348086812666,2422
2020-11-30,0.0014874040080090543,0.0010017411338838146,0.0022254619466249713,2422
2020-12-01,0.0015146788952386033,0.0011698485197907042,-0.01455403051262157,2419
2020-12-02,0.0012969309385222683,0.0011222258791011427,-0.005448705784289603,2419
2020-12-03,0.0010907318760567958,0.0010969670004027999,0.008334553603692892,2420
2020-12-04,0.0008740129280004345,0.0010670565903796426,0.003386618175631175,2419
2020-12-07,0.001012783247150907,0.0010075611782810025,0.013822824452543379,2418
2020-12-08,0.0009739361868335579,0.0009946610061251477,-0.002664829802907516,2419
2020-12-09,0.001549642100494122,0.0009688389593477636,0.010002132987281228,2420
2020-12-10,0.0014371245731979827,0.0010848488637920236,-0.013325819964689246,2421
2020-12-11,0.0011132519831042048,0.001096148373680109,0.01245124758789228,2421
2020-12-14,0.0012179685007986732,0.0009985612725845073,-0.0012799490194942754,2423
2020-12-15,0.0010711613712558225,0.0010636715209794748,-0.014563296689451853,2422
2020-12-16,0.0008863401617765795,0.0009973259804111022,0.01108952676791763,2422
2020-12-17,0.0009409243952971632,0.0009725172508678518,-0.006199809221097008,2421
2020-12-18,0.001046392487551194,0.000984595817353888,0.004331263591166584,2421
2020-12-21,0.0012183220472557679,0.0010167075706513328,-0.00794334869962023,2420
2020-12-22,0.001233778107219833,0.0010377777281555184,0.00964801723729304,2421
2020-12-23,0.0012210004777860656,0.001097650680266393,-0.0005578611022385822,2422
2020-12-24,0.0007935449113268281,0.001066394893071096,0.004620502311696892,2421
2020-12-28,0.0016709625972609267,0.000936771387694969,-0.004958423376842911,2421
2020-12-29,0.001392092616244787,0.001086242742759279,-0.007410129156889331,2421
2020-12-30,0.0010469778184351328,0.0010938461229627636,-0.015591659161184903,2422
2020-12-31,0.0009464501720452664,0.0009745004448060555,0.00798155228240583,2424
2021-01-04,0.001716754607338047,0.0009695574045555576,9.058289533477157e-05,2424
2021-01-05,0.0015053252937903233,0.001190904409948953,-0.014784790268103488,2425
2021-01-06,0.0016574120711238217,0.0011054922954347624,0.0180017487940246,2426
2021-01-07,0.0014245892502074192,0.0011585864492153443,0.019498873899284983,2427
2021-01-08,0.0016147708611295721,0.0011583823948833486,0.009048888553619072,2428
2021-01-11,0.001325955937133731,0.0012352684090230354,-0.006742486224444654,2428
2021-01-12,0.0011417226560869514,0.001172889141321734,0.010541946312703266,2426
2021-01-13,0.0011710354512388945,0.0011268577346226333,0.011063691090720395,2427
2021-01-14,0.0013968759711562623,0.0010959950922188474,-0.0058126105290155616,2428
2021-01-15,0.0013016373407429708,0.001147044907018146,0.009114856772370084,2428
2021-01-19,0.001272021621575317,0.001076658408035514,-0.00622698562484664,2429
2021-01-20,0.0013425004155650448,0.0010981420476805241,0.0006338526229266193,2432
2021-01-21,0.0013618332666993818,0.0011221823304600497,0.0003610807732319594,2431
2021-01-22,0.0012120098352886783,0.0011361886704508504,-0.007999513312858515,2431
2021-01-25,0.00217308437478791,0.0010965811623669024,0.014594063350331846,2431
2021-01-26,0.0015873849138955754,0.00124037039797079,0.0005883980908937016,2434
2021-01-27,0.0035299942506450445,0.0012529719398417039,-0.010208006269129467,2436
2021-01-28,0.0034633453292632708,0.0015646932985207023,-0.007184976774923339,2437
2021-01-29,0.002174545879374608,0.0016612500167257432,-0.005632520794680232,2435
2021-02-01,0.0014635657164706745,0.0016388363169313868,-0.018147214844820125,2436
2021-02-02,0.0017100043391043511,0.0014874808563384307,0.00945216597389102,2437
2021-02-03,0.001341216804424127,0.001557955661351009,0.0022138502066901167,2435
2021-02-04,0.0017341359783553099,0.0013729465914369518,0.00679074551236782,2434
2021-02-05,0.0016451104740563241,0.0013372852251068942,0.012698724006765272,2435
2021-02-08,0.001422589288860673,0.001346263841010612,0.001356380632191068,2434
2021-02-09,0.0018961338241459103,0.0013696221190349035,0.015462601377237985,2434
2021-02-10,0.00203881393024978,0.001359315777198222,0.004591207492965379,2436
2021-02-11,0.0019293421605196023,0.0014291386087786784,-0.009162448926874935,2440
2021-02-12,0.0013134679991607878,0.0014078153580302645,-0.00512112826170451,2441
2021-02-16,0.001463721295618923,0.0012713699188168148,0.009129359804537546,2441
2021-02-17,0.001596205835317274,0.0013011525704289487,-0.004575149058345897,2440
2021-02-18,0.0013471843036521542,0.0012670412424632797,-0.000496336323708382,2438
2021-02-19,0.0010180047769227504,0.0012577668764259349,-0.009038222050797245,2436
2021-02-22,0.0014689326878635695,0.0011523554380894906,0.009030733187308088,2439
2021-02-23,0.0034233178417745133,0.0012904554626450432,0.002243380994047569,2440
2021-02-24,0.0013688927341753128,0.0015095270785640978,-0.0008090701547759372,2441
2021-02-25,0.0019332292004720128,0.0013384060222621195,0.018114314076448913,2442
2021-02-26,0.001810781210673449,0.0015691562081293897,-0.03115674416665141,2442
2021-03-01,0.001047934018672008,0.0015135539385163614,-0.00921261640620125,2441
2021-03-02,0.001100633263193523,0.001331120602514009,0.008325135616595902,2442
2021-03-03,0.0012714762416683061,0.0012968633333086184,-0.009821196018447938,2441
2021-03-04,0.0028559990870513532,0.0013877810681753604,-0.010207499948818519,2443
2021-03-05,0.004088157528994039,0.0018297536644845507,-0.02586847454800337,2446
2021-03-08,0.001592635846144457,0.0019749457923353433,0.006294528848148646,2449
2021-03-09,0.0012353813861858865,0.0018206386219780325,0.0009597549424687083,2451
2021-03-10,0.0014022850210381184,0.001542446950697628,0.005051167248367923,2452
2021-03-11,0.0010233273014887195,0.0014637524178543306,0.004561165064755517,2454
2021-03-12,0.0009491677228686401,0.00128535662975011,0.009432311985344133,2456
2021-03-15,0.0010609174689245385,0.0012362407092521724,0.011237559176809528,2457
2021-03-16,0.001067787921331848,0.0011843469323280095,0.00497515769991548,2458
2021-03-17,0.001217738946208181,0.0012321152252886681,-0.014243679935153125,2455
2021-03-18,0.001354786780288461,0.0012106049325059695,0.013997440590571637,2458
2021-03-19,0.0011569562321223342,0.0012856032983645917,-0.01575743904755926,2458
2021-03-22,0.0009994336007750218,0.0012020979653111726,0.0060587510107551834,2459
2021-03-23,0.0013594045314055316,0.0012050690936067695,-0.008716385923563325,2460
2021-03-24,0.0014935268977560553,0.0013516487844370212,-0.02438201383499604,2458
2021-03-25,0.0017847592167447221,0.0015359824097805161,-0.024249121408434417,2462
2021-03-26,0.0013302078445527965,0.0013950710635493957,0.02558616608527256,2464
2021-03-29,0.0011734376438181494,0.001309228037209723,0.005285644561564512,2465
2021-03-30,0.0010411257264853764,0.0013298967168441356,-0.015093302567188164,2468
2021-03-31,0.0009164989771351294,0.0012125122393533674,0.0098631654036668,2466
2021-04-01,0.0008418651789095622,0.0011598652254364602,0.003310272434042801,2466
2021-04-05,0.0009067305217010463,0.0010978288021199249,0.008519141422123159,2468
2021-04-06,0.0007432809688468833,0.0011091381399460894,-0.0032032912292885513,2469
2021-04-07,0.0007068413234506737,0.0010308832869862102,0.00028401718651409786,2468
2021-04-08,0.0006634687014842778,0.0010214887469628313,-0.010374565899246159,2467
2021-04-09,0.0006012897056029351,0.0009628500779900462,0.0021294693247180317,2468
2021-04-12,0.0008408789892390594,0.0009322858325568897,0.0004488195397938674,2469
2021-04-13,0.0007550135612125714,0.0010159158296667197,-0.0072332007869695125,2470
2021-04-14,0.0008600268615419607,0.0009697519489694784,-0.0033250416458360877,2470
2021-04-15,0.0008514889998371319,0.0009860048055483428,0.0024252201148736493,2472
2021-04-16,0.0007684578145311451,0.0010350933974624624,-0.005952468762142881,2472
2021-04-19,0.0008678324817077783,0.0009866508649182392,-0.0036825682366506177,2471
2021-04-20,0.001013022121156336,0.0010412426209505782,-0.007560093929232076,2473
2021-04-21,0.0008909053331623809,0.0010984808583796518,-0.014029122243329748,2471
2021-04-22,0.000832976930477821,0.0010282598654559323,0.022433078438304062,2471
2021-04-23,0.0008600396909669906,0.0010211333275638263,-0.005698632763885711,2474
2021-04-26,0.0007048742013182703,0.0009911427925579132,0.011640736028130311,2475
2021-04-27,0.0007221189454426166,0.0009718817081749897,0.004185391733587627,2474
2021-04-28,0.0007970400809012385,0.0009501015037123382,-0.0027337576152709733,2472
2021-04-29,0.0008910819582874262,0.0009124209536657516,0.004230686299703406,2474
2021-04-30,0.0007756479779234846,0.0009414099903590822,-0.007549538474543729,2473
2021-05-03,0.0007246930306361077,0.0009025020751072293,-0.0032053259556141934,2472
2021-05-04,0.0011681489428221302,0.0009128401369026553,0.00039124891197071945,2470
2021-05-05,0.0010661344265521764,0.0009707110256909243,-0.00386225062087522,2463
2021-05-06,0.00127394261338434,0.0009778068485464958,-0.004535413588227604,2463
2021-05-07,0.0009704732759280378,0.0010602954940343173,-0.0009389469240215174,2460
2021-05-10,0.0010523857090768234,0.0009846926083510977,0.011965326738068103,2462
2021-05-11,0.0013625851336225162,0.0011007937037967096,-0.018573239361649396,2462
2021-05-12,0.0012103019205263234,0.0010868081505967476,0.01387476819660263,2459
2021-05-13,0.0014915203282209236,0.0011311189533985016,-0.021178538038455506,2459
2021-05-14,0.0009515991280745887,0.0011792438366201644,0.005120251911261566,2459
2021-05-17,0.0008514942496615214,0.0010862191087634048,0.014502374816781913,2459
2021-05-18,0.000845624150070256,0.0010291667338520596,0.00780819929009824,2458
2021-05-19,0.0010256902732678683,0.000988114472790577,-0.0035782400894592893,2462
2021-05-20,0.0008626081747072462,0.0009961104570960885,0.00827209262583329,2463
2021-05-21,0.0006683600030864108,0.0009687182913038206,0.006352672313689102,2462
2021-05-24,0.0006649836804176462,0.0009102563269035567,-0.0042322950721419075,2462
2021-05-25,0.0007149795076585698,0.0008740364456955233,-0.0026109618584670984,2459
2021-05-26,0.0006462991043288815,0.0009076683294358533,-0.014189493798927531,2462
2021-05-27,0.000659234633736694,0.000847743428194911,0.010635494905075423,2462
2021-05-28,0.0007387188469684953,0.0008480308529089395,0.00412670675077649,2457
2021-06-01,0.0007624121913343471,0.0008398136254507552,-0.0026463746840312023,2459
2021-06-02,0.0009149133136780596,0.0008400177006806913,0.0032572473040796,2462
2021-06-03,0.0010665843968464827,0.0009154725321199182,-0.0025259819174022428,2461
2021-06-04,0.0007751520812643239,0.000916835435935769,0.0010146059571650783,2462
2021-06-07,0.0008199295468222723,0.0008738211958394231,0.000272277208101839,2463
2021-06-08,0.0008337623859091859,0.0008690254416110204,0.005554865307064004,2463
2021-06-09,0.0008257204271762723,0.0008343742024340209,0.003865382074315034,2462
2021-06-10,0.0008213001915598988,0.0008173064699913891,-0.006669889470271271,2461
2021-06-11,0.0008134031979808808,0.0008190166432147168,-0.007180615100308002,2461
2021-06-14,0.0006983623050068393,0.0007691600270289025,0.002063984992558709,2462
2021-06-15,0.0006612299794130812,0.0007748556771555502,-0.00537803049782876,2465
2021-06-16,0.0007059394982532971,0.0007600938035090206,-0.005298400630380915,2466
2021-06-17,0.0009387973317436049,0.0007513764802464985,-0.0017947952777004077,2466
2021-06-18,0.0007522319594911098,0.0008180842242953377,-0.011413249273378055,2464
2021-06-21,0.0007609793260029172,0.0008094842782780759,-0.009369123396976663,2464
2021-06-22,0.000692777986807813,0.0007751127436284945,0.009463213257179564,2466
2021-06-23,0.0005467050860885884,0.0007481787104436942,0.002871533935168969,2471
2021-06-24,0.000570699586580858,0.000699183659982457,0.0016693266869591413,2472
2021-06-25,0.0006624954276279626,0.0006881260434173497,0.0066800231512919835,2469
2021-06-28,0.0007120951516320295,0.0007001770849580492,-8.294768230764924e-05,2469
2021-06-29,0.0005622929868553594,0.0007202316079900508,-0.008581865885851518,2469
2021-06-30,0.000786059391298878,0.0006993405607027598,-0.006740869590379163,2470
2021-07-01,0.0007331939792002861,0.0007003379540991933,0.002133027834679859,2472
2021-07-02,0.0006218519339726932,0.0006951003096328323,-0.0001949687961407059,2472
2021-07-06,0.0008671966291857926,0.0006915880339676294,-0.007376227641766218,2472
2021-07-07,0.000937850806110299,0.0007658262057619633,-0.012437641398103435,2472
2021-07-08,0.0011780725373735587,0.0007842490261645922,-0.006774455805871893,2472
2021-07-09,0.001472875887952544,0.0008372809900506642,0.007713096305862724,2471
2021-07-12,0.0009093953392480419,0.0008680344502115017,0.011304191452456957,2471
2021-07-13,0.0008114256218646555,0.0007812603693991027,0.0039578025614755334,2475
2021-07-14,0.0010007944248436472,0.0007771203247675535,-0.011046730663969738,2474
2021-07-15,0.0010398390554621079,0.0008550332982652201,-0.014664089970307667,2476
2021-07-16,0.0007429254999476948,0.000811517991507329,-0.0002848231728837161,2474
2021-07-19,0.0011097127694214446,0.0008849148009976058,-0.01892541689031418,2472
2021-07-20,0.0010650146579934392,0.0009054543061649711,-6.396370978911565e-05,2474
2021-07-21,0.0007517040664384972,0.0008538468969354916,0.019952492768013995,2474
2021-07-22,0.0007994632480579864,0.0007836842024225994,0.011266559253357481,2475
2021-07-23,0.0008999496285667231,0.0007882098485270669,-0.010546458834695982,2474
2021-07-26,0.0009522852917060585,0.0007909608938974727,-0.003325008868694608,2474
2021-07-27,0.0011950768807842398,0.0007827908364660762,0.002970068789807125,2475
2021-07-28,0.000845040874504149,0.000824395809843609,-0.0030749091885246,2476
2021-07-29,0.0007556518404667014,0.00077645406163692,0.006972630335240586,2474
2021-07-30,0.0006987473610587635,0.0007543191971018219,5.846328290612289e-06,2470
2021-08-02,0.0008272184847330729,0.0007474746074441395,-0.0011623992516857267,2469
2021-08-03,0.0008855272621793678,0.0007632152107599795,-0.006947508211790764,2471
2021-08-04,0.0008675171271357528,0.0007933381157592841,0.00084286181961055,2469
2021-08-05,0.0008224259311513938,0.0008295860083785036,-0.007982801603566032,2466
2021-08-06,0.000741276341085887,0.0007919205536021705,0.009182119153642527,2467
2021-08-09,0.0007550541682696464,0.0007507801188092407,0.0014204073483407799,2470
2021-08-10,0.0007841415225021454,0.0007525690678238816,-0.00028912629706216703,2469
2021-08-11,0.0007169068882958356,0.0007608315642904979,0.0027595991445564464,2470
2021-08-12,0.0006257598659379229,0.0007341664483889837,0.0031193704624671984,2469
2021-08-13,0.0006740995927669661,0.0007093731296125906,-0.003972286361447273,2469
2021-08-16,0.000715605298751621,0.0007375650311670303,-0.007677139196595413,2472
2021-08-17,0.0008032976589572887,0.0007497398639968477,-0.004392194484582461,2476
2021-08-18,0.0008129622770476166,0.0007611088628154508,-0.0046917727052858986,2475
2021-08-19,0.0007881903740373664,0.0007703153766375925,-0.005107362240920943,2475
2021-08-20,0.0006461531315250507,0.0007623146231780992,-0.003358042435755131,2474
2021-08-23,0.0005574304864375723,0.0007080563043076673,0.014536568127441757,2474
2021-08-24,0.0005987440415359343,0.0006772307603350068,0.00818218381991396,2476
2021-08-25,0.000607465655715112,0.0006635530083526778,0.007114752639547107,2475
2021-08-26,0.0005952612249632277,0.00064450536546055,0.003508381188512381,2475
2021-08-27,0.0007260413637192458,0.0006431527432803194,-0.007280898501780349,2476
2021-08-30,0.0006186242869131902,0.0006727900669393534,0.01844607089698346,2482
2021-08-31,0.0006024499825257841,0.0006647777098172062,-0.006826417309920749,2479
2021-09-01,0.000565195026034105,0.0006402582821121413,0.003947772635947749,2479
2021-09-02,0.0006410719731491304,0.0006213558844528647,-1.2708704750433233e-06,2479
2021-09-03,0.0005316173301021125,0.0006246574292911696,0.002524548469847348,2478
2021-09-07,0.0006290206222139736,0.0006157060854253994,-0.0035231204156391392,2478
2021-09-08,0.000621150893409708,0.0006294584148462477,-0.0068694158349888795,2478
2021-09-09,0.0006122140892121019,0.0006485058671504591,-0.007625007937726705,2476
2021-09-10,0.0005535763280338935,0.0006269923857027018,0.0012561932753843094,2475
2021-09-13,0.0007955721373250262,0.0006545610112139446,-0.013710600625665563,2477
2021-09-14,0.0007464740051872245,0.0006859628724524497,-0.0030185591317346476,2477
2021-09-15,0.0008799025805129686,0.0007297236418340971,-0.01752408259447149,2477
2021-09-16,0.0005878932293140696,0.0006755596355069326,0.007494373833807174,2478
2021-09-17,0.0006488787889840785,0.0006675953818385822,-0.0018270639004393599,2478
2021-09-20,0.0009205804580690454,0.0006664839779281312,-0.000475693952370793,2481
2021-09-21,0.0006556840506449072,0.0007104963479116813,-0.0022787458189623077,2481
2021-09-22,0.0006446849031835278,0.0006873918735106358,-0.005655205734708886,2481
2021-09-23,0.0006034782522664641,0.0006544788371118731,0.006759115580541694,2481
2021-09-24,0.0005761569066001622,0.0006409751256857476,0.010282266863625116,2477
2021-09-27,0.0006774947961499061,0.00063641170711228,0.0023278311050308064,2475
2021-09-28,0.0006721031355621541,0.000651329520314554,0.009812667864291583,2477
2021-09-29,0.0006841302098927153,0.0006746501236912227,-0.014084332476207969,2477
2021-09-30,0.00061934192038829,0.0006809859711026802,-0.006565863386214393,2476
2021-10-01,0.0007941129078834053,0.0006831350260979594,-0.010735384236799993,2477
2021-10-04,0.0006750248738518808,0.0006932891997806531,0.00791289496235792,2479
2021-10-05,0.000714168133955897,0.0007113088771719981,-0.008016234625503074,2479
2021-10-06,0.0006919549286099367,0.0006943443992839628,0.001111870212383981,2476
2021-10-07,0.0005801056011849009,0.0006830310355760272,0.004891720585987674,2478
2021-10-08,0.0004751404683207016,0.0006447944416781629,0.005936730147617229,2478
2021-10-11,0.0005322210970375033,0.0006276329149442501,-0.004719896385093931,2474
2021-10-12,0.0005097654727146724,0.0006262954006682223,-0.005166470686965615,2470
2021-10-13,0.0005301782147283144,0.0006123973099305465,0.002187525621078722,2470
2021-10-14,0.0004733382711648687,0.0006060010455340034,0.001340038268508651,2471
2021-10-15,0.0004933986971081496,0.0005914262280522163,0.0018957422624022514,2466
2021-10-18,0.0006403844270823647,0.0006123181187413304,-0.010086901444356706,2466
2021-10-19,0.0005367139374326071,0.0006076026269071826,0.002788588611752972,2468
2021-10-20,0.001021655610541599,0.0005879836882283444,0.00035648358800147015,2469
2021-10-21,0.000566549844380955,0.0005858428946613755,0.006622377315037315,2469
2021-10-22,0.0007127239315705713,0.0005808833010912141,0.000635778852552575,2469
2021-10-25,0.000642505217954912,0.0006040774616928167,-0.0033833439789919435,2469
2021-10-26,0.0007545229824020973,0.0005967078690394872,0.0038843431483178265,2465
2021-10-27,0.0008562298199862652,0.0006315510669178387,-0.007850707610353409,2464
2021-10-28,0.0007613474622750404,0.0006969923695593867,-0.013047173027437771,2464
2021-10-29,0.0008278340939603112,0.0006365250515036608,0.01032088934937917,2462
2021-11-01,0.0007669681138675017,0.0006858132449877418,0.00045502080803743264,2462
2021-11-02,0.0010650274399074257,0.0006694717611857372,0.01587305891303359,2462
2021-11-03,0.0009227318459102732,0.000671401495459793,-0.0011232887561322769,2462
2021-11-04,0.0009186294376557847,0.0006867591105401136,0.014586437230497065,2463
2021-11-05,0.0008264589583354353,0.0006938928677271078,-0.0066240038011787005,2464
2021-11-08,0.000778602315402965,0.000687967459021069,0.002478260574688455,2464
2021-11-09,0.0007364611728548504,0.0006753534350078773,-0.0010223046316127293,2463
2021-11-10,0.0007968430722646885,0.000663187900218784,-0.0027218205608055793,2461
2021-11-11,0.0006108184636973865,0.0006927900170534263,-0.008288900997659084,2461
2021-11-12,0.0005833107967772811,0.0006406030676066454,0.002218061549683784,2461
2021-11-15,0.0006771306158139292,0.0006248566946704695,0.00012642975704487043,2461
2021-11-16,0.0006177510329474098,0.0006513014716014783,-0.006911898105716667,2461
2021-11-17,0.0006968160533496072,0.0006424403320389495,-0.0013600513868531469,2459
2021-11-18,0.0009247340508714606,0.0006724630774679787,-0.007266007406195965,2458
2021-11-19,0.0007905409287799566,0.0007614029943935584,-0.01118945392072206,2459
2021-11-22,0.0009586693364367476,0.000724041872853174,-0.002921644477726759,2460
2021-11-23,0.0009593621423448644,0.0008304370371023679,-0.008255649521171252,2460
2021-11-24,0.0007395174173094906,0.0007937926113663698,-0.0004247810728784022,2461
2021-11-26,0.0009893750110909919,0.0007080068288732759,0.00783033751721648,2461
2021-11-29,0.0009909220721808461,0.0007443241349974342,-0.00491273213658736,2464
2021-11-30,0.0012728392001135653,0.0008231161209729393,-0.014522287265929744,2468
2021-12-01,0.0014654604677892442,0.000912481950985748,-0.011722813833317393,2467
2021-12-02,0.0010797764758877014,0.0012547970008837488,-0.03641634278925086,2467
2021-12-03,0.0012046830285502193,0.0009943702377746592,0.017578533551285826,2469
2021-12-06,0.0013910971170932823,0.0011715649416117956,-0.021502780734918816,2471
2021-12-07,0.0009190971633494178,0.001097953236856337,0.010509967759679313,2475
2021-12-08,0.0008461095713931772,0.0009416192912652759,0.008675566652079391,2475
2021-12-09,0.0007979620865886759,0.0008693977368765119,0.00627905463341635,2475
2021-12-10,0.0007811612186906387,0.0008712764588286692,-0.010622165075466103,2474
2021-12-13,0.0009095867326158467,0.0008708598077042866,-0.007714974896284866,2476
2021-12-14,0.0009280667718361438,0.0009404716543609526,-0.012160184962651062,2477
2021-12-15,0.0012920983955711576,0.000904709027377656,-0.0028808468748358225,2478
2021-12-16,0.0010027055479216698,0.000956927680847934,0.011463504588907636,2477
2021-12-17,0.001240433969674465,0.001021739144768403,-0.017549690324478208,2479
2021-12-20,0.0009905262116875755,0.0010204498929264907,0.006724888333515639,2478
2021-12-21,0.0007635220706905073,0.0009535044211992456,-0.0016802582516659262,2480
2021-12-22,0.0006800093450283348,0.0008697396229235431,0.01444868435748263,2480
2021-12-23,0.0006855804659294053,0.0008041255543949052,0.009260086263171085,2480
2021-12-27,0.0007039429341199718,0.0007841049808822523,0.005610703281555603,2479
2021-12-28,0.0006541437948799338,0.0007861328826450357,0.005453984437454042,2477
2021-12-29,0.000639672968931183,0.0007757918533864908,-0.004993532551158293,2476
2021-12-30,0.0007748359977615278,0.000750368743711365,-0.0005943809877756581,2478
2021-12-31,0.0005903410471966641,0.0007614014502122353,0.0027201138332830417,2479
2022-01-03,0.0008902415364995756,0.0007282058890347424,0.0007724144997905057,2478
2022-01-04,0.0009621807144843942,0.0007772409156647203,0.009336875481907803,2480
2022-01-05,0.0010949442202659088,0.0007852418180919282,-0.002308286712434294,2480
2022-01-06,0.0010397018379123808,0.000930840749270642,-0.024204220952854693,2479
2022-01-07,0.0007633803152487037,0.0008665593097613333,0.0005380022990375715,2478
2022-01-10,0.0009272677124311174,0.0008594940424189263,-0.004159370392052776,2477
2022-01-11,0.0008441052222966871,0.0008516546085923112,-0.0013735528449800478,2477
2022-01-12,0.0006529838224508475,0.000811862486233047,0.010134065625502103,2476
2022-01-13,0.0007932944756464765,0.0008020694285307665,-0.00718795220902055,2475
2022-01-14,0.0007265129492815117,0.0008580525331417958,-0.010440601922530185,2474
2022-01-18,0.000802924220921722,0.0008041655280296022,0.007684419930743372,2474
2022-01-19,0.0008254338100116168,0.000858725939404226,-0.014057592083184784,2475
2022-01-20,0.001212982224929258,0.0009051217940869353,-0.015591388140694058,2477
2022-01-21,0.0011195083227328348,0.0010429333966506004,-0.020228960694359827,2476
2022-01-24,0.0026143023610522634,0.001098316353333887,-0.014879055946526684,2476
2022-01-25,0.0015444637393726582,0.0012497915363690825,0.026032338693623015,2477
2022-01-26,0.0015428812595730751,0.001153613289486238,0.007697305991719266,2479
2022-01-27,0.0014486441301855579,0.0013137995572393435,-0.022512213206500282,2481
2022-01-28,0.0012810016870275732,0.001506450463994599,-0.026450039900972527,2481
2022-01-31,0.001040217126262633,0.0012746891688615912,0.015645360486340694,2481
2022-02-01,0.0009859925498263479,0.0011491654357456557,0.030690961786832335,2482
2022-02-02,0.0008684204088011091,0.001071922027810527,0.00959537510919329,2481
2022-02-03,0.0008495808456141342,0.0010562649681860172,-0.009306812919106438,2480
2022-02-04,0.00101484240896536,0.0010253008592278462,-0.007936873662985297,2484
2022-02-07,0.0007298176149660523,0.0010044860450145476,0.007013675533234491,2485
2022-02-08,0.0007053624501319807,0.0009338168721848207,0.003312901948223821,2485
2022-02-09,0.0006425258018293747,0.0008936799325335896,0.012185023017502376,2483
2022-02-10,0.001313289920974312,0.0008644536545449788,0.008028684489006893,2487
2022-02-11,0.0010667259678166297,0.0009401466189189751,-0.0006199615660131624,2489
2022-02-14,0.0007535960932832474,0.001007966481268584,-0.011957586821369163,2489
2022-02-15,0.0007113822188730009,0.0009307441639868777,-0.007627448639946869,2489
2022-02-16,0.0006806653424703377,0.0008582477838100566,0.014106246167566061,2488
2022-02-17,0.0008496223216447125,0.0008279978853090733,0.006913083160945758,2488
2022-02-18,0.0007579073815318997,0.000867340778023222,-0.013074065973686738,2486
2022-02-22,0.001031227567483774,0.0008673227445961818,-0.005721535791961142,2486
2022-02-23,0.0009499742817984934,0.0009300694756003441,-0.010397736409984404,2486
2022-02-24,0.0020196511993404334,0.001023588376395617,-0.023575525320312728,2487
2022-02-25,0.0010571300791741573,0.0011899111392791608,0.042220318589716206,2489
2022-02-28,0.000974964999046181,0.0009917786282918734,0.01733871583575312,2488
2022-03-01,0.0013127122721746688,0.0009797982447255383,0.010571429110302996,2490
2022-03-02,0.0009432477928259894,0.0010765562467040248,-0.016243438714669284,2492
2022-03-03,0.0009652102608237431,0.000970214323491149,0.01558063070038295,2490
2022-03-04,0.001067800372423567,0.0010641541786084862,-0.013083727695682347,2488
2022-03-07,0.0015935896530977216,0.0010668545469059343,-0.004738226783566503,2486
2022-03-08,0.002368941073405965,0.0013044334011649476,-0.02456743009046312,2486
2022-03-09,0.0012109739994213432,0.0013192096084397164,0.0012274705559150816,2485
2022-03-10,0.0010359508586741707,0.0011185494754175507,0.00868539064418043,2486
2022-03-11,0.0010117211118897006,0.001046255265314304,0.00889737470935627,2486
2022-03-14,0.0013888125797923703,0.0011443777465778124,-0.020927566933627417,2485
2022-03-15,0.0011239963017844034,0.001306460281884911,-0.02148236226563903,2485
2022-03-16,0.001196523449969945,0.0011138631467966485,0.009946087416379272,2487
2022-03-17,0.0009931059427563474,0.0010924522343077339,0.01642863122842974,2490
2022-03-18,0.0011255516331428812,0.001045769524416652,0.020696654877396994,2491
2022-03-21,0.0009454894997411774,0.0010525264338345195,0.013514234796229324,2489
2022-03-22,0.0013657821590946505,0.0009951779609104936,-0.0049094932927158715,2490
2022-03-23,0.0008726236513143255,0.0009673958635679917,0.0048291801235098245,2489
2022-03-24,0.000848221696571218,0.0009441018836692475,-0.008668349206294827,2487
2022-03-25,0.000775362744958673,0.0009061979056395613,0.005422374751708353,2485
2022-03-28,0.0009044304863916134,0.0008953334803899286,0.0004125433499885942,2484
2022-03-29,0.0009441981643920136,0.0008942682729219757,-0.0003815747070005119,2480
2022-03-30,0.0010034066586232342,0.0008969427717173984,0.011294546437906297,2481
2022-03-31,0.0007824817456712882,0.0009589796146247431,-0.011705831191099471,2481
2022-04-01,0.0008442758358192185,0.000899828004827312,-0.010530062273647412,2482
2022-04-04,0.0008145587337136054,0.000887939199572366,0.0010153646916906233,2483
2022-04-05,0.0008829476368129455,0.0008634336522041905,0.001956645451893327,2483
2022-04-06,0.0009294003053761608,0.0009269761574719438,-0.017079074624927096,2482
2022-04-07,0.0009233096319381424,0.0009236097943444636,-0.005080470288231283,2482
2022-04-08,0.000743292183300133,0.00091236982082057,-0.0026980827037527185,2480
2022-04-11,0.0012532731255356572,0.00087776882725579,-0.003527079829355736,2479
2022-04-12,0.0013649515640636954,0.000940584794548429,-0.005130269127477531,2476
2022-04-13,0.0007371542925990011,0.0009972603239270285,-0.008848920962580933,2475
2022-04-14,0.0006784661509051838,0.0008693518727459591,0.01375963627113931,2477
2022-04-18,0.0007790224870289763,0.0008676898005729178,-0.008901576455333208,2474
2022-04-19,0.0007632228070446284,0.0008866842712294926,-0.0053599131729376295,2473
2022-04-20,0.0007496933871143953,0.0008499357380592962,0.0154999376217002,2474
2022-04-21,0.0011405607287573347,0.0008460240071622712,-0.001946270741567652,2472
2022-04-22,0.0009181359051162714,0.0010555276001995432,-0.02934668530409826,2471
2022-04-25,0.0010413530860087445,0.001024423273500214,-0.020339004003778777,2470
2022-04-26,0.000843414190446462,0.0009876056923698512,0.009350281163922102,2471
2022-04-27,0.0010087441496422454,0.0010608698370702847,-0.02362947662480404,2471
2022-04-28,0.0014511181972859583,0.0010292287654571344,-0.0035530257525517367,2473
2022-04-29,0.0012446788167733082,0.0010643765294043486,0.007256684305900635,2472
2022-05-02,0.0012104607775858982,0.0011389549466405654,-0.020762295133774897,2472
2022-05-03,0.0009927304205719098,0.001102207387878521,0.00610675793173961,2473
2022-05-04,0.0015215662839301383,0.0010194244838764896,0.007672476819861482,2469
2022-05-05,0.0015113333200796344,0.0010993028841701869,0.022017058121236544,2469
2022-05-06,0.0013735675196454697,0.0012221122393734874,-0.026470316812862226,2468
2022-05-09,0.0015363521092848552,0.001192584196523114,-0.010213002482712511,2465
2022-05-10,0.0022081047697380387,0.0014833059541548728,-0.026576628212296928,2465
2022-05-11,0.0020350297581328393,0.0015490179169161701,-0.016381200481633336,2464
2022-05-12,0.0019835141378868326,0.0017828931530081923,-0.023643409930097135,2464
2022-05-13,0.001334059819615351,0.0015707226439762923,0.01324421098618288,2464
2022-05-16,0.0011820028963148703,0.001375046540819263,0.017585241751101682,2464
2022-05-17,0.0009502820908320956,0.0012622646907290574,-0.0005893674682481414,2465
2022-05-18,0.0013425317158429183,0.0011634485968938556,0.010620388607361125,2465
2022-05-19,0.0011031328955628523,0.001297120789997337,-0.02335320810921146,2465
2022-05-20,0.0016437188544369335,0.0011775015864211719,0.009265120968872486,2466
2022-05-23,0.0010346278567579135,0.0013365058471809495,-0.014206445114008351,2465
2022-05-24,0.001138951188430615,0.001208637376436104,0.0010538664962100744,2465
2022-05-25,0.0009893268768215386,0.0012793746328796653,-0.0073822546813216185,2465
2022-05-26,0.0009675119731419055,0.0011398416360087478,0.01842814359567882,2466
2022-05-27,0.0008685188640812451,0.0010971644893243955,0.01562683122758415,2466
2022-05-31,0.0011382571538039365,0.0010357714310400671,0.017013913724755494,2466
2022-06-01,0.0012107566321515274,0.0010684621798617067,-0.005062679875532757,2467
2022-06-02,0.000952002838654059,0.0011135996695663453,-0.01275829250605797,2467
2022-06-03,0.000804866268782521,0.0010340477196838648,0.019095571122265603,2466
2022-06-06,0.0009852919396328376,0.0009879176630341834,-0.001021136912704476,2466
2022-06-07,0.0009632042387309462,0.0010341411788839336,-0.008655050064371738,2465
2022-06-08,0.0009716826528059202,0.0010420676330812671,0.019771041052731586,2463
2022-06-09,0.001050223380312305,0.0010009848896868456,-0.00548496491389982,2463
2022-06-10,0.001155186224413903,0.0010378804126747146,-0.015298454350060154,2464
2022-06-13,0.0014967064793640274,0.0010743613852342514,-0.011296943827547014,2463
2022-06-14,0.0015396415581864207,0.001217239732287731,-0.023311551461994092,2463
2022-06-15,0.001242554220568892,0.0011892783010475437,-0.009408814914939974,2464
2022-06-16,0.0013248492957562805,0.0011364670510695305,0.00495191517241622,2464
2022-06-17,0.0012644994307792928,0.001238762710388864,-0.020332281461826095,2463
2022-06-21,0.0012417698482227611,0.0011955907430482038,0.0029341844319309388,2462
2022-06-22,0.0011675300608113472,0.0011422801278383814,0.001839013546043451,2462
2022-06-23,0.0012165389317593713,0.0011043948544527185,0.011608341411364992,2465
2022-06-24,0.001737162446560239,0.0011703366898888163,0.0035684365090478394,2462
2022-06-27,0.0009688812630106961,0.0011870068049495276,0.017496725257511243,2462
2022-06-28,0.0011683233522376132,0.0010876769425495806,-0.0013326553336776017,2464
2022-06-29,0.001053536758855714,0.0011402346541304139,-0.02243622747348645,2463
2022-06-30,0.0011183900504383212,0.001154222364147319,-0.010871060443845879,2462
2022-07-01,0.0010699600408372062,0.001112657857409895,0.006769947939878764,2462
2022-07-05,0.001529996895329918,0.0010967681239870365,0.011990244762888406,2460
2022-07-06,0.0012053400165394045,0.0012049458098037247,0.014756329872053369,2459
2022-07-07,0.0008380247351716414,0.0011691122265858815,-0.006591297546861941,2460
2022-07-08,0.0009095589449203446,0.0010652354735564622,0.013007457263305853,2461
2022-07-11,0.0007808117563582371,0.0010372732975543655,0.0017013553739005979,2460
2022-07-12,0.0010736964963960114,0.0010055319362779216,-0.009306912972789742,2458
2022-07-13,0.0009182389359711065,0.001005142440537765,0.00025064573498715563,2456
2022-07-14,0.0008754814987710294,0.0009874952410047569,0.012538741739794674,2457
2022-07-15,0.0009119599251859516,0.0009704956027624781,0.0023121315877853463,2457
2022-07-18,0.000938892476999052,0.0009547170902562459,0.0040529989374270435,2456
2022-07-19,0.0007436126207440605,0.0010065837839053535,-0.00928396756384757,2452
2022-07-20,0.0008558803548273246,0.0009129063596420006,0.018576112269413417,2452
2022-07-21,0.0007109453031704532,0.0009227118780650337,0.011565214136433381,2450
2022-07-22,0.0009023083299790785,0.0008790384149998349,0.008254428916920154,2449
2022-07-25,0.0008294236028975675,0.000978202940668038,-0.014449063933790356,2448
2022-07-26,0.0007888998593435523,0.0009318943041105543,0.0011798188546551598,2449
2022-07-27,0.0009217491411214138,0.0009172131784625823,-0.00497986028304016,2452
2022-07-28,0.0011853552553789195,0.0009054731848582193,0.01427449700219347,2452
2022-07-29,0.0008311016105409534,0.0009566107751797483,0.007945184396146072,2449
2022-08-01,0.0009216497889881101,0.0009046179004782666,0.006951780393542313,2448
2022-08-02,0.0010163563426595955,0.0009111525808290749,0.004638358326683875,2447
2022-08-03,0.0010584710648799962,0.0009292834245697823,0.0012440093400968332,2444
2022-08-04,0.0013260680529010329,0.0009661184642666697,0.004546827897419519,2442
2022-08-05,0.0012547236954029836,0.0010188596423193969,-0.0016627831567323623,2442
2022-08-08,0.0009754762994827235,0.0009997079746939773,0.012783474747168481,2442
2022-08-09,0.0010297958233015908,0.0009663492272059722,0.003053300969113261,2443
2022-08-10,0.0009308727190173243,0.0009812712969072142,-0.010849277695972829,2445
2022-08-11,0.0010669659421857279,0.0009367295157468961,0.0075551805637994705,2446
2022-08-12,0.0007936693836576228,0.0009626168198626169,-0.00194825725178382,2446
2022-08-15,0.0007962310958503256,0.0008783883500306084,0.011904378203406526,2449
2022-08-16,0.0009162298423383152,0.0008685219465666767,0.009268448784901137,2449
2022-08-17,0.0007517452794700216,0.0008801874637056207,0.0026299526809288247,2450
2022-08-18,0.0008045957406826029,0.0008575724992195313,-0.004652651518904467,2449
2022-08-19,0.0006302887741183035,0.0008395097644791003,0.0038846080571347387,2448
2022-08-22,0.0008088276473856923,0.0008291028149778542,-0.0109816449277612,2448
2022-08-23,0.0007377976014387716,0.0008512585766369344,-0.008360828845702176,2449
2022-08-24,0.0006855453993278028,0.0008172731491649046,0.0005685972203127793,2447
2022-08-25,0.0008032760346132103,0.0008030665929209763,0.006336161795916691,2445
2022-08-26,0.0008695862399901576,0.0007866081937724013,0.009293628473254554,2440
2022-08-29,0.0006853726814134552,0.0009059317731344243,-0.030865131107683085,2441
2022-08-30,0.0007924749004683135,0.000797827935734199,0.0007827017766618011,2443
2022-08-31,0.0007168709134991829,0.0008771975541368789,-0.017646371947713357,2442
2022-09-01,0.0008917610242104787,0.0008312457277325807,-0.008719628490761834,2446
2022-09-02,0.0008515745160721569,0.0008489381241485312,-0.0020360773277948497,2447
2022-09-06,0.0008683540864059116,0.0008627610696371722,-0.014869395482187717,2447
2022-09-07,0.0008663785696062259,0.0009292755732262173,-0.0141130470204402,2448
2022-09-08,0.0008921893578717852,0.0008359269441480139,0.019332357268276652,2447
2022-09-09,0.0007055381369661952,0.0008521972767651325,0.013577314757838589,2447
2022-09-12,0.0006243242550116126,0.0007904127149077841,0.009285067678247966,2448
2022-09-13,0.0008839235000210999,0.0007563128043179245,0.003024141746027939,2449
2022-09-14,0.0007833413057684991,0.0008183083322975702,-0.014032847302102622,2450
2022-09-15,0.0010399955885693622,0.0008147610670124198,-0.0031435126977785097,2450
2022-09-16,0.0009404283848696488,0.0008235918690355316,-0.0025739288458665028,2445
2022-09-19,0.0009223472404621543,0.0008732155778146367,-0.002584140677713716,2442
2022-09-20,0.0008475051078653935,0.0008545064290072245,0.014424308563067919,2444
2022-09-21,0.0009210906026809068,0.0008711851255174046,-0.007933910455431237,2442
2022-09-22,0.0009404467045576772,0.000933500340339094,-0.01983399218201973,2444
2022-09-23,0.0011554407464610817,0.0009756604244132998,-0.01890203290022851,2442
2022-09-26,0.0011756017067722328,0.0010433435580581895,-0.013035017070783157,2442
2022-09-27,0.0010333448462507408,0.0010737696403415413,-0.011333453803086813,2443
2022-09-28,0.0010138611272430807,0.0010398349837733504,-0.010358215985197154,2442
2022-09-29,0.0009504180790439178,0.0009724696429343994,0.021632116715059563,2444
2022-09-30,0.0011122526753012895,0.001009022229007325,-0.010942276203377057,2443
2022-10-03,0.0012403231122362789,0.0010052677166409165,-0.005281896592609294,2443
2022-10-04,0.0008668033361885005,0.000994190182001495,0.012404846968379776,2442
2022-10-05,0.0009833348475835003,0.0009290067902549603,0.018837558989611335,2445
2022-10-06,0.0009237972209316756,0.0009233817527849453,0.005644314817788172,2444
2022-10-07,0.0009051629042945067,0.0009312255821457287,-0.0034420968354564856,2443
2022-10-10,0.001003238466795037,0.0009804275054070164,-0.017636362350570246,2442
2022-10-11,0.0011701347230969887,0.0009808925450004767,-0.010420253128253832,2439
2022-10-12,0.0009034671964557647,0.0010238475909376476,-3.87964564892498e-05,2440
2022-10-13,0.0018804562193358557,0.0009865159269805462,-0.003977830700435384,2438
2022-10-14,0.0010543094880190432,0.001108504626242,0.040039886201940544,2436
2022-10-17,0.0008923885891420306,0.0011056119366271249,-0.028901009256832276,2436
2022-10-18,0.0009703393040711933,0.0009780588325056057,0.008066564658249786,2435
2022-10-19,0.0009490093956966328,0.0009975564579688585,-0.006534801098094051,2436
2022-10-20,0.0010695802557902621,0.0010115052518840338,-0.008406202281791616,2434
2022-10-21,0.0009432820110768617,0.0010291699020787111,-0.009722715974754348,2431
2022-10-24,0.000954288050076906,0.0009572866658509638,0.017393821905108568,2431
2022-10-25,0.0011012560555295648,0.0009750917903253389,-0.0008870947310368562,2431
2022-10-26,0.001080830357888441,0.0009658697533293663,0.02327639699478807,2434
2022-10-27,0.0009235294144477338,0.0009678242778543383,0.0024592188124188284,2437
2022-10-28,0.0009836218262524398,0.0009413645002254229,-0.007869220109410801,2436
2022-10-31,0.0007362125672215876,0.0009343547048868977,0.016197884568008192,2436
2022-11-01,0.0008152085803053065,0.0008755184505011374,0.003068206860749819,2435
2022-11-02,0.001178308103985565,0.0008946342309650408,-0.006591640062151905,2433
2022-11-03,0.0013806980068355765,0.0010147232452535275,-0.023681033282771498,2433
2022-11-04,0.0013507120568882714,0.0010035131151844596,0.0045179824067882925,2435
2022-11-07,0.000981222890419769,0.00103790834929104,-0.0002801653251470416,2436
2022-11-08,0.0012493089510628706,0.000981567698022677,0.001255800435270965,2437
2022-11-09,0.0012696906074727678,0.0010244199539768523,-0.0008367371147991702,2438
2022-11-10,0.0013999319650262554,0.001104162960427646,-0.017433693489760333,2438
2022-11-11,0.0013975978097064332,0.0010946720405176312,0.01796711689091954,2439
2022-11-14,0.001105074567689792,0.001086298864486679,0.008154468880049765,2438
2022-11-15,0.0011289722737536478,0.0010349444174821128,-0.005685333514130593,2439
2022-11-16,0.0008890904250211367,0.0010481367256850451,-0.0038953057444723917,2439
2022-11-17,0.0010457073480667233,0.0010079290858411017,-0.01061969295952262,2440
2022-11-18,0.0009043351129702895,0.0009895000231023863,0.008085313546780897,2439
2022-11-21,0.000818535483922207,0.000977807017986034,-0.008081332064679399,2441
2022-11-22,0.0007994460620900832,0.0009261538635308255,-0.0011742976845153658,2441
2022-11-23,0.0008025481611919073,0.0009054064576491372,0.0049463154088142435,2441
2022-11-25,0.0004733537104201657,0.0008714242390633826,0.004731601651731615,2442
2022-11-28,0.0008180572139978974,0.0007676452560720406,0.0036371351081018392,2431
2022-11-29,0.0007090153336841896,0.0008726780026447514,-0.01018589400727228,2430
2022-11-30,0.0012233863785985045,0.0008059090354045771,0.0003599828261017529,2429
2022-12-01,0.0009649935337792824,0.0008968500743666572,0.021081199613297963,2428
2022-12-02,0.0009303899964235585,0.000911762051374402,-0.0025372615491239506,2426
2022-12-05,0.0009294935959128335,0.0008882900041246723,0.015019993281244776,2426
2022-12-06,0.0010718806627348764,0.0009305146981583569,-0.018274827714136178,2425
2022-12-07,0.0009441998332774366,0.0009420457907296299,-0.012337901836703604,2423
2022-12-08,0.0010536383357859194,0.0009314311923808778,-0.002805336582993734,2424
2022-12-09,0.0008450743075967197,0.000918715158319398,0.0008342741565431833,2424
2022-12-12,0.0011399112752786828,0.0009172706117937908,-0.005034117041360445,2424
2022-12-13,0.0014314978686925238,0.0009243693069926945,0.007431953520608069,2429
2022-12-14,0.0009761345721236253,0.0010661800065977936,-0.019625916960345855,2428
2022-12-15,0.0010312805710375851,0.0010049815864301595,-0.005312505565228663,2428
2022-12-16,0.0014969587611995067,0.001026500677045196,-0.011948954094951171,2428
2022-12-19,0.0011628893908788194,0.0010409799696306692,0.0015198182605858524,2428
2022-12-20,0.0010249878595556471,0.0011064237994551575,-0.014829954322633294,2428
2022-12-21,0.0010157862194869016,0.001019852649464368,0.006188563473648091,2426
2022-12-22,0.0011054870178049013,0.0009856059132853574,0.007428088881986105,2425
2022-12-23,0.0008585420040641754,0.0010071433893293915,-0.005536459008058065,2425
2022-12-27,0.000871477162946119,0.0009726053235818196,0.005880943333991427,2424
2022-12-28,0.0010681956994161954,0.00098126595842532,-0.005641242206724078,2423
2022-12-29,0.0009611679049293973,0.0010242765242396677,-0.014243484475768921,2424
2022-12-30,0.0009618351210595568,0.0009920468453170515,0.016992587276072932,2424
2023-01-03,0.0012188048748936332,0.00097433619514899,0.008306585552973022,2425
2023-01-04,0.0010429402960159078,0.0010263558287209734,-0.006057619925541378,2426
2023-01-05,0.0009858291913796714,0.000991090080913936,0.010236747393253979,2426
2023-01-06,0.0010844906194695926,0.0009624143756872189,-0.0007806968375755299,2424
2023-01-09,0.0010477730937666556,0.0009723692933556589,0.014491881794217155,2423
2023-01-10,0.0008936371915303388,0.000976709921094541,-0.0024170879109626326,2421
2023-01-11,0.0011191387551992486,0.0009690366572857015,0.014351814248128116,2421
2023-01-12,0.001001830383350502,0.0009714336768008579,0.006603101816906682,2421
2023-01-13,0.0010935496523837849,0.000968893649542717,0.008649490654135839,2425
2023-01-17,0.0008196213396548137,0.0009753114317187905,0.013657343295424706,2424
2023-01-18,0.000987523778917347,0.0009164946579988366,-0.0019107780121290318,2427
2023-01-19,0.000911890834453395,0.0009815393501901738,-0.020423534838474037,2429
2023-01-20,0.0009127258711310052,0.0009572650748364208,-0.0025408617832265025,2430
2023-01-23,0.0008551043942570278,0.0009297168033329985,0.01050606655655546,2429
2023-01-24,0.000775029198414484,0.000888618225828175,0.008469490783475609,2427
2023-01-25,0.0008166252823328793,0.0008646080293001639,0.0009780746262526196,2425
2023-01-26,0.0007934784356152177,0.0008379539385712656,0.009983158504352972,2421
2023-01-27,0.0007478111212905937,0.0008249727689396692,-0.0004345884471697808,2421
2023-01-30,0.0007940795721323159,0.000823394007611309,0.005163734548013394,2421
2023-01-31,0.0008066271067099051,0.0008242057995309736,-0.005548840807910276,2419
2023-02-01,0.0012810834479823903,0.0008341204961736677,0.017898800628912564,2419
2023-02-02,0.0011276019509509866,0.0009280681491334708,0.014645055018077873,2419
2023-02-03,0.000976688400694623,0.0009439931682881613,0.006652356667275739,2420
2023-02-06,0.0009502596384636245,0.0009098119384117089,0.002612835376694523,2421
2023-02-07,0.001237914442339443,0.0009008470731245508,-0.004344518764459191,2420
2023-02-08,0.0008284087001666132,0.000933153692783755,0.008957541490295958,2416
2023-02-09,0.0010196016159417036,0.0008731259181190325,-0.00913885391409518,2417
2023-02-10,0.0008406651758901275,0.0009703399639403874,-0.02153063397454811,2418
2023-02-13,0.0007257330553841697,0.0008601893437471445,0.0029165977162734233,2417
2023-02-14,0.0008413525813350897,0.0008395388263352002,0.007498148778706669,2420
2023-02-15,0.0007213861120774242,0.000834688930653503,0.0027147747386406535,2419
2023-02-16,0.0008404397354800693,0.0007990139054533489,0.012823137784241016,2421
2023-02-17,0.0007298513343016417,0.0007907864554326135,0.00224326549250957,2422
2023-02-21,0.0008158214807515591,0.0007774166451409197,0.0011404661403506306,2424
2023-02-22,0.0007314217713272815,0.0008495747336902115,-0.01713352577905638,2425
2023-02-23,0.0008684217732349869,0.0007967638620217006,-0.001409612434319696,2424
2023-02-24,0.0007546375393977698,0.0008232513011619531,-0.0026790656894289696,2424
2023-02-27,0.0007021556114536582,0.0007938050336035879,0.000510326649925026,2425
2023-02-28,0.0007237955282925277,0.0007882425698842695,-0.00440332221934936,2422
2023-03-01,0.0007857980689102515,0.000765729834032612,-0.000659577073967789,2424
2023-03-02,0.0009950131990322647,0.0007705034814156855,-0.0002691014161656313,2426
2023-03-03,0.000650130056154176,0.0007759310723367876,0.010498531070757657,2426
2023-03-06,0.0007338587225635053,0.0007519799607724108,0.008928871622659084,2425
2023-03-07,0.0007202489617195689,0.0007887262844685975,-0.012841867401114093,2425
2023-03-08,0.0007017858167928135,0.0007785378970588023,-0.01162950063791022,2425
2023-03-09,0.0009570767992295535,0.000755330021838327,0.00026013976926549283,2426
2023-03-10,0.0015207941374616122,0.000913528165754906,-0.026603124450286324,2425
2023-03-13,0.002586073363428889,0.0010753231161875962,-0.023512278221144555,2426
2023-03-14,0.0013723120910093774,0.0011509886774572775,9.747524898505055e-05,2428
2023-03-15,0.0012704312463680757,0.001182662497313495,-0.007677056269882428,2428
2023-03-16,0.001363983091663172,0.001098153585371165,0.0011108369476343207,2430
2023-03-17,0.0010959091826927628,0.0010621947739946928,0.021799989315872178,2429
2023-03-20,0.0009809013260645586,0.0011079371670175697,-0.017549246395033552,2432
2023-03-21,0.0008850242690510595,0.0010306340560617664,0.0016266021823899354,2431
2023-03-22,0.0009416072214114624,0.0009695606903928048,0.003821100425503764,2430
2023-03-23,0.0011898070750371989,0.0010861291259906427,-0.021472641027046057,2429
2023-03-24,0.0008473140951124697,0.0011117437043143136,-0.01141507614313998,2441
2023-03-27,0.0007398694794731581,0.0009722611617789867,0.013767486203849336,2443
2023-03-28,0.0006854189761496259,0.0009243780065512049,-0.0005359535084423179,2443
2023-03-29,0.0007004468606952811,0.0008735050129492972,0.003243603241889656,2440
2023-03-30,0.0008405069128723068,0.0008462566108898845,0.002833073377817371,2443
2023-03-31,0.0008170386784220029,0.0008801937059653394,-0.005540662851711758,2443
2023-04-03,0.0009067410609048537,0.00083340313400156,0.00945881545240802,2441
2023-04-04,0.0008314655261537859,0.000857520778083273,-0.0007709264916085895,2441
2023-04-05,0.0007396541697292664,0.0009168580983280372,-0.01681633483585535,2442
2023-04-06,0.0006245528296251715,0.0008611974080348395,-0.004761412697917106,2443
2023-04-10,0.0006965759241835938,0.0007969832215210221,0.0023272634805664,2442
2023-04-11,0.000740535020731898,0.0008144196952470509,0.011904245370552326,2442
2023-04-12,0.0006298065653035302,0.0008058003131886783,0.004572920534053367,2442
2023-04-13,0.0007710873549128007,0.0007948893319835642,-0.014053736661162802,2441
2023-04-14,0.0010074337785672745,0.0007942560468793215,0.008743468140846075,2441
2023-04-17,0.000787502006783348,0.0008597485589045457,-0.008424837535767204,2442
2023-04-18,0.0011248866694684955,0.0008059872669964321,0.007651411780984451,2441
2023-04-19,0.0007335052764539034,0.0008965609928520269,-0.007259323270001489,2441
2023-04-20,0.0008133369600071413,0.0008110453039631137,0.004613173236923646,2443
2023-04-21,0.0008275092866382095,0.0007898865620218243,-0.0006659966214237692,2442
2023-04-24,0.0008559130477901632,0.0007890409514986043,-0.001463392836164065,2443
2023-04-25,0.0007938768403977056,0.0008254384828428436,-0.0008231138552645777,2444
2023-04-26,0.000830089174180893,0.0008619395434687943,-0.015941542492145945,2444
2023-04-27,0.0009408793660079439,0.0008361251146371967,-0.0066003263610530695,2444
2023-04-28,0.0009732866540516994,0.0008216935608624754,0.009290309248955742,2445
2023-05-01,0.0012692496212893954,0.0008287970625713749,0.010881966311629415,2444
2023-05-02,0.0014330318696431069,0.0009193444170038141,0.0002749212148490728,2444
2023-05-03,0.0014407709783702154,0.0009504631592391193,-0.013669315929522224,2443
2023-05-04,0.0016190701272306152,0.001051073165426529,-0.0032838301011045615,2443
2023-05-05,0.0012701863394372764,0.001078866479663935,-0.006565203423476698,2446
2023-05-08,0.0009655773709967999,0.0009911961337792149,0.009990810996745331,2447
2023-05-09,0.0010930561732137392,0.0009607753671845189,-0.006108753276786773,2449
2023-05-10,0.0011132277234945618,0.000906097538729966,0.0018729115161372155,2447
2023-05-11,0.001174117874165502,0.000934204396124515,-0.007407365272416708,2449
2023-05-12,0.001035509779647382,0.0009144173721711101,-0.0019278700151958265,2449
2023-05-15,0.0010997635394436474,0.0009177547150687913,-0.006733438696349294,2450
2023-05-16,0.0009429709222997688,0.0009313200945433639,0.006641289300108256,2448
2023-05-17,0.0010778041476315488,0.0008995763105941079,-0.009808530616292194,2447
2023-05-18,0.0009812641649875385,0.0008888381669410778,0.014355191993378183,2449
2023-05-19,0.0009880288494965622,0.0008780145882784546,0.007738600377468946,2450
2023-05-22,0.000984548184516607,0.000898954799963455,-0.009942216353062387,2452
2023-05-23,0.0019969386534548525,0.0008922575732047538,0.006083602555855775,2452
2023-05-24,0.000791376758830202,0.0012205995355666105,-0.0024452098285815903,2454
2023-05-25,0.0022986997324582308,0.0010326149733050859,-0.008856876949812515,2454
2023-05-26,0.000884696451988817,0.0009672956099738382,-0.008291409469119345,2457
2023-05-30,0.0008879817400596934,0.0008816446048653923,0.007411516808532834,2457
2023-05-31,0.001050163030322018,0.0008961696738390663,-0.006583409598534971,2459
2023-06-01,0.0010306784362343507,0.0008949852983386241,-0.005547808313533706,2458
2023-06-02,0.0008402812486621051,0.0008927164742551846,0.007770627721220894,2458
2023-06-05,0.0007908108224367156,0.0009164991672192481,0.017949737382717018,2458
2023-06-06,0.0010700200396600577,0.000878697715694194,-0.007035610710832329,2461
2023-06-07,0.0009220803128607114,0.0009021165671249111,0.021634439956147347,2461
2023-06-08,0.0008113708587779231,0.0008843085799049122,0.009053843975622465,2463
2023-06-09,0.000709672468131287,0.0008146424792422717,-0.0009247536574844259,2463
2023-06-12,0.0008394927526103522,0.0008165644567527632,-0.007896027026481033,2461
2023-06-13,0.0007362149657819262,0.0008409238789562532,0.0031608609665229794,2462
2023-06-14,0.0007987676106452772,0.0008321396711488214,0.005219132548298159,2462
2023-06-15,0.0006397200446523815,0.0008340656167677411,-0.010666502014234008,2464
2023-06-16,0.0007684160866820492,0.0007827093476355434,0.011346362993341862,2463
2023-06-20,0.000830603067708461,0.000833644483928673,-0.009962640320662875,2462
2023-06-21,0.0009639941637637468,0.0008531247988651946,-0.003386333995600347,2461
2023-06-22,0.0007617820260517796,0.000882389897532939,0.000724476530270943,2458
2023-06-23,0.0008587125335714859,0.0008268212164593828,-0.004879264910914706,2452
2023-06-26,0.0009723413918496541,0.0008310509761263734,-0.002320083178584571,2453
2023-06-27,0.0008426117650933813,0.0008452763060399452,0.0014258352411113994,2453
2023-06-28,0.0006511265828752893,0.0008180281498600697,0.007856865815796707,2454
2023-06-29,0.0006923384686017099,0.0007910812826797813,0.0012639349369510983,2456
2023-06-30,0.0009091329378829591,0.0007534881501642672,0.009196381589031116,2455
2023-07-03,0.0005257366063270229,0.0007686924635336871,-0.0017161704870362654,2454
2023-07-05,0.0006749344935303852,0.0007006973564606714,0.0077625038073386434,2454
2023-07-06,0.0007669041165914572,0.0007323754129482194,-0.005583116398426908,2457
2023-07-07,0.0006235061935226205,0.0007416420590010104,-0.005355588524983148,2457
2023-07-10,0.000607419223986551,0.0007040904972959849,0.010418285618332268,2457
2023-07-11,0.000602272367256093,0.0007151222708510531,0.009851032409547959,2456
2023-07-12,0.000601305531869267,0.0007005625785466566,0.00603515460126071,2456
2023-07-13,0.0006172582374135363,0.0006959988846873085,-0.002962455694159668,2455
2023-07-14,0.0006836842028487016,0.0006942003215186942,0.004621681978727628,2457
2023-07-17,0.0007169303651469055,0.0007281344240011821,-0.01075696046983118,2458
2023-07-18,0.0007831003741088183,0.0007137810928068116,0.007535588059293804,2459
2023-07-19,0.0006853142700272204,0.0007481231755760324,0.009210776976291971,2462
2023-07-20,0.0005978424399053874,0.000717941748272633,0.0021349703511933586,2462
2023-07-21,0.0006854924968712124,0.0007039783922746929,-0.005650369678573973,2460
2023-07-24,0.0006635515980476296,0.0006996062417958695,-0.007152976094300353,2460
2023-07-25,0.0008053681304704913,0.0007099777584641379,0.002192166883113972,2460
2023-07-26,0.0008186879851399478,0.0007013834214713568,-0.00019102968203954068,2461
2023-07-27,0.0008845223891099579,0.0006985586545778116,0.00718723756316644,2461
2023-07-28,0.0007092768436114838,0.0007917681675128866,-0.017230446547707,2460
2023-07-31,0.0006134512280764412,0.0007270723124058734,0.0026230443811642782,2458
2023-08-01,0.0007342468314144898,0.0007042785814258185,0.0037533586939029967,2459
2023-08-02,0.0008527295423696196,0.0007239723329409179,-0.00034018184555309683,2459
2023-08-03,0.0009049284425712419,0.0007411166750961041,-0.00479237471471569,2458
2023-08-04,0.0008836948020516814,0.0007569611891507181,0.000673104031579314,2458
2023-08-07,0.0010019950112562053,0.0007730959736559906,-0.003025832590221523,2458
2023-08-08,0.0009531134446106837,0.0007974760297745381,-0.0005525685225103821,2463
2023-08-09,0.0010215970468915045,0.000787282823014847,0.0035111520937212725,2464
2023-08-10,0.0009377956035717922,0.0008088032129475517,-0.006197068230295694,2463
2023-08-11,0.0006461205973894935,0.0008201174808026404,-0.005852995363593407,2464
2023-08-14,0.0007058718795411891,0.0007449229534614174,0.0028059026493325746,2462
2023-08-15,0.0008041725607400876,0.0007283557519601993,0.0006809992685924423,2462
2023-08-16,0.0007822710911915173,0.0007627214810382745,-0.009117792015971122,2464
2023-08-17,0.0009380433742308791,0.0007711381870925059,-0.009088706482282017,2460
2023-08-18,0.0007881539344707562,0.0008172171145628898,-0.01163840003259119,2460
2023-08-21,0.0007353684544608327,0.0007480065772384749,0.01064114352091175,2461
2023-08-22,0.0007284961019466239,0.0007526862612672799,-0.002838729193785792,2462
2023-08-23,0.0006588377785632204,0.0007589206123120951,-0.007779256474545652,2462
2023-08-24,0.0007831250591780872,0.0007132961699734559,0.007935897050788109,2461
2023-08-25,0.0007310857277387085,0.0007681770674267433,-0.009945093409380802,2461
2023-08-28,0.0006528818366053682,0.0007459955739174431,-0.0013671309113891536,2459
2023-08-29,0.0006927430312119824,0.0007181982051824463,0.0030960541240341467,2459
2023-08-30,0.0005785818407533725,0.0007113355156004288,0.012168002566797032,2460
2023-08-31,0.0008354508864166074,0.0006714746392367332,0.0032789862694079636,2459
2023-09-01,0.0006724734512318059,0.0007132308640726022,-0.004425336835907646,2460
2023-09-05,0.000919929148818614,0.0006850797235994224,-1.4427669222716418e-05,2463
2023-09-06,0.0007593928790222083,0.0007731723211361396,-0.013653116464628296,2462
2023-09-07,0.0008024268386931831,0.0007568588490039581,-0.006663864489279715,2465
2023-09-08,0.0012089974554289876,0.0007530235379766725,-0.00554928783198463,2464
2023-09-11,0.0007999422428696048,0.0007603143903219633,-0.0018528712662020973,2464
2023-09-12,0.0007087618801162294,0.0008147937406179078,-0.004331700215333384,2465
2023-09-13,0.0007020220975171625,0.000762674587594165,0.0003942006296048478,2465
2023-09-14,0.000677378894878537,0.000763949919171306,-0.006641317998502135,2465
2023-09-15,0.0007801176591599909,0.000711218256411525,0.00639928638867702,2464
2023-09-18,0.0007141968737477162,0.0007717299913412239,-0.0066598668474703365,2466
2023-09-19,0.000641443252789721,0.0007563660755773292,-0.006923236073461552,2469
2023-09-20,0.0006889069308409862,0.0007252471161339402,-0.0030150762211622944,2471
2023-09-21,0.0006830327941831489,0.0007486436800897384,-0.010018880003000837,2468
2023-09-22,0.0006245653663330328,0.000751318367773768,-0.007359978011732047,2469
2023-09-25,0.0006487985452888602,0.0007287024373378569,-0.006536166243894037,2472
2023-09-26,0.000733851491359583,0.0007256883297006306,0.005268266211436271,2470
2023-09-27,0.0007155483954210539,0.0007327560323281779,-0.006799154893062486,2471
2023-09-28,0.0008138199495292182,0.0007287348297144152,-0.0020109563915175865,2468
2023-09-29,0.0007446787920726694,0.0007362284335361578,0.005347913426843567,2467
2023-10-02,0.0008577943025372998,0.000745561243892176,-0.009560950393669781,2466
2023-10-03,0.0008716415430987627,0.0008244118175229853,-0.012220128293250756,2467
2023-10-04,0.0008428208994301385,0.0008329441293863345,-0.01072556926253445,2466
2023-10-05,0.000812551251923156,0.000821369428227645,0.0011064289269507063,2467
2023-10-06,0.000946377389892996,0.000809103073931733,0.0004768853960731437,2467
2023-10-09,0.0007539814952634991,0.0008098232138779991,0.01254355061269058,2465
2023-10-10,0.0009042081684206628,0.0007693132645373489,0.008020705597487486,2465
2023-10-11,0.00114721475874738,0.0007859890747450716,0.0069194370119449455,2464
2023-10-12,0.0018514143323587863,0.0008169638205043224,-0.0024052976845095803,2464
2023-10-13,0.0014250653188899712,0.0009624431650252965,-0.018791404398552716,2463
2023-10-16,0.0013653777140981314,0.000989888063886706,-0.009744709965745255,2461
2023-10-17,0.0012025658308562417,0.0009350491139593907,0.00836171653734285,2465
2023-10-18,0.0009072282939147275,0.0008861994606874883,0.014750194935664592,2465
2023-10-19,0.0008154170409534357,0.000885855809539615,-0.014103521067725819,2467
2023-10-20,0.0009609769867453562,0.0008943212630286257,-0.013111609896821553,2467
2023-10-23,0.0009778373474892295,0.0008776311720530524,-0.011887831454619037,2465
2023-10-24,0.0010997345145010275,0.0009334366784573172,-0.005196003107190613,2465
2023-10-25,0.000922261870544351,0.000954412658142894,7.084284036842934e-05,2463
2023-10-26,0.0011026934941791142,0.0009046055214639803,-0.007179309720245222,2467
2023-10-27,0.0011101836637153408,0.0009329281099409216,-0.0001203308962320265,2464
2023-10-30,0.0009871006982633305,0.0009532895808922972,-0.0131866864971763,2465
2023-10-31,0.0009946445338777014,0.0009377486304574269,-0.00036243922578567037,2464
2023-11-01,0.0010621355505663042,0.0009119285180059961,0.006145350235534761,2461
2023-11-02,0.0012687774585906423,0.000924877437398721,0.0024613234502125214,2462
2023-11-03,0.0011694788566696114,0.0009613337621762206,0.01269859250674285,2464
2023-11-06,0.0009586784818711827,0.000946105874439314,0.01041641204797149,2464
2023-11-07,0.0009851681460823017,0.0009710688423501227,-0.01022820625031993,2462
2023-11-08,0.0010250363273438966,0.0009472902016020244,-0.001528413537377174,2460
2023-11-09,0.0014723251105552475,0.0009461408186590898,-0.00820180948231111,2456
2023-11-10,0.0013460912335662714,0.001059168454723582,-0.01881696808568715,2454
2023-11-13,0.0011970012282494003,0.0010147882950137818,0.0030077284460474185,2454
2023-11-14,0.0013392311414253326,0.0009824652482075412,0.0026379951675461542,2456
2023-11-15,0.0010973707581084517,0.000993890211742853,0.01831333730120963,2457
2023-11-16,0.0009798518857385514,0.0009430087707337644,0.004479122509291809,2458
2023-11-17,0.0009020834238157261,0.0009283533710340991,-0.009281832544507465,2459
2023-11-20,0.0008870190053803064,0.0008740630189367904,0.0040810231089187,2460
2023-11-21,0.0008577179555336085,0.0008688757159980891,0.005257204897606174,2458
2023-11-22,0.000749256291878772,0.0008395731192307892,-0.0060010481918203375,2459
2023-11-24,0.0005486291334496277,0.0008260852805010423,0.00014816102767284663,2457
2023-11-27,0.0007748789975708571,0.0007478120974594285,0.007598347257783232,2454
2023-11-28,0.0008873516769971544,0.0007785622201870493,-0.0008075190598030974,2455
2023-11-29,0.0009377041030610694,0.0008249231577844285,-0.0015863473858893152,2454
2023-11-30,0.0014136982280884233,0.0008231188347442552,-0.0008747488108790592,2452
2023-12-01,0.001163761665349585,0.0009073336357604185,-0.0007039803892855699,2453
2023-12-04,0.0009578851053363152,0.0009126489689959305,0.02423799286992996,2452
2023-12-05,0.0007892826193292451,0.0008897097217140911,0.01087991699168559,2451
2023-12-06,0.0009708885689150512,0.0008348050724385713,-0.008422261903702656,2453
2023-12-07,0.0009840177590134365,0.0008634990303995675,-0.0065106718671653395,2455
2023-12-08,0.0007725422709385625,0.0008513617524638883,0.0045532896027679634,2457
2023-12-11,0.0009152222700867093,0.0008116213384529087,0.0051275332178709375,2458
2023-12-12,0.0007769630898455217,0.0008336291476782759,-0.00015390209875054613,2460
2023-12-13,0.0014981425859405583,0.0008237671658513952,-0.003916321233826643,2459
2023-12-14,0.0011491409362541143,0.0009267881390787575,0.02677330208977999,2459
2023-12-15,0.0009827779905067884,0.0009720165775969003,0.00758106384182963,2462
2023-12-18,0.0010345874032352592,0.0009229416434356322,-0.009132767668457104,2462
2023-12-19,0.0008988435742261512,0.0009146089281487506,-0.004885027824314546,2462
2023-12-20,0.001137388274650451,0.000890563125047915,0.01055133526317416,2461
2023-12-21,0.0007987763217970493,0.0009678392311035731,-0.013291572224735742,2463
2023-12-22,0.0008261601527222663,0.0008730479177272099,0.0049011362812787455,2463
2023-12-26,0.0006768713566591785,0.0008673311360346826,0.0043596009615509135,2465
2023-12-27,0.0007172113720802496,0.0008206609563364199,0.008146165927257164,2468
2023-12-28,0.000800505954946981,0.0008482497651842828,0.002051877522164719,2470
2023-12-29,0.0009430043466934632,0.00083061442687567,0.002219965468479549,2470
2024-01-02,0.0009880523169435694,0.0008492973209494764,-0.008104199492609586,2471
2024-01-03,0.0008582462631606865,0.0008714613766692561,0.0016267037365691665,2474
2024-01-04,0.000762007346911932,0.0008903644027031018,-0.013168538096281754,2473
2024-01-05,0.0008042195153956801,0.0008441990690447087,-0.0026109115844105335,2471
2024-01-08,0.0008087784488896973,0.0008358227958554708,0.002423833012532382,2469
2024-01-09,0.0006250948477056833,0.0008301731748729356,0.013017526980684235,2468
2024-01-10,0.0006596282417088464,0.0007847715895684115,-0.0007277620474229517,2470
2024-01-11,0.0008487033095018483,0.0007660205551242941,0.0003079457727441604,2466
2024-01-12,0.0007256102302561137,0.0008118233368416007,-0.005511459034648574,2465
2024-01-16,0.0007461021993230735,0.0008238062816416748,-0.009840326705865243,2468
2024-01-17,0.0007051969233223889,0.0008487860975750675,-0.005787205384764305,2469
2024-01-18,0.0006788731886168266,0.0008105755159985091,0.0016914150773048313,2471
2024-01-19,0.0007398860503994573,0.000803537514765117,-0.0012461901490817197,2470
2024-01-22,0.0008156888740042193,0.0007876875121633107,0.0037895376188938064,2471
2024-01-23,0.0007123113757387965,0.0007867726560022366,0.009753830736124437,2472
2024-01-24,0.0007158721854024277,0.0007688179841277289,-0.006365627174099347,2471
2024-01-25,0.0008516295152946245,0.0008228198325518767,-0.014534977887885447,2473
2024-01-26,0.0007651619813838677,0.0008263934631977305,-0.0005340812195476955,2472
2024-01-29,0.0008405279353477955,0.0007935748320457869,-0.0016922852039533785,2472
2024-01-30,0.0007019727438720632,0.000801858652756336,0.009790204156220582,2471
2024-01-31,0.0010336875018048602,0.0007738827273233326,-0.0013892892827416612,2468
2024-02-01,0.0011035547383892903,0.0008759012789990495,-0.017130709058372152,2467
2024-02-02,0.0009057503897189876,0.0008903197409549342,0.005592687631273729,2470
2024-02-05,0.0008073398410192719,0.0008421621586405879,0.002084792220743296,2470
2024-02-06,0.0009516336225754609,0.0008681126961942322,-0.006531251079671582,2471
2024-02-07,0.0009807510841842088,0.0008806549023405795,0.006936292195687621,2470
2024-02-08,0.0008587096425675758,0.0008762719962729644,-0.005348995998774823,2470
2024-02-09,0.0007759074113879722,0.0008283981513750658,0.007637794854699407,2471
2024-02-12,0.0010237946198837307,0.000801760187442289,0.007867781114772023,2473
2024-02-13,0.0011265111098127088,0.0008404303988140597,0.012428968452488634,2473
2024-02-14,0.0009985233253483757,0.0008867832476961285,-0.011980410623356356,2472
2024-02-15,0.0010389304254007174,0.0008589868408925721,0.008634521606004406,2472
2024-02-16,0.0009127790556464838,0.0008535428269593511,0.01230117811189896,2473
2024-02-20,0.0010324818333947241,0.0008352321142228461,-0.0027195787969040144,2473
2024-02-21,0.0010344417703651836,0.0008709005815203706,-0.002384609605164179,2476
2024-02-22,0.0009258776270464268,0.0008844513481645181,-0.0005134397051429053,2478
2024-02-23,0.0010514196996670906,0.0008538043507406737,-9.50453199831658e-05,2476
2024-02-26,0.001027183806660538,0.0008550141328792918,0.0021214785281907945,2477
2024-02-27,0.0008832604007164641,0.0008236401593082344,0.003179329279446587,2477
2024-02-28,0.0010232047937840049,0.0008513175790849533,0.0021442511211731603,2478
2024-02-29,0.0011569793250087359,0.0008253643872029293,-0.0018882578303938335,2477
2024-03-01,0.0009811016114482784,0.00087160636746077,-0.0031609894525276064,2476
2024-03-04,0.000976033700493125,0.0008533691685078737,0.0055435933767909035,2476
2024-03-05,0.0009204568751302856,0.0008811935489348814,-0.006043092237045567,2480
2024-03-06,0.0010616585416640411,0.0008717345980079447,-0.0027652981210381346,2481
2024-03-07,0.0008054303104081423,0.0008792209375439695,-0.00146710722574484,2479
2024-03-08,0.0008915439596292936,0.0008337900031736383,0.0009034650934351094,2480
2024-03-11,0.000789787300184553,0.0008328261153335149,-0.005699524875019834,2481
2024-03-12,0.0008231756179912006,0.0008419735962097742,-0.0016273587712314732,2479
2024-03-13,0.0008295108280086881,0.0008232923691773724,-0.002397462813031824,2479
2024-03-14,0.001000800053030598,0.0008437118035666051,0.0009707856339620927,2479
2024-03-15,0.0011108199075227903,0.0009089852083873175,-0.014268579935585776,2478
2024-03-18,0.0011405171841156595,0.0008829057559757801,0.007428916286454961,2478
2024-03-19,0.0008087101150675416,0.0009207646896683668,-0.0056236831985181516,2479
2024-03-20,0.0009403418279332104,0.0008353087799772225,0.006997276910809932,2480
2024-03-21,0.0007883293134286082,0.0008645857410088851,0.017492376377670416,2480
2024-03-22,0.0006911561404101645,0.0008097961329639426,0.0014057624563090518,2485
2024-03-25,0.000741157197210292,0.0008135200132287599,-0.008059965073510448,2485
2024-03-26,0.0007459449281906201,0.0007841027788581735,-0.0027800807697417047,2483
2024-03-27,0.00084596029045975,0.0008023094232162659,-0.007622709930986522,2486
2024-03-28,0.0008853812880715867,0.0008067205220823164,0.013471763175213682,2486
2024-04-01,0.000921432660990784,0.0008093672694619139,0.003726359088445853,2485
2024-04-02,0.0008915517715327183,0.0008157687191058532,-0.008581292683790986,2485
2024-04-03,0.0009584120034851792,0.0008160689070925231,-0.003022064937507336,2485
2024-04-04,0.001015060284297484,0.0008258549673427218,0.007343786426823865,2483
2024-04-05,0.0008764844432149282,0.0008582049208341188,-0.016430333957668165,2483
2024-04-08,0.000883522785228267,0.0008144433171699381,0.00454858961970571,2483
2024-04-09,0.0009545172394692971,0.0008066904910335303,-0.00018688188486014993,2483
2024-04-10,0.0009564159953658713,0.0008271424646585457,-0.0004075089727530364,2481
2024-04-11,0.0008783600620298988,0.0008748385728655355,-0.0052042930922283044,2481
2024-04-12,0.0008507153449139732,0.0007896367799033725,-0.0020733637018231074,2479
2024-04-15,0.0012467280741488608,0.0008601707011566017,-0.014166547285321945,2478
2024-04-16,0.001238339846833294,0.0009770574329039106,-0.018579593312291857,2479
2024-04-17,0.0011634563901636028,0.0009410798651445596,-0.0024430358988703736,2479
2024-04-18,0.0009403780255715412,0.0009784551125922053,-0.011289650527698996,2484
2024-04-19,0.0008021564406726642,0.0009359616683679234,-0.004222619727497825,2484
2024-04-22,0.0008348711897341402,0.0008737435771888285,0.007232287486529707,2483
2024-04-23,0.0008935307563091734,0.0008508118410089483,0.0032500931782559477,2484
2024-04-24,0.0008340530895696426,0.0008534418728128091,0.01207872402585446,2484
2024-04-25,0.00091908404278956,0.0008286600918523925,-0.0002929446472803718,2483
2024-04-26,0.0008175364290354746,0.0008178602238428094,0.0017669460798904139,2481
2024-04-29,0.0007762493575640381,0.0007924891962246015,0.004419065501889151,2479
2024-04-30,0.0009567166446201057,0.0007963630096137408,0.0029683175350689985,2476
2024-05-01,0.0012849619545100357,0.000848313321885977,-0.009798891554204015,2475
2024-05-02,0.0011774806558458469,0.000892971331801609,0.003082727240403735,2475
2024-05-03,0.0010200898370741548,0.0008831021084389677,0.003978445133177368,2474
2024-05-06,0.000819786398342405,0.0008614553032826338,-0.004102304218883087,2473
2024-05-07,0.0008326571034713125,0.0008462742836566635,0.0028768406953162823,2474
2024-05-08,0.0008469473728894267,0.0008270455752509408,-0.002945185550828873,2474
2024-05-09,0.0009213045635136581,0.0008054049874543452,0.004995100855612179,2473
2024-05-10,0.0009198925556983541,0.0008112257198401058,0.007966569474851191,2471
2024-05-13,0.001015313840577255,0.0008168596564331698,-0.0078032926653322605,2472
2024-05-14,0.0010589695467887268,0.0008369591505190231,-0.002786585140089816,2472
2024-05-15,0.0009417001262175777,0.0008701392082213263,0.0015091026472973472,2474
2024-05-16,0.0010643557679987019,0.0008305605253463663,-0.002262492147832295,2473
2024-05-17,0.0012684676800580924,0.0008544042979689841,0.0003659466622183587,2472
2024-05-20,0.0009447680297955158,0.0009108663431000373,-0.0030834280592669156,2472
2024-05-21,0.0008997276929075922,0.0008823547131524742,-0.0010230685995576859,2472
2024-05-22,0.0008642674498361867,0.0008250925885428193,-0.00022687156717179113,2471
2024-05-23,0.0009587293451575641,0.0008504229123827316,-0.0033026755714185923,2473
2024-05-24,0.0007552150859959895,0.0008627755536568508,-0.018976068037396657,2475
2024-05-28,0.0012405741815251928,0.0008222832654918635,0.0029573047368552283,2475
2024-05-29,0.0008193739369045817,0.0008784518622330739,-0.007070226163170545,2476
2024-05-30,0.0012906794390878675,0.0008476057808383001,-0.0028763559890824745,2475
2024-05-31,0.0010311778322120285,0.0008751343055158027,0.005742012113401463,2473
2024-06-03,0.0010215749410699606,0.0008478775763002394,0.005329204820395175,2473
2024-06-04,0.0008786429171228851,0.0008689123224176627,-0.010470261982127837,2472
2024-06-05,0.0009078737991909697,0.0008302473448739287,-0.006247979414334156,2473
2024-06-06,0.0009069234705139634,0.0008358643686293938,0.004574177942951172,2474
2024-06-07,0.0009208186279129814,0.0008671750086995565,-0.0013212884407810695,2473
2024-06-10,0.000911668653561391,0.0008335910436862656,-0.0038709188720739995,2474
2024-06-11,0.0009572078641009896,0.0008339818642211622,0.006283130346785597,2474
2024-06-12,0.0012296901078249003,0.0008599331712977119,0.0019470159722075073,2471
2024-06-13,0.0010030034881311233,0.000942708971442486,-0.008337700935772472,2471
2024-06-14,0.0008467048272822063,0.0008642294619783446,-0.005899386912006656,2471
2024-06-17,0.0011515365040398885,0.0008639076946809284,-0.004681070908448982,2471
2024-06-18,0.0010098030340900282,0.0008619074054249736,0.005932627813777503,2473
2024-06-20,0.0008971514109342463,0.0009178953849011646,-0.003210383682297279,2475
2024-06-21,0.0008121883441966437,0.0008813277194203075,0.0005521071142821984,2474
2024-06-24,0.0007881103976015533,0.0008442994343494131,0.0008249467165569188,2475
2024-06-25,0.0007798695258755658,0.0008509900667582028,0.0025230695163256885,2476
2024-06-26,0.0007916731725383166,0.0008457223201298873,-0.006850008718786338,2475
2024-06-27,0.0008142116370362193,0.0008231703571131978,0.004448406587396004,2476
2024-06-28,0.001245706021896772,0.0008140695256998701,0.0028209065917400877,2476
2024-07-01,0.0009885864927474063,0.0008571834932200663,-4.0251883982486296e-05,2475
2024-07-02,0.0007239858528565718,0.0008888572287944042,-0.010849847724146468,2476
2024-07-03,0.0008744133058647685,0.000829614721164129,0.0015258957170318885,2476
2024-07-05,0.0008116767518699578,0.000782780612202132,-5.015084176973413e-06,2473
2024-07-08,0.0006982596911653098,0.0008011496099649303,-0.0042439208818489315,2473
2024-07-09,0.0009559052619853999,0.0007760951552562629,0.0004913174088373108,2476
2024-07-10,0.0010443699662109598,0.0007913342828865063,-0.0019333879381611332,2475
2024-07-11,0.0009919369098992056,0.0008223194515338254,0.006923788726403125,2477
2024-07-12,0.0008331348324261128,0.0008404804397907297,0.014985970175455963,2476
2024-07-15,0.0009020083588970162,0.000804910968594057,0.003384620399190391,2477
2024-07-16,0.0008722665516618396,0.000801360074164467,0.0035146079830642367,2477
2024-07-17,0.0009125949847414407,0.0008273526375957908,0.020765578056133504,2478
2024-07-18,0.0011673259012876867,0.0008363659665785207,-0.00015849913291931644,2478
2024-07-19,0.0007622607630565695,0.0009005695536333805,-0.013934252575616821,2477
2024-07-22,0.0008759885880518649,0.0008296988115535096,-0.007576885625123559,2477
2024-07-23,0.001251234596978406,0.0008458046483702537,0.008813992697539819,2478
2024-07-24,0.0011287371472244905,0.0008713889027114094,0.008387789891836965,2478
2024-07-25,0.0012387894684870277,0.0008872037473950233,-0.01297614061451825,2478
2024-07-26,0.00079762964948001,0.0009173099543346103,0.0064578586536221455,2477
2024-07-29,0.0007902230185716901,0.0008421883651010987,0.00354628150100025,2476
2024-07-30,0.000904061945491008,0.0008507378356758177,-0.008815392154708295,2478
2024-07-31,0.0011422779950548863,0.0008830495666156511,-0.0028667233330039905,2480
2024-08-01,0.0015327691267831868,0.0009079115003667086,-0.0003376737233109394,2480
2024-08-02,0.0012671433279774847,0.0011194124436842018,-0.02481712380548016,2481
2024-08-05,0.002152266475269661,0.0010812957010453322,-0.008812683367813249,2482
2024-08-06,0.001253987881999044,0.0012004274566651707,0.011748535515095325,2484
2024-08-07,0.0013439274403186014,0.0010840325414109126,0.0059375058624744825,2486
2024-08-08,0.0012169722494297813,0.0012437674387097122,-0.024508936408670093,2486
2024-08-09,0.0009714256181377168,0.001075304868996785,0.010789709645000967,2485
2024-08-12,0.0009869639997023623,0.0010300938807468831,-0.003826012015147748,2484
2024-08-13,0.000858739273923988,0.0010333681028954086,-0.008428988114516733,2484
2024-08-14,0.0008304815084648572,0.0009402497509100015,0.008487045645791823,2486
2024-08-15,0.0010082767229776324,0.000920102437055938,-0.005728519395181014,2484
2024-08-16,0.0007334921654115068,0.0009205448400931966,0.005637846415997574,2485
2024-08-19,0.0007420298817588812,0.0008514498074952686,0.005361028382665571,2485
2024-08-20,0.0007875728603675341,0.0008458192433205782,0.0097353666469639,2487
2024-08-21,0.0007374047866855559,0.0008645191499169662,-0.008441212506505471,2490
2024-08-22,0.0007422110725943304,0.0008167923674519238,0.005754746711900981,2490
2024-08-23,0.0009271785566386012,0.0008231265642945633,-0.00907534144686567,2493
2024-08-26,0.0006583277852573244,0.0008319967109572505,0.018010185635346305,2493
2024-08-27,0.0007710434162020029,0.0007942235150877714,-0.006117508571659388,2493
2024-08-28,0.0006820668459926898,0.0007616226053912842,-0.001479738263347484,2494
2024-08-29,0.0007439177484392073,0.0007678116784714344,-0.004254911024548105,2494
2024-08-30,0.0006824668745575304,0.0007694164547855835,0.00013557882475733317,2493
2024-09-03,0.0009580384107420836,0.0007668024079987101,0.0017629966862326635,2493
2024-09-04,0.0007741008859035134,0.0008834252140721404,-0.01797668729587311,2495
2024-09-05,0.001106862772654912,0.0008010342424069838,0.0003451861448225519,2496
2024-09-06,0.0009607949545474989,0.0008222698801766048,-0.005945227143920899,2496
2024-09-09,0.0009195774801002123,0.0008709988935544173,-0.016158846969784386,2494
2024-09-10,0.0009073259345542794,0.000856129435661455,6.241238690280209e-05,2494
2024-09-11,0.0010027139341706778,0.0008479759702808248,-0.001029200164029422,2495
2024-09-12,0.000984854464359616,0.000885152012554274,0.006193992214223302,2494
2024-09-13,0.0009144912297076427,0.000901371574248148,0.006161305314723115,2494
2024-09-16,0.0007899150584511956,0.0008671069648377035,0.010052689993195418,2494
2024-09-17,0.001607778392699434,0.0008413699007999566,-0.00038904870853507064,2495
2024-09-18,0.0013947967584967238,0.0010624324392689143,-0.0006926741548037519,2495
2024-09-19,0.0008814919619805021,0.0009017905730207156,-0.003156331491161889,2495
2024-09-20,0.0008697324374944376,0.0008630326721274137,-0.0034666826966741767,2495
2024-09-23,0.0007920459644081329,0.0008619898975365276,-0.005649709651919225,2496
2024-09-24,0.0007461938439257572,0.0009223245309444193,-0.005543057344477519,2495
2024-09-25,0.0006921277969591396,0.0008535922650608215,-0.0018433787733443065,2496
2024-09-26,0.0007814793217317623,0.0008306232949375936,-0.010048222092758116,2500
2024-09-27,0.0007326951118400594,0.0008226143108575679,-0.00016900518875992765,2502
2024-09-30,0.0008194342339360613,0.0008031905236163064,-0.0010513055326597492,2502
2024-10-01,0.000915247643588241,0.0008238086039704459,0.002795002718849487,2502
2024-10-02,0.0008126316469024266,0.0008655643058063005,-0.01006802578587069,2502
2024-10-03,0.0006871773911289772,0.0008219736093750369,0.001139600239469886,2503
2024-10-04,0.0007817365905548287,0.0007871490537840321,-0.001313674658369077,2504
2024-10-07,0.0008918688604856459,0.0007919033783492948,0.0016952348897789785,2509
2024-10-08,0.0007503470814048227,0.0008250284751518425,-0.00508242370419346,2509
2024-10-09,0.0007202519545410475,0.000800916969796298,-0.001704604639217331,2509
2024-10-10,0.0006543334906238684,0.0007810583244417966,0.003501078533996806,2512
2024-10-11,0.0006553955850514664,0.0007610229662248083,0.0014648582342966655,2511
2024-10-14,0.0006540253591352601,0.0007540513970763086,0.014601571536404522,2510
2024-10-15,0.0008695997600599512,0.0007407076184220205,0.0035718504158909255,2510
2024-10-16,0.0010382626294877296,0.0007823697388784799,-0.0016553872428497758,2508
2024-10-17,0.000718158674941246,0.0007949241717714586,0.007947639227593098,2508
2024-10-18,0.0008298790949865254,0.0007738329292185473,-0.002129127221591942,2508
2024-10-21,0.0009326032674519701,0.0008040067009061466,-0.00041610955995238997,2509
2024-10-22,0.0007309971941778726,0.0008393559140954619,-0.011706931951170346,2510
2024-10-23,0.0008820496808977266,0.0007717704252002238,-0.0010630391726558406,2511
2024-10-24,0.0008578586385235307,0.00078371872263835,-0.004382412327968622,2510
2024-10-25,0.0008867532482542913,0.0007844088352321517,-0.003102831956873211,2508
2024-10-28,0.0007405872151658346,0.0008121055871288278,-0.007575505774869281,2510
2024-10-29,0.000881351907251615,0.0007734167994593946,0.006972110745421282,2510
2024-10-30,0.0008899562432156477,0.0007897200370630597,-2.3617430529698875e-05,2509
2024-10-31,0.0009428260848503482,0.0008077678035227729,0.0005543494703144006,2510
2024-11-01,0.000865920636783174,0.000833674090527506,-0.013672751909130894,2510
2024-11-04,0.0010552847357983442,0.0008325249285515857,-0.003825849280618841,2509
2024-11-05,0.0009843718424123531,0.0008439863098688436,0.0016187626298336047,2507
2024-11-06,0.0014648919401097644,0.0008302745734688137,0.014857832889245826,2507
2024-11-07,0.001224682457862245,0.0009156056075029617,0.007895670098104967,2508
2024-11-08,0.0011807220550602681,0.000888965993974759,-0.003158085134526133,2508
2024-11-11,0.0010170850718786264,0.0009065801557800751,0.002224375118300768,2508
2024-11-12,0.001219419356091384,0.0008973275474826766,0.0017450579529511613,2509
2024-11-13,0.0015188298395685208,0.0009407438504512572,-0.008381029368406567,2511
2024-11-14,0.0013498371133691073,0.0010350313020577773,-0.010590578486027288,2511
2024-11-15,0.0011766019147440125,0.001047890249679361,-0.010618665323365863,2510
2024-11-18,0.001049878886475648,0.0011126593293022012,-0.014397823493188017,2510
2024-11-19,0.0008430785324538274,0.0009897937584574655,-0.0007822153414945288,2511
2024-11-20,0.000913388948628034,0.000913658422814082,0.009266749343997106,2511
2024-11-21,0.0010211161279821712,0.0009009384183975035,0.0019221371826734013,2513
2024-11-22,0.0009489708855501899,0.0009115584769842665,0.009615927608523854,2513
2024-11-25,0.0011620282938672036,0.0008960778116646307,0.011165318051197758,2513
2024-11-26,0.001085368997493915,0.0009444013876960418,0.004067924446011147,2514
2024-11-27,0.0007946958228918795,0.0009019157334338095,-0.00326560939472093,2514
2024-11-29,0.0005972815962905209,0.0008557559949059176,-0.0017540278201160905,2511
2024-12-02,0.0010190101396215818,0.0008051910309844625,0.0009504832450560785,2509
2024-12-03,0.0009443758299972592,0.0008763214942493768,0.0006728093497095963,2511
2024-12-04,0.0009785222703609594,0.0008582378333175843,-0.0062821528457079855,2513
2024-12-05,0.0009348067811851011,0.0009160782505213946,-0.0010336024085311193,2513
2024-12-06,0.0008984726861981662,0.0009087990569734173,-0.008824169416252517,2512
2024-12-09,0.0011606737628663195,0.000877014818704112,-0.004109683491369561,2513
2024-12-10,0.0009955394484184035,0.0009508926248184383,-0.004749763905300082,2513
2024-12-11,0.000951472495550076,0.0009171058195712985,-0.004745839101566877,2514
2024-12-12,0.0009435650144818112,0.0008922884288928443,-0.004292788258358504,2514
2024-12-13,0.0008442963367435462,0.0009157504047182154,-0.008815429478545841,2514
2024-12-16,0.0010605641243447259,0.0008889001476993713,-0.006117628997095649,2513
2024-12-17,0.0011649184682882279,0.0009294766649539741,6.608061301438518e-06,2513
2024-12-18,0.0019172177167219927,0.0009656150722706299,-0.0035233781004491973,2513
2024-12-19,0.0015725107638095803,0.0013247833734332563,-0.03963178196217523,2515
2024-12-20,0.0016077435000307393,0.0012406177267600433,-0.012836439398354212,2516
2024-12-23,0.0012508851854882103,0.001134782708406521,0.016111668048355808,2518
2024-12-24,0.0005930133898080245,0.0010433712719921109,0.0023122804506566265,2519
2024-12-26,0.0009689863084073071,0.0008947840240567594,0.007585732441393441,2516
2024-12-27,0.0012070804314070686,0.0009377622946586361,0.013280347777153008,2518
2024-12-30,0.001425552973275993,0.000962861765955251,-0.004181346341024711,2519
2024-12-31,0.0013923449863499473,0.001015868685907446,0.0020939194484417205,2520
2025-01-02,0.0015966851955591405,0.0009983262442912644,-0.0026153743965846754,2524
2025-01-03,0.0013650064133074078,0.0010897035370264773,-0.004088257875404437,2525
2025-01-06,0.001578698422784605,0.0010783382012733468,0.009200313003950971,2526
2025-01-07,0.0013762438000934252,0.0010946885656072133,-0.005661708922341551,2530
2025-01-08,0.0016114400015025238,0.0010961542292725287,-0.010298125946395977,2531
2025-01-10,0.0013135944221919834,0.0011167981315083134,-0.0028813957634283454,2531
2025-01-13,0.0015546631645482335,0.0011524072843491278,-0.009350801134785038,2530
2025-01-14,0.0013594583325867474,0.001162725073165559,0.0071345891816870675,2530
2025-01-15,0.0012005656820150213,0.0010971382370060308,0.0009558886464825461,2530
2025-01-16,0.001088242938189334,0.001064951920131709,-0.0034352321895049554,2531
2025-01-17,0.0008212381532998747,0.0010106538493801726,0.0017644343123368754,2530
2025-01-21,0.00117759829257445,0.0009614706603282972,-0.002328927605519639,2530
2025-01-22,0.0010581834385330147,0.0009593153442042539,0.00613844120797301,2531
2025-01-23,0.0009034721429432511,0.0009668126892416697,-0.00618053347105036,2532
2025-01-24,0.0008303558413967635,0.0009357840653629381,0.006854700195196371,2532
2025-01-27,0.0012064061578586373,0.0009301411152791928,-7.318206706220197e-05,2533
2025-01-28,0.0009942547642097196,0.0010159308968193442,-0.001351096071114984,2533
2025-01-29,0.0008413141504716315,0.0009638603185750725,-0.002312513958415943,2533
2025-01-30,0.0009756866176728024,0.0009280618972781964,-0.0025728439392415283,2533
2025-01-31,0.0010573329116879036,0.0009354518448991343,0.001584048184436879,2533
2025-02-03,0.0012796453200386347,0.0009617085483421916,-0.009335425745935643,2535
2025-02-04,0.0007633562344925024,0.0010197737441044472,0.007111627147375732,2536
2025-02-05,0.0008343117531900168,0.000920550795408859,0.011410489028690952,2538
2025-02-06,0.0009728535680068441,0.0009126973153745079,0.004732993744958211,2537
2025-02-07,0.0009309776986378106,0.0009450059460347188,-0.005050552533676204,2536
2025-02-10,0.0009355008591593726,0.0009674720600454317,-0.012610291260136764,2536
2025-02-11,0.0010462830673247153,0.0009590993645333868,-0.002607389650181809,2539
2025-02-12,0.0009004564151198181,0.0009716991715821511,0.002581939748607159,2539
2025-02-13,0.0009381152134819501,0.0009281195186074925,0.004734256051013271,2540
2025-02-14,0.0009319805601744407,0.000915058634558999,0.006798993209725786,2543
2025-02-18,0.001053810371333045,0.0009076287097278649,-0.00442799042612194,2544
2025-02-19,0.000984430915372238,0.0009436069759337335,0.0015584341153877042,2545
2025-02-20,0.00106178710317811,0.0009198392900577924,0.0016025201487593552,2546
2025-02-21,0.0011254056208781363,0.0009298414465227884,-0.005865025758493145,2548
2025-02-24,0.001171395121863935,0.0010619953856171635,-0.026177799397102793,2550
2025-02-25,0.0013971097384640582,0.0010754847141746834,-0.01159621320097909,2552
2025-02-26,0.0012048038505797836,0.001101948270739814,-0.005664684575456486,2552
2025-02-27,0.001120532977998731,0.0010906009835447567,-0.0026168628659324874,2553
2025-02-28,0.0010262297419082905,0.0011473063840999724,-0.014835632321412703,2553
2025-03-03,0.0017246646266570428,0.0010097609322390624,0.009288101353594222,2555
2025-03-04,0.0018118387339881275,0.0013735560942535626,-0.030180350975018956,2558
2025-03-05,0.0010785793571600588,0.0012863315592389,-0.001336614867272388,2559
2025-03-06,0.0010496084565655365,0.0011154816836919834,0.011169778070663243,2559
2025-03-07,0.0013802311814426686,0.0010832966816972823,-0.00021123272264988798,2560
2025-03-10,0.00144104418622234,0.0011389280205440695,0.008092518031273607,2559
2025-03-11,0.0012597455454548359,0.001250633100670403,-0.016440414863514257,2560
2025-03-12,0.0012030346783981334,0.0011935851847747249,-0.004040347740636635,2560
2025-03-13,0.0013523795530798544,0.001206836461398142,-0.005000191155504747,2560
2025-03-14,0.0010266954973246218,0.001271549210059972,-0.014350837757763395,2560
2025-03-17,0.001070891708846319,0.001109317513831561,0.01174675193451527,2561
2025-03-18,0.0009730432297516895,0.0010763730737186185,0.01277284407334725,2561
2025-03-19,0.0008664921911085364,0.0010184872732467419,-0.004390857375827475,2562
2025-03-20,0.0008756205668321344,0.0009868186306860476,0.009478983056467499,2562
2025-03-21,0.0011278481905873743,0.0009639998908517159,0.00253289020502981,2561
2025-03-24,0.0010527569676267233,0.0010087032026613854,0.0026430150593432806,2561
2025-03-25,0.0008861814221611081,0.001002276548832085,0.005649101774115367,2561
2025-03-26,0.0008839370014783826,0.0009562369997874662,-0.008021363833440003,2560
2025-03-27,0.0009005291216290397,0.0009718385199450452,-0.008077607232051894,2561
2025-03-28,0.0011485536298877824,0.0009425485515168929,0.00015859829141551555,2561
2025-03-31,0.0013164773696556368,0.0010375457968944735,-0.019181684512392584,2564
2025-04-01,0.0011188850197837142,0.0010440409354242816,0.005257885102168264,2564
2025-04-02,0.0012933516076927812,0.0010413267522423855,0.001551230652711245,2563
2025-04-03,0.0017355252142776253,0.0010387563920439406,0.0209622795205277,2563
2025-04-04,0.0030124219956556317,0.0012039108384795463,-0.02335698667431237,2564
2025-04-07,0.005950029319012643,0.0014769905885931244,-0.01838376190831431,2567
2025-04-08,0.0038075395023240526,0.0018981930657791513,0.02125317859245991,2567
2025-04-09,0.005867855650417603,0.002613514697403029,-0.05829134858984171,2567
2025-04-10,0.0022958706831395824,0.002829605920320904,0.08480326272332372,2567
2025-04-11,0.001718941231480586,0.0021316827386327368,-0.019487636523077372,2566
2025-04-14,0.0013701820820413257,0.0016540490589387418,0.01498300775901908,2564
2025-04-15,0.0010897292391694761,0.0015069536879943203,-0.0028391724144720028,2563
2025-04-16,0.0011805954162268284,0.0013432266555852418,-0.00031145352116595946,2561
2025-04-17,0.001098747916829205,0.0013664608734552058,-0.004916777930271715,2562
2025-04-21,0.0013138952143157657,0.0013232308176952025,0.007945722615089393,2563
2025-04-22,0.0012840584766898187,0.0013554255568533414,-0.010070359616558233,2563
2025-04-23,0.0013250235107592047,0.0012553882981800354,0.01350711282157084,2562
2025-04-24,0.0011971716829480808,0.0013059436508448686,-0.008985318132904105,2565
2025-04-25,0.001102980780858071,0.001257357290561265,0.017734342313641512,2565
2025-04-28,0.0011362247831005357,0.0011997206803821877,0.004949289971081286,2564
2025-04-29,0.000849013531794522,0.0011710292875835623,0.0018420314579398866,2561
2025-04-30,0.001203410414369159,0.0010755961580706805,0.005893666701171582,2561
2025-05-01,0.0010510717305287926,0.001111331195552819,0.008480515598042845,2561
2025-05-02,0.0013550831895746845,0.0010893949162818295,-0.0013756600170110435,2561
2025-05-05,0.0009798216557543118,0.0010902637127667722,0.00837857331099609,2561
2025-05-06,0.0011938193340655758,0.0010777651741737224,-0.0017178413382419485,2560
2025-05-07,0.0010737822691408397,0.00110868387830939,-0.002404613580883552,2558
2025-05-08,0.0015973060259435133,0.0010575909883395978,-0.0024511270449417977,2560
2025-05-09,0.001062592301736981,0.0011111048338535913,0.008706208160684927,2561
2025-05-12,0.0016146907364996959,0.0010770522576959225,-0.002113257931326053,2561
2025-05-13,0.0013932867908583477,0.0011419882544449517,-0.001549634783841296,2561
2025-05-14,0.001153311343052777,0.0011463012190458634,0.0010167779097467616,2560
2025-05-15,0.0011184945553478016,0.0011683200218675714,-0.006692753319184107,2560
2025-05-16,0.0009733586282714252,0.0011199306792650937,0.008340731729302844,2561
2025-05-19,0.0007779499592404409,0.0010435570329507902,0.007335673932656739,2562
2025-05-20,0.000721429227815918,0.00097747504964615,0.010189390701564214,2561
2025-05-21,0.0009929227705795483,0.0009434124504263341,0.0011507394598611225,2561
2025-05-22,0.0008827899651250555,0.0010496426520468535,-0.016860698289147782,2561
2025-05-23,0.0008447152551565539,0.000974867472582348,0.0024944065811686403,2564
2025-05-27,0.0011355815392944002,0.0009540574178546254,0.010481318324999002,2564
2025-05-28,0.0010031355912491294,0.0010051541507121503,0.009217120739932127,2564
2025-05-29,0.0012415322566038266,0.0010149374771016915,-0.009678529600188541,2564
2025-05-30,0.0009296560802422275,0.001094078517030476,-0.0015508495050796428,2565
2025-06-02,0.001743912500269914,0.0009474867037933942,-0.0014342417946417905,2564
2025-06-03,0.0011005854112279654,0.001069695612179973,6.543720562856884e-05,2562
2025-06-04,0.0009167143154197865,0.0010725342079906846,0.012143595658514526,2560
2025-06-05,0.001153698045400849,0.0009859025859172874,-0.002299155778596896,2562
2025-06-06,0.0008864473857543315,0.0010233279208751533,-0.0037804817775140363,2562
2025-06-09,0.0012184298344748896,0.0009786015738989637,0.004489771488450368,2562
2025-06-10,0.0010676711971556341,0.0010223693856042779,-0.00013926912844507418,2562
2025-06-11,0.0011823162724064731,0.0009843181317975005,0.0022303223731881066,2562
2025-06-12,0.0007492793633925439,0.0010093696707794975,-0.007583606237206724,2562
2025-06-13,0.0008809807089660771,0.0009154301002192946,0.002351156945520745,2562
2025-06-16,0.0014338427027192806,0.0009398389900685178,-0.007802842966757305,2562
2025-06-17,0.001146351429218255,0.0009595583741609995,0.0023172168752541313,2561
2025-06-18,0.0009244101847289322,0.0010047975134519413,-0.005283431331545679,2561
2025-06-20,0.0012200840106568439,0.0009577791834575005,0.0027390171499897887,2561
2025-06-23,0.004834944888822663,0.0010072738547129568,-0.010423848709225263,2562
2025-06-24,0.0010507575304453053,0.0010759194080610232,0.008021510175218146,2562
2025-06-25,0.0010619976677480813,0.0009882290805227,0.006668194356817043,2564
2025-06-26,0.0008247672175578498,0.0010145896319197075,-0.008921491799547238,2562
2025-06-27,0.0009187117211113219,0.0009598898068770811,0.008576065257208047,2562
2025-06-30,0.0008512988108367813,0.0009604511711727362,-0.002593693678530383,2562
2025-07-01,0.0013678521492481448,0.0009392451983198787,-0.0009368140696020043,2563
2025-07-02,0.0009183963646142776,0.0010433189573329474,0.01624900265712897,2563
2025-07-03,0.0006361468509515375,0.0010016152972442932,0.011853071698506268,2564
2025-07-07,0.000825930084825413,0.000902442088124311,0.004818886424314538,2564
2025-07-08,0.001154060288971047,0.0009615083751654893,-0.00753553234831745,2564
2025-07-09,0.00086299023447369,0.001038904014819544,0.005044710632902532,2563
2025-07-10,0.0009246933160298287,0.0009795193309325538,0.0019563071057435775,2560
2025-07-11,0.0009067881730888993,0.0009852510016009918,0.006823127745344886,2560
2025-07-14,0.0016831724336344126,0.001007366910784923,-0.003498595331664041,2559
2025-07-15,0.0012112619083359916,0.0010685237212849593,0.0030425147869698613,2559
2025-07-16,0.0009500567519697698,0.0010399710897956997,-0.02108920285527268,2559
2025-07-17,0.0010802119001261086,0.000961521099442415,0.0025821214012385556,2561
2025-07-18,0.0008568551414136106,0.000942301538427237,0.008798008350864524,2562
2025-07-21,0.0011837203184157214,0.0009317372715715623,-0.01209259903953912,2562
2025-07-22,0.0010230488014994871,0.0009530549189275715,-0.005701555455932188,2562
2025-07-23,0.0008688168947810606,0.0009606372056616174,0.010645896200582676,2562
2025-07-24,0.0009456262665376212,0.0008901082296727766,0.007701125901172081,2562
2025-07-25,0.0008803336752042157,0.0009179550718345786,-0.009552759174806557,2563
2025-07-28,0.0008025535115863188,0.0008413364282284878,-0.0007046664084740123,2562
2025-07-29,0.001453351228740839,0.0008519502460907581,-0.006115377930229108,2564
2025-07-30,0.001109328449147232,0.0009367049391879207,-0.01307702606300989,2565
2025-07-31,0.0013192074295112985,0.0009716378842651115,-0.01373105660947552,2565
2025-08-01,0.001145638286821597,0.0009741650918617185,-0.006552528494203257,2565
2025-08-04,0.0009659742954871879,0.0010036110493970166,-0.007580607970824253,2565
2025-08-05,0.0009071406823636969,0.0009013999190005423,0.01055473259856023,2563
2025-08-06,0.0010886057221901739,0.0009100024501810943,0.0003122799252600493,2564
2025-08-07,0.001298915534598173,0.000924691190371718,-0.002790808143740183,2564
2025-08-08,0.0010721730895344042,0.0009637867582570173,-0.010286770459968224,2563
2025-08-11,0.0010683834214579755,0.0009489947774076091,-0.0019374188446312248,2562
2025-08-12,0.0010574365617719112,0.0009570888302333207,-0.004862458417850936,2564
2025-08-13,0.0010400278606951991,0.0009327972725274611,0.017753147052599148,2564
2025-08-14,0.0010775440778114584,0.0009282843874560324,0.012926449113572503,2565
2025-08-15,0.000850354012796958,0.0008963009988368583,-0.0005866248787372294,2565
2025-08-18,0.0007642614604249818,0.0008767913377524672,-0.0070366025433919125,2567
2025-08-19,0.000768968780593433,0.0008386148857149506,0.0021565758369837358,2566
2025-08-20,0.0007657759605985601,0.0008652772389606925,-0.006113310829179654,2565
2025-08-21,0.0007535480103114224,0.0008284572025983684,-0.0018827381116095785,2565
2025-08-22,0.0011666098685042846,0.0007920388132156806,0.005311534601957993,2566
2025-08-25,0.0006842946150811808,0.0009485402411241643,0.025563296413513518,2568
2025-08-26,0.0006317365293345272,0.0008123833216333843,-0.005641953654527858,2569
2025-08-27,0.0005861233242436449,0.0007655835659665397,0.003367622318852078,2569
2025-08-28,0.0006294718039070496,0.0007312240264559168,0.005542611581472001,2570
2025-08-29,0.0009785493939722893,0.0007454308528431096,-0.001953950154712764,2572
2025-09-02,0.0008159495462166619,0.0007527293287277226,-0.0028183541813634042,2572
2025-09-03,0.0008505359861410826,0.0007739638070092201,0.004139426000192443,2572
2025-09-04,0.0009853483729142874,0.0007729228751965875,6.161337311985474e-05,2572
2025-09-05,0.0009485375121547437,0.0008102730921733925,0.006294431458191808,2572
2025-09-08,0.0009293294171320631,0.0008215045749645674,0.0001533984766951565,2570
2025-09-09,0.0009820879342895864,0.0008132735601130775,-0.0011051077563045575,2571
2025-09-10,0.0008941723152838941,0.0008245587830543039,-0.0025884970667923992,2571
2025-09-11,0.0008874841015377336,0.000827845229797388,-0.0022469088084544186,2571
2025-09-12,0.0009255211657148824,0.0008200298360469228,0.01590969160531878,2570
2025-09-15,0.0009291727936132098,0.0008263864502705567,-0.007811390530608595,2569
2025-09-16,0.0008201305932907143,0.0008512986354084197,-0.003805256096033931,2570
2025-09-17,0.0009684481393187191,0.0008100771847723433,-0.0018263477120826063,2571
2025-09-18,0.0007571067515912553,0.0008250663954069709,-0.002741206493708683,2573
2025-09-19,0.0008036025590083644,0.0007910167654282561,0.009501705901179738,2573
2025-09-22,0.0008942577860557699,0.0008383595763934739,-0.009935584811037932,2574
2025-09-23,0.0008891475047407591,0.0008596835220799661,0.005290114084672236,2575
2025-09-24,0.0008755853472120856,0.0008359594679296781,-0.005176801423500238,2575
2025-09-25,0.0008543566844894533,0.0008155153692223786,-0.0039010543413150324,2576
2025-09-26,0.0008740413024296289,0.0008249321477653948,-0.004103617665861852,2574
2025-09-29,0.0008767560823509415,0.0007997245631446031,0.005577106067718167,2574
2025-09-30,0.0008406014625899978,0.0008527923528815253,-0.006909315248887231,2576
2025-10-01,0.0010481153595666606,0.0008144292303103533,0.001415837224639168,2576
2025-10-02,0.0007649961606940157,0.0008374734407726438,0.005845866148871524,2576
2025-10-03,0.0008020128154025493,0.0008091379028169737,0.0009750226530332341,2575
2025-10-06,0.0008861163096655966,0.0007985271847999494,0.0027778829069894325,2576
2025-10-07,0.001174680359271743,0.0008199052797565113,-0.0037316478125974865,2577
2025-10-08,0.0009670688150842074,0.0008833819786107172,-0.012359830196770526,2577
2025-10-09,0.0009009134430883038,0.000846003591558462,0.003299359150226855,2576
2025-10-10,0.0013070429261584412,0.0008580634035884356,-0.009706727202554293,2578
2025-10-13,0.000983817800705857,0.0010759743324855158,-0.0341459648818141,2580
2025-10-14,0.001412047855471525,0.0009502255412250631,0.005201727621741012,2579
2025-10-15,0.0014792587720068179,0.0010137870705751767,0.02231811070134279,2579
2025-10-16,0.0015337965123690227,0.0011839425989356122,-0.0031789666606013584,2579
2025-10-17,0.001002135419662643,0.001888544180223885,-0.019638836293548116,2579
2025-10-20,0.0009616386345935537,0.001012885955756461,-0.0002057307827256275,2579
2025-10-21,0.000864002259731129,0.0009567714045835079,0.008436115299044478,2581
2025-10-22,0.0011426634096372585,0.0008991134871183368,0.0018211774935134545,2580
2025-10-23,0.000921223350752073,0.0009643795689547378,-0.0064042598014305945,2580
2025-10-24,0.0009197500578790687,0.0008820408499793452,0.005647470378732761,2580
2025-10-27,0.0008382060160164012,0.0008460349875086822,-0.0013022387816678592,2579
2025-10-28,0.0008586745143476672,0.0008672515158816389,-0.007278136878628751,2581
2025-10-29,0.0011610698487991816,0.000868374014515334,-0.004092794316529517,2581
2025-10-30,0.0012902252759065314,0.0009366707191097758,-0.011730215500786801,2581
2025-10-31,0.001074086375944035,0.0009521869944141602,-0.0034524832205187136,2581
2025-11-03,0.0011611849247024125,0.0009071277674369166,0.0036948954479194664,2581
2025-11-04,0.0010777227277498544,0.0009539147311586831,-0.0031860232052604047,2580
2025-11-05,0.0011140718722026212,0.0009622509743589875,-0.005409635362163881,2582
2025-11-06,0.0013200182359582456,0.0009451513340625864,0.00926885514546883,2583
2025-11-07,0.0014450319991802,0.001044792120569616,-0.014904114805909531,2582
2025-11-10,0.0010651649271784865,0.0010207205520866465,0.00995112255127993,2583
2025-11-11,0.0010111190198232264,0.000981018286310578,-0.0009608086881600652,2585
2025-11-12,0.0009479612742379107,0.0009570824546706601,0.0035395028941736075,2579
2025-11-13,0.0012056712580218074,0.0009369360261168649,-0.0010558685886639051,2579
2025-11-14,0.0011226469851862556,0.0010549767729183762,-0.015514102042143865,2579
2025-11-17,0.0012500528442401975,0.0009771907268332778,0.008736789562250415,2579
2025-11-18,0.0009432844546342888,0.0010830742571155908,-0.01845752341340516,2578
2025-11-19,0.0009908297293501208,0.0009728579856209797,0.006984907021625684,2578
2025-11-20,0.0016001290981750276,0.0010028699193349116,-0.006663186016135201,2578
2025-11-21,0.001263737242486107,0.0012610537955440554,-0.02696958920329833,2579
2025-11-24,0.0010565063574454487,0.0011295612400191732,0.020939667759284988,2580
2025-11-25,0.001103643052757686,0.0010342201570217103,0.00814002414688449,2578
2025-11-26,0.0007920416699530064,0.0009858188611128992,0.01577639916067704,2578
2025-11-28,0.000507311431655412,0.0009091266568851358,0.007935740226717758,2578
2025-12-01,0.0008694393598532428,0.0008130393768497721,0.003051431365497948,2578
2025-12-02,0.0007868123884239589,0.0008579987429283731,-0.001759758411291567,2579
2025-12-03,0.0009370738498286053,0.0008600072593558086,-0.006394236078454225,2579
2025-12-04,0.000859123155470445,0.0008735693814589223,0.013550706599025748,2579
2025-12-05,0.0008506578969808376,0.0008498297949562559,0.004857747310832251,2580
2025-12-08,0.0011348852891504382,0.0008544798090297108,-0.0035803704998881025,2579
2025-12-09,0.0009737926083400114,0.0008915512783850977,-0.006907011296537343,2580
2025-12-10,0.0011747702191496413,0.0009227025800743959,0.005166749867683281,2580
2025-12-11,0.0012267099166615772,0.0009162854620680853,0.014397472892750982,2580
2025-12-12,0.0009116233817243017,0.0009079645284026246,0.0072173505559930745,2582
2025-12-15,0.0009687914242213415,0.0009110896449319957,-0.012702371548232155,2582
2025-12-16,0.0008726748334352824,0.000952764967707002,-0.012931066632942315,2582
2025-12-17,0.001115346424482079,0.0009062730791682947,-0.0028242533317906,2581
2025-12-18,0.0009367297868929081,0.0009731020059517562,-0.007676786473637523,2580
2025-12-19,0.0008377514694521104,0.0009337400403671498,-0.0042951643893622896,2580
2025-12-22,0.0008577707643177128,0.0008869927041226546,0.001282429263024108,2580
2025-12-23,0.0007054011047027141,0.0008789910206308459,0.002690708782291893,2580
2025-12-24,0.0005629834803135816,0.0008691527495327892,-0.0034264993592605397,2584
2025-12-26,0.0005877012336173881,0.0007814215465616328,0.002885619980020531,2583
2025-12-29,0.0008358754905959161,0.0007882709437706317,-0.001221549192055694,2584
2025-12-30,0.0006969674363532329,0.000792756520126362,-0.003654218367342903,2587
2025-12-31,0.0006308410795848563,0.0007797672029016582,-0.004149665558903797,2588
