Lag,q,Moment,Observations,Table,Population,LagType,TrainEnd,MaxLag,Cohort
1,1.0,0.4717947323227573,5445730,equity_parkinson_variance,global,observation,2016-01-01,400,
1,1.5,0.4150337414315694,5445730,equity_parkinson_variance,global,observation,2016-01-01,400,
1,2.0,0.4152631748865089,5445730,equity_parkinson_variance,global,observation,2016-01-01,400,
1,3.0,0.5965611085380103,5445730,equity_parkinson_variance,global,observation,2016-01-01,400,
1,4.0,1.3133740916090493,5445730,equity_parkinson_variance,global,observation,2016-01-01,400,
2,1.0,0.5003542373790746,5444205,equity_parkinson_variance,global,observation,2016-01-01,400,
2,1.5,0.4516753874642543,5444205,equity_parkinson_variance,global,observation,2016-01-01,400,
2,2.0,0.4617019299334353,5444205,equity_parkinson_variance,global,observation,2016-01-01,400,
2,3.0,0.6784805902171678,5444205,equity_parkinson_variance,global,observation,2016-01-01,400,
2,4.0,1.489497402065968,5444205,equity_parkinson_variance,global,observation,2016-01-01,400,
3,1.0,0.5135718343260596,5442680,equity_parkinson_variance,global,observation,2016-01-01,400,
3,1.5,0.4687947923053612,5442680,equity_parkinson_variance,global,observation,2016-01-01,400,
3,2.0,0.4837252326505257,5442680,equity_parkinson_variance,global,observation,2016-01-01,400,
3,3.0,0.7189080512192535,5442680,equity_parkinson_variance,global,observation,2016-01-01,400,
3,4.0,1.5806232979401036,5442680,equity_parkinson_variance,global,observation,2016-01-01,400,
4,1.0,0.5202791338488201,5441155,equity_parkinson_variance,global,observation,2016-01-01,400,
4,1.5,0.4778356797076443,5441155,equity_parkinson_variance,global,observation,2016-01-01,400,
4,2.0,0.4957563634812148,5441155,equity_parkinson_variance,global,observation,2016-01-01,400,
4,3.0,0.742618683702593,5441155,equity_parkinson_variance,global,observation,2016-01-01,400,
4,4.0,1.6409831172614735,5441155,equity_parkinson_variance,global,observation,2016-01-01,400,
5,1.0,0.5253657138880728,5439630,equity_parkinson_variance,global,observation,2016-01-01,400,
5,1.5,0.4844884325575729,5439630,equity_parkinson_variance,global,observation,2016-01-01,400,
5,2.0,0.504407175923982,5439630,equity_parkinson_variance,global,observation,2016-01-01,400,
5,3.0,0.7591458619241228,5439630,equity_parkinson_variance,global,observation,2016-01-01,400,
5,4.0,1.6803594845563163,5439630,equity_parkinson_variance,global,observation,2016-01-01,400,
6,1.0,0.5300085582502844,5438105,equity_parkinson_variance,global,observation,2016-01-01,400,
6,1.5,0.4906150915233558,5438105,equity_parkinson_variance,global,observation,2016-01-01,400,
6,2.0,0.512393409562549,5438105,equity_parkinson_variance,global,observation,2016-01-01,400,
6,3.0,0.7738630788147454,5438105,equity_parkinson_variance,global,observation,2016-01-01,400,
6,4.0,1.7125677876534822,5438105,equity_parkinson_variance,global,observation,2016-01-01,400,
7,1.0,0.5344142205699624,5436580,equity_parkinson_variance,global,observation,2016-01-01,400,
7,1.5,0.4963207275349139,5436580,equity_parkinson_variance,global,observation,2016-01-01,400,
7,2.0,0.5195690668862557,5436580,equity_parkinson_variance,global,observation,2016-01-01,400,
7,3.0,0.7854977676818573,5436580,equity_parkinson_variance,global,observation,2016-01-01,400,
7,4.0,1.7310708630145906,5436580,equity_parkinson_variance,global,observation,2016-01-01,400,
8,1.0,0.5373109498621151,5435055,equity_parkinson_variance,global,observation,2016-01-01,400,
8,1.5,0.500148236159519,5435055,equity_parkinson_variance,global,observation,2016-01-01,400,
8,2.0,0.5245809661064633,5435055,equity_parkinson_variance,global,observation,2016-01-01,400,
8,3.0,0.7949350664756265,5435055,equity_parkinson_variance,global,observation,2016-01-01,400,
8,4.0,1.752452926299647,5435055,equity_parkinson_variance,global,observation,2016-01-01,400,
9,1.0,0.5392388274841385,5433530,equity_parkinson_variance,global,observation,2016-01-01,400,
9,1.5,0.5028257385017075,5433530,equity_parkinson_variance,global,observation,2016-01-01,400,
9,2.0,0.5282443020388103,5433530,equity_parkinson_variance,global,observation,2016-01-01,400,
9,3.0,0.8023879266519454,5433530,equity_parkinson_variance,global,observation,2016-01-01,400,
9,4.0,1.7711312427828425,5433530,equity_parkinson_variance,global,observation,2016-01-01,400,
10,1.0,0.5401547118702912,5432005,equity_parkinson_variance,global,observation,2016-01-01,400,
10,1.5,0.50434180709302,5432005,equity_parkinson_variance,global,observation,2016-01-01,400,
10,2.0,0.5306825770231287,5432005,equity_parkinson_variance,global,observation,2016-01-01,400,
10,3.0,0.8089072817301427,5432005,equity_parkinson_variance,global,observation,2016-01-01,400,
10,4.0,1.7907537372461446,5432005,equity_parkinson_variance,global,observation,2016-01-01,400,
11,1.0,0.5429503907905494,5430480,equity_parkinson_variance,global,observation,2016-01-01,400,
11,1.5,0.507937200046549,5430480,equity_parkinson_variance,global,observation,2016-01-01,400,
11,2.0,0.5351745683622628,5430480,equity_parkinson_variance,global,observation,2016-01-01,400,
11,3.0,0.8161493826009634,5430480,equity_parkinson_variance,global,observation,2016-01-01,400,
11,4.0,1.8036385170518248,5430480,equity_parkinson_variance,global,observation,2016-01-01,400,
12,1.0,0.5457574750680175,5428955,equity_parkinson_variance,global,observation,2016-01-01,400,
12,1.5,0.5117031952570458,5428955,equity_parkinson_variance,global,observation,2016-01-01,400,
12,2.0,0.5401359017151217,5428955,equity_parkinson_variance,global,observation,2016-01-01,400,
12,3.0,0.8253412517114331,5428955,equity_parkinson_variance,global,observation,2016-01-01,400,
12,4.0,1.822952984665445,5428955,equity_parkinson_variance,global,observation,2016-01-01,400,
13,1.0,0.5474613923840786,5427430,equity_parkinson_variance,global,observation,2016-01-01,400,
13,1.5,0.5137601097085872,5427430,equity_parkinson_variance,global,observation,2016-01-01,400,
13,2.0,0.5425759471697001,5427430,equity_parkinson_variance,global,observation,2016-01-01,400,
13,3.0,0.8291755494157345,5427430,equity_parkinson_variance,global,observation,2016-01-01,400,
13,4.0,1.8310553130204543,5427430,equity_parkinson_variance,global,observation,2016-01-01,400,
14,1.0,0.5489057985115808,5425905,equity_parkinson_variance,global,observation,2016-01-01,400,
14,1.5,0.5159140962559999,5425905,equity_parkinson_variance,global,observation,2016-01-01,400,
14,2.0,0.5457096187824029,5425905,equity_parkinson_variance,global,observation,2016-01-01,400,
14,3.0,0.8362269959446286,5425905,equity_parkinson_variance,global,observation,2016-01-01,400,
14,4.0,1.8485273896680596,5425905,equity_parkinson_variance,global,observation,2016-01-01,400,
15,1.0,0.5506796251782267,5424380,equity_parkinson_variance,global,observation,2016-01-01,400,
15,1.5,0.5182207802729926,5424380,equity_parkinson_variance,global,observation,2016-01-01,400,
15,2.0,0.5486854092277622,5424380,equity_parkinson_variance,global,observation,2016-01-01,400,
15,3.0,0.8418955296989094,5424380,equity_parkinson_variance,global,observation,2016-01-01,400,
15,4.0,1.8642211379050224,5424380,equity_parkinson_variance,global,observation,2016-01-01,400,
16,1.0,0.5524958482111201,5422855,equity_parkinson_variance,global,observation,2016-01-01,400,
16,1.5,0.5204927530613668,5422855,equity_parkinson_variance,global,observation,2016-01-01,400,
16,2.0,0.5514484319909254,5422855,equity_parkinson_variance,global,observation,2016-01-01,400,
16,3.0,0.8459834274656891,5422855,equity_parkinson_variance,global,observation,2016-01-01,400,
16,4.0,1.868948015824388,5422855,equity_parkinson_variance,global,observation,2016-01-01,400,
17,1.0,0.5542588172048782,5421330,equity_parkinson_variance,global,observation,2016-01-01,400,
17,1.5,0.5228118558799615,5421330,equity_parkinson_variance,global,observation,2016-01-01,400,
17,2.0,0.5544578262494794,5421330,equity_parkinson_variance,global,observation,2016-01-01,400,
17,3.0,0.8517579702646868,5421330,equity_parkinson_variance,global,observation,2016-01-01,400,
17,4.0,1.8840241010865344,5421330,equity_parkinson_variance,global,observation,2016-01-01,400,
18,1.0,0.555325535264868,5419805,equity_parkinson_variance,global,observation,2016-01-01,400,
18,1.5,0.5242489777199707,5419805,equity_parkinson_variance,global,observation,2016-01-01,400,
18,2.0,0.5562990984442853,5419805,equity_parkinson_variance,global,observation,2016-01-01,400,
18,3.0,0.8543974162473521,5419805,equity_parkinson_variance,global,observation,2016-01-01,400,
18,4.0,1.8845390429346716,5419805,equity_parkinson_variance,global,observation,2016-01-01,400,
19,1.0,0.5554312201222739,5418280,equity_parkinson_variance,global,observation,2016-01-01,400,
19,1.5,0.5245895336880438,5418280,equity_parkinson_variance,global,observation,2016-01-01,400,
19,2.0,0.5570405003656671,5418280,equity_parkinson_variance,global,observation,2016-01-01,400,
19,3.0,0.857441895797364,5418280,equity_parkinson_variance,global,observation,2016-01-01,400,
19,4.0,1.8996130025046167,5418280,equity_parkinson_variance,global,observation,2016-01-01,400,
20,1.0,0.5562993527220896,5416755,equity_parkinson_variance,global,observation,2016-01-01,400,
20,1.5,0.5257126876753877,5416755,equity_parkinson_variance,global,observation,2016-01-01,400,
20,2.0,0.5585124247506951,5416755,equity_parkinson_variance,global,observation,2016-01-01,400,
20,3.0,0.8602355124452405,5416755,equity_parkinson_variance,global,observation,2016-01-01,400,
20,4.0,1.905341720060768,5416755,equity_parkinson_variance,global,observation,2016-01-01,400,
21,1.0,0.5578928823754449,5415230,equity_parkinson_variance,global,observation,2016-01-01,400,
21,1.5,0.5277841288326789,5415230,equity_parkinson_variance,global,observation,2016-01-01,400,
21,2.0,0.5611957146433941,5415230,equity_parkinson_variance,global,observation,2016-01-01,400,
21,3.0,0.8654323513576543,5415230,equity_parkinson_variance,global,observation,2016-01-01,400,
21,4.0,1.9182297114764035,5415230,equity_parkinson_variance,global,observation,2016-01-01,400,
22,1.0,0.5589615295347571,5413705,equity_parkinson_variance,global,observation,2016-01-01,400,
22,1.5,0.5292264540361568,5413705,equity_parkinson_variance,global,observation,2016-01-01,400,
22,2.0,0.5630628934886872,5413705,equity_parkinson_variance,global,observation,2016-01-01,400,
22,3.0,0.8684339020881502,5413705,equity_parkinson_variance,global,observation,2016-01-01,400,
22,4.0,1.9229511270056672,5413705,equity_parkinson_variance,global,observation,2016-01-01,400,
23,1.0,0.5598545386124173,5412180,equity_parkinson_variance,global,observation,2016-01-01,400,
23,1.5,0.5306095975613149,5412180,equity_parkinson_variance,global,observation,2016-01-01,400,
23,2.0,0.5650678476179861,5412180,equity_parkinson_variance,global,observation,2016-01-01,400,
23,3.0,0.8726347688467381,5412180,equity_parkinson_variance,global,observation,2016-01-01,400,
23,4.0,1.9315610280411573,5412180,equity_parkinson_variance,global,observation,2016-01-01,400,
24,1.0,0.5607080494812374,5410655,equity_parkinson_variance,global,observation,2016-01-01,400,
24,1.5,0.5315916951156809,5410655,equity_parkinson_variance,global,observation,2016-01-01,400,
24,2.0,0.5661262465646109,5410655,equity_parkinson_variance,global,observation,2016-01-01,400,
24,3.0,0.8732262445652456,5410655,equity_parkinson_variance,global,observation,2016-01-01,400,
24,4.0,1.927941690896236,5410655,equity_parkinson_variance,global,observation,2016-01-01,400,
25,1.0,0.5619473351307455,5409130,equity_parkinson_variance,global,observation,2016-01-01,400,
25,1.5,0.533372177604393,5409130,equity_parkinson_variance,global,observation,2016-01-01,400,
25,2.0,0.5686339772611757,5409130,equity_parkinson_variance,global,observation,2016-01-01,400,
25,3.0,0.8789166761293284,5409130,equity_parkinson_variance,global,observation,2016-01-01,400,
25,4.0,1.9449074363131027,5409130,equity_parkinson_variance,global,observation,2016-01-01,400,
26,1.0,0.5637407595694249,5407605,equity_parkinson_variance,global,observation,2016-01-01,400,
26,1.5,0.5355998188394481,5407605,equity_parkinson_variance,global,observation,2016-01-01,400,
26,2.0,0.5713939480587581,5407605,equity_parkinson_variance,global,observation,2016-01-01,400,
26,3.0,0.8836754383545992,5407605,equity_parkinson_variance,global,observation,2016-01-01,400,
26,4.0,1.9544764010416056,5407605,equity_parkinson_variance,global,observation,2016-01-01,400,
27,1.0,0.5635677707090396,5406080,equity_parkinson_variance,global,observation,2016-01-01,400,
27,1.5,0.5354556199419773,5406080,equity_parkinson_variance,global,observation,2016-01-01,400,
27,2.0,0.5713712811698068,5406080,equity_parkinson_variance,global,observation,2016-01-01,400,
27,3.0,0.884968692137236,5406080,equity_parkinson_variance,global,observation,2016-01-01,400,
27,4.0,1.9655558352463829,5406080,equity_parkinson_variance,global,observation,2016-01-01,400,
28,1.0,0.5639450321612359,5404555,equity_parkinson_variance,global,observation,2016-01-01,400,
28,1.5,0.535970543286565,5404555,equity_parkinson_variance,global,observation,2016-01-01,400,
28,2.0,0.5719683466825508,5404555,equity_parkinson_variance,global,observation,2016-01-01,400,
28,3.0,0.8848997353730234,5404555,equity_parkinson_variance,global,observation,2016-01-01,400,
28,4.0,1.957721393496068,5404555,equity_parkinson_variance,global,observation,2016-01-01,400,
29,1.0,0.5648670609729757,5403030,equity_parkinson_variance,global,observation,2016-01-01,400,
29,1.5,0.5371799369938215,5403030,equity_parkinson_variance,global,observation,2016-01-01,400,
29,2.0,0.5735563489174256,5403030,equity_parkinson_variance,global,observation,2016-01-01,400,
29,3.0,0.8882243743291098,5403030,equity_parkinson_variance,global,observation,2016-01-01,400,
29,4.0,1.9687134551441947,5403030,equity_parkinson_variance,global,observation,2016-01-01,400,
30,1.0,0.5655478062791751,5401505,equity_parkinson_variance,global,observation,2016-01-01,400,
30,1.5,0.5380788245300075,5401505,equity_parkinson_variance,global,observation,2016-01-01,400,
30,2.0,0.5747007592884821,5401505,equity_parkinson_variance,global,observation,2016-01-01,400,
30,3.0,0.8898521577033445,5401505,equity_parkinson_variance,global,observation,2016-01-01,400,
30,4.0,1.967118216199139,5401505,equity_parkinson_variance,global,observation,2016-01-01,400,
31,1.0,0.5664212780519173,5399980,equity_parkinson_variance,global,observation,2016-01-01,400,
31,1.5,0.5390091737538781,5399980,equity_parkinson_variance,global,observation,2016-01-01,400,
31,2.0,0.5755758649244532,5399980,equity_parkinson_variance,global,observation,2016-01-01,400,
31,3.0,0.8900477381447972,5399980,equity_parkinson_variance,global,observation,2016-01-01,400,
31,4.0,1.9651358831373475,5399980,equity_parkinson_variance,global,observation,2016-01-01,400,
32,1.0,0.5673376230512596,5398455,equity_parkinson_variance,global,observation,2016-01-01,400,
32,1.5,0.5401561328404904,5398455,equity_parkinson_variance,global,observation,2016-01-01,400,
32,2.0,0.5770464583115797,5398455,equity_parkinson_variance,global,observation,2016-01-01,400,
32,3.0,0.8932979153774376,5398455,equity_parkinson_variance,global,observation,2016-01-01,400,
32,4.0,1.9764980240757208,5398455,equity_parkinson_variance,global,observation,2016-01-01,400,
33,1.0,0.5668688291828986,5396930,equity_parkinson_variance,global,observation,2016-01-01,400,
33,1.5,0.5397709408749619,5396930,equity_parkinson_variance,global,observation,2016-01-01,400,
33,2.0,0.5768746742259127,5396930,equity_parkinson_variance,global,observation,2016-01-01,400,
33,3.0,0.894396059522618,5396930,equity_parkinson_variance,global,observation,2016-01-01,400,
33,4.0,1.9832020260330965,5396930,equity_parkinson_variance,global,observation,2016-01-01,400,
34,1.0,0.5682154510633352,5395405,equity_parkinson_variance,global,observation,2016-01-01,400,
34,1.5,0.5415942025411451,5395405,equity_parkinson_variance,global,observation,2016-01-01,400,
34,2.0,0.5792671516387572,5395405,equity_parkinson_variance,global,observation,2016-01-01,400,
34,3.0,0.8985949192985745,5395405,equity_parkinson_variance,global,observation,2016-01-01,400,
34,4.0,1.990370206991403,5395405,equity_parkinson_variance,global,observation,2016-01-01,400,
35,1.0,0.5688371961959541,5393880,equity_parkinson_variance,global,observation,2016-01-01,400,
35,1.5,0.5424301301746431,5393880,equity_parkinson_variance,global,observation,2016-01-01,400,
35,2.0,0.5803445603971472,5393880,equity_parkinson_variance,global,observation,2016-01-01,400,
35,3.0,0.9003765735920118,5393880,equity_parkinson_variance,global,observation,2016-01-01,400,
35,4.0,1.9942711335345644,5393880,equity_parkinson_variance,global,observation,2016-01-01,400,
36,1.0,0.5692007377880169,5392355,equity_parkinson_variance,global,observation,2016-01-01,400,
36,1.5,0.5428391474912632,5392355,equity_parkinson_variance,global,observation,2016-01-01,400,
36,2.0,0.5808584757816417,5392355,equity_parkinson_variance,global,observation,2016-01-01,400,
36,3.0,0.9016493964155526,5392355,equity_parkinson_variance,global,observation,2016-01-01,400,
36,4.0,1.999063355933358,5392355,equity_parkinson_variance,global,observation,2016-01-01,400,
37,1.0,0.5703892568835832,5390830,equity_parkinson_variance,global,observation,2016-01-01,400,
37,1.5,0.5442631616145842,5390830,equity_parkinson_variance,global,observation,2016-01-01,400,
37,2.0,0.5823927324992642,5390830,equity_parkinson_variance,global,observation,2016-01-01,400,
37,3.0,0.9023263583758474,5390830,equity_parkinson_variance,global,observation,2016-01-01,400,
37,4.0,1.990621495444291,5390830,equity_parkinson_variance,global,observation,2016-01-01,400,
38,1.0,0.5703362717719825,5389305,equity_parkinson_variance,global,observation,2016-01-01,400,
38,1.5,0.5442621833288371,5389305,equity_parkinson_variance,global,observation,2016-01-01,400,
38,2.0,0.5824839457726875,5389305,equity_parkinson_variance,global,observation,2016-01-01,400,
38,3.0,0.9027650693006074,5389305,equity_parkinson_variance,global,observation,2016-01-01,400,
38,4.0,1.9915237625411752,5389305,equity_parkinson_variance,global,observation,2016-01-01,400,
39,1.0,0.5701818368490976,5387780,equity_parkinson_variance,global,observation,2016-01-01,400,
39,1.5,0.5440757808782692,5387780,equity_parkinson_variance,global,observation,2016-01-01,400,
39,2.0,0.5823126561576023,5387780,equity_parkinson_variance,global,observation,2016-01-01,400,
39,3.0,0.9028563106697576,5387780,equity_parkinson_variance,global,observation,2016-01-01,400,
39,4.0,1.9926939340866483,5387780,equity_parkinson_variance,global,observation,2016-01-01,400,
40,1.0,0.5719512516133022,5386255,equity_parkinson_variance,global,observation,2016-01-01,400,
40,1.5,0.5464589991723411,5386255,equity_parkinson_variance,global,observation,2016-01-01,400,
40,2.0,0.5854463258564077,5386255,equity_parkinson_variance,global,observation,2016-01-01,400,
40,3.0,0.9086083969453632,5386255,equity_parkinson_variance,global,observation,2016-01-01,400,
40,4.0,2.0041144446112336,5386255,equity_parkinson_variance,global,observation,2016-01-01,400,
41,1.0,0.5720435372841458,5384730,equity_parkinson_variance,global,observation,2016-01-01,400,
41,1.5,0.5468602520319741,5384730,equity_parkinson_variance,global,observation,2016-01-01,400,
41,2.0,0.5862460874267761,5384730,equity_parkinson_variance,global,observation,2016-01-01,400,
41,3.0,0.9110706800299836,5384730,equity_parkinson_variance,global,observation,2016-01-01,400,
41,4.0,2.015339714625564,5384730,equity_parkinson_variance,global,observation,2016-01-01,400,
42,1.0,0.5725899764547908,5383205,equity_parkinson_variance,global,observation,2016-01-01,400,
42,1.5,0.5473802121578932,5383205,equity_parkinson_variance,global,observation,2016-01-01,400,
42,2.0,0.586755623368199,5383205,equity_parkinson_variance,global,observation,2016-01-01,400,
42,3.0,0.9116909819366242,5383205,equity_parkinson_variance,global,observation,2016-01-01,400,
42,4.0,2.015590378130241,5383205,equity_parkinson_variance,global,observation,2016-01-01,400,
43,1.0,0.5735270836619792,5381680,equity_parkinson_variance,global,observation,2016-01-01,400,
43,1.5,0.5485588923458543,5381680,equity_parkinson_variance,global,observation,2016-01-01,400,
43,2.0,0.5881122041824177,5381680,equity_parkinson_variance,global,observation,2016-01-01,400,
43,3.0,0.913126572210686,5381680,equity_parkinson_variance,global,observation,2016-01-01,400,
43,4.0,2.015182934078007,5381680,equity_parkinson_variance,global,observation,2016-01-01,400,
44,1.0,0.5743127061132707,5380155,equity_parkinson_variance,global,observation,2016-01-01,400,
44,1.5,0.5496116798793732,5380155,equity_parkinson_variance,global,observation,2016-01-01,400,
44,2.0,0.589597836387071,5380155,equity_parkinson_variance,global,observation,2016-01-01,400,
44,3.0,0.9167950158353032,5380155,equity_parkinson_variance,global,observation,2016-01-01,400,
44,4.0,2.0265213747376394,5380155,equity_parkinson_variance,global,observation,2016-01-01,400,
45,1.0,0.5753658113990777,5378630,equity_parkinson_variance,global,observation,2016-01-01,400,
45,1.5,0.5507349032987128,5378630,equity_parkinson_variance,global,observation,2016-01-01,400,
45,2.0,0.590667799158654,5378630,equity_parkinson_variance,global,observation,2016-01-01,400,
45,3.0,0.9172935260028868,5378630,equity_parkinson_variance,global,observation,2016-01-01,400,
45,4.0,2.026721527554142,5378630,equity_parkinson_variance,global,observation,2016-01-01,400,
46,1.0,0.575716204133566,5377105,equity_parkinson_variance,global,observation,2016-01-01,400,
46,1.5,0.5511538306538939,5377105,equity_parkinson_variance,global,observation,2016-01-01,400,
46,2.0,0.5912015492729413,5377105,equity_parkinson_variance,global,observation,2016-01-01,400,
46,3.0,0.9186199510710232,5377105,equity_parkinson_variance,global,observation,2016-01-01,400,
46,4.0,2.031132142186131,5377105,equity_parkinson_variance,global,observation,2016-01-01,400,
47,1.0,0.5759781775164222,5375580,equity_parkinson_variance,global,observation,2016-01-01,400,
47,1.5,0.5514877903043537,5375580,equity_parkinson_variance,global,observation,2016-01-01,400,
47,2.0,0.5916366685149587,5375580,equity_parkinson_variance,global,observation,2016-01-01,400,
47,3.0,0.9196270534353652,5375580,equity_parkinson_variance,global,observation,2016-01-01,400,
47,4.0,2.0346156149181,5375580,equity_parkinson_variance,global,observation,2016-01-01,400,
48,1.0,0.5763051482343451,5374055,equity_parkinson_variance,global,observation,2016-01-01,400,
48,1.5,0.5519865028676437,5374055,equity_parkinson_variance,global,observation,2016-01-01,400,
48,2.0,0.592350766293309,5374055,equity_parkinson_variance,global,observation,2016-01-01,400,
48,3.0,0.9209813697925416,5374055,equity_parkinson_variance,global,observation,2016-01-01,400,
48,4.0,2.036680053923817,5374055,equity_parkinson_variance,global,observation,2016-01-01,400,
49,1.0,0.5774049621231138,5372530,equity_parkinson_variance,global,observation,2016-01-01,400,
49,1.5,0.5532559408717761,5372530,equity_parkinson_variance,global,observation,2016-01-01,400,
49,2.0,0.5937727999866524,5372530,equity_parkinson_variance,global,observation,2016-01-01,400,
49,3.0,0.9232099136157969,5372530,equity_parkinson_variance,global,observation,2016-01-01,400,
49,4.0,2.044980748374675,5372530,equity_parkinson_variance,global,observation,2016-01-01,400,
50,1.0,0.5779874513810259,5371005,equity_parkinson_variance,global,observation,2016-01-01,400,
50,1.5,0.5542942600620324,5371005,equity_parkinson_variance,global,observation,2016-01-01,400,
50,2.0,0.5953985884999042,5371005,equity_parkinson_variance,global,observation,2016-01-01,400,
50,3.0,0.9264596358873356,5371005,equity_parkinson_variance,global,observation,2016-01-01,400,
50,4.0,2.04898280907306,5371005,equity_parkinson_variance,global,observation,2016-01-01,400,
51,1.0,0.5786193400592866,5369480,equity_parkinson_variance,global,observation,2016-01-01,400,
51,1.5,0.555041302745253,5369480,equity_parkinson_variance,global,observation,2016-01-01,400,
51,2.0,0.5962581028557082,5369480,equity_parkinson_variance,global,observation,2016-01-01,400,
51,3.0,0.9275452996377298,5369480,equity_parkinson_variance,global,observation,2016-01-01,400,
51,4.0,2.048289449803416,5369480,equity_parkinson_variance,global,observation,2016-01-01,400,
52,1.0,0.5789922558590354,5367955,equity_parkinson_variance,global,observation,2016-01-01,400,
52,1.5,0.5555148804675192,5367955,equity_parkinson_variance,global,observation,2016-01-01,400,
52,2.0,0.5969077174878797,5367955,equity_parkinson_variance,global,observation,2016-01-01,400,
52,3.0,0.9292700232571076,5367955,equity_parkinson_variance,global,observation,2016-01-01,400,
52,4.0,2.0557246148755377,5367955,equity_parkinson_variance,global,observation,2016-01-01,400,
53,1.0,0.5788855383432683,5366430,equity_parkinson_variance,global,observation,2016-01-01,400,
53,1.5,0.5552744622969246,5366430,equity_parkinson_variance,global,observation,2016-01-01,400,
53,2.0,0.5964009092683245,5366430,equity_parkinson_variance,global,observation,2016-01-01,400,
53,3.0,0.9271191581020816,5366430,equity_parkinson_variance,global,observation,2016-01-01,400,
53,4.0,2.046213792245896,5366430,equity_parkinson_variance,global,observation,2016-01-01,400,
54,1.0,0.5791732986793006,5364905,equity_parkinson_variance,global,observation,2016-01-01,400,
54,1.5,0.5556925030863513,5364905,equity_parkinson_variance,global,observation,2016-01-01,400,
54,2.0,0.5970240264564713,5364905,equity_parkinson_variance,global,observation,2016-01-01,400,
54,3.0,0.9290420603195296,5364905,equity_parkinson_variance,global,observation,2016-01-01,400,
54,4.0,2.055190046416526,5364905,equity_parkinson_variance,global,observation,2016-01-01,400,
55,1.0,0.580013180736203,5363380,equity_parkinson_variance,global,observation,2016-01-01,400,
55,1.5,0.5569389777266407,5363380,equity_parkinson_variance,global,observation,2016-01-01,400,
55,2.0,0.5988295723094351,5363380,equity_parkinson_variance,global,observation,2016-01-01,400,
55,3.0,0.9327892526915488,5363380,equity_parkinson_variance,global,observation,2016-01-01,400,
55,4.0,2.062401490445572,5363380,equity_parkinson_variance,global,observation,2016-01-01,400,
56,1.0,0.5801524698819982,5361855,equity_parkinson_variance,global,observation,2016-01-01,400,
56,1.5,0.5569822355290222,5361855,equity_parkinson_variance,global,observation,2016-01-01,400,
56,2.0,0.5986832496792066,5361855,equity_parkinson_variance,global,observation,2016-01-01,400,
56,3.0,0.9317690056265452,5361855,equity_parkinson_variance,global,observation,2016-01-01,400,
56,4.0,2.0576611330755794,5361855,equity_parkinson_variance,global,observation,2016-01-01,400,
57,1.0,0.5806218032752518,5360330,equity_parkinson_variance,global,observation,2016-01-01,400,
57,1.5,0.5575543999681797,5360330,equity_parkinson_variance,global,observation,2016-01-01,400,
57,2.0,0.5994012970421151,5360330,equity_parkinson_variance,global,observation,2016-01-01,400,
57,3.0,0.9332527103634122,5360330,equity_parkinson_variance,global,observation,2016-01-01,400,
57,4.0,2.0631202797972947,5360330,equity_parkinson_variance,global,observation,2016-01-01,400,
58,1.0,0.5797973515633645,5358805,equity_parkinson_variance,global,observation,2016-01-01,400,
58,1.5,0.5565677170146739,5358805,equity_parkinson_variance,global,observation,2016-01-01,400,
58,2.0,0.5983058675130661,5358805,equity_parkinson_variance,global,observation,2016-01-01,400,
58,3.0,0.9324258133311476,5358805,equity_parkinson_variance,global,observation,2016-01-01,400,
58,4.0,2.065633956706609,5358805,equity_parkinson_variance,global,observation,2016-01-01,400,
59,1.0,0.580273031258553,5357280,equity_parkinson_variance,global,observation,2016-01-01,400,
59,1.5,0.5571037193025801,5357280,equity_parkinson_variance,global,observation,2016-01-01,400,
59,2.0,0.5988596189995828,5357280,equity_parkinson_variance,global,observation,2016-01-01,400,
59,3.0,0.9328086184066616,5357280,equity_parkinson_variance,global,observation,2016-01-01,400,
59,4.0,2.0649619401407406,5357280,equity_parkinson_variance,global,observation,2016-01-01,400,
60,1.0,0.5805547684873936,5355755,equity_parkinson_variance,global,observation,2016-01-01,400,
60,1.5,0.5575136563221252,5355755,equity_parkinson_variance,global,observation,2016-01-01,400,
60,2.0,0.5995044837107913,5355755,equity_parkinson_variance,global,observation,2016-01-01,400,
60,3.0,0.9350890962388032,5355755,equity_parkinson_variance,global,observation,2016-01-01,400,
60,4.0,2.07661237446029,5355755,equity_parkinson_variance,global,observation,2016-01-01,400,
61,1.0,0.5801516015575122,5354230,equity_parkinson_variance,global,observation,2016-01-01,400,
61,1.5,0.5569783473377052,5354230,equity_parkinson_variance,global,observation,2016-01-01,400,
61,2.0,0.5987757997948638,5354230,equity_parkinson_variance,global,observation,2016-01-01,400,
61,3.0,0.9331114801852044,5354230,equity_parkinson_variance,global,observation,2016-01-01,400,
61,4.0,2.06690515582622,5354230,equity_parkinson_variance,global,observation,2016-01-01,400,
62,1.0,0.5799670285298194,5352705,equity_parkinson_variance,global,observation,2016-01-01,400,
62,1.5,0.5567000411398656,5352705,equity_parkinson_variance,global,observation,2016-01-01,400,
62,2.0,0.5984342274778559,5352705,equity_parkinson_variance,global,observation,2016-01-01,400,
62,3.0,0.9327478433842824,5352705,equity_parkinson_variance,global,observation,2016-01-01,400,
62,4.0,2.065965935389342,5352705,equity_parkinson_variance,global,observation,2016-01-01,400,
63,1.0,0.5789908774091744,5351180,equity_parkinson_variance,global,observation,2016-01-01,400,
63,1.5,0.5556042208124604,5351180,equity_parkinson_variance,global,observation,2016-01-01,400,
63,2.0,0.5972699458451086,5351180,equity_parkinson_variance,global,observation,2016-01-01,400,
63,3.0,0.9317830934148064,5351180,equity_parkinson_variance,global,observation,2016-01-01,400,
63,4.0,2.067661237967517,5351180,equity_parkinson_variance,global,observation,2016-01-01,400,
64,1.0,0.580331270181707,5349655,equity_parkinson_variance,global,observation,2016-01-01,400,
64,1.5,0.5573419961300967,5349655,equity_parkinson_variance,global,observation,2016-01-01,400,
64,2.0,0.5994590245357617,5349655,equity_parkinson_variance,global,observation,2016-01-01,400,
64,3.0,0.9352281459284918,5349655,equity_parkinson_variance,global,observation,2016-01-01,400,
64,4.0,2.0726620424475493,5349655,equity_parkinson_variance,global,observation,2016-01-01,400,
65,1.0,0.5821121741336563,5348130,equity_parkinson_variance,global,observation,2016-01-01,400,
65,1.5,0.5597308637339625,5348130,equity_parkinson_variance,global,observation,2016-01-01,400,
65,2.0,0.6024995902700601,5348130,equity_parkinson_variance,global,observation,2016-01-01,400,
65,3.0,0.940202308344848,5348130,equity_parkinson_variance,global,observation,2016-01-01,400,
65,4.0,2.0821810013082804,5348130,equity_parkinson_variance,global,observation,2016-01-01,400,
66,1.0,0.583302862801867,5346605,equity_parkinson_variance,global,observation,2016-01-01,400,
66,1.5,0.5613636811804325,5346605,equity_parkinson_variance,global,observation,2016-01-01,400,
66,2.0,0.6046951111040412,5346605,equity_parkinson_variance,global,observation,2016-01-01,400,
66,3.0,0.9445237316447236,5346605,equity_parkinson_variance,global,observation,2016-01-01,400,
66,4.0,2.093730000695656,5346605,equity_parkinson_variance,global,observation,2016-01-01,400,
67,1.0,0.5844508725341913,5345080,equity_parkinson_variance,global,observation,2016-01-01,400,
67,1.5,0.5628762716449834,5345080,equity_parkinson_variance,global,observation,2016-01-01,400,
67,2.0,0.6067352261936895,5345080,equity_parkinson_variance,global,observation,2016-01-01,400,
67,3.0,0.949182919528234,5345080,equity_parkinson_variance,global,observation,2016-01-01,400,
67,4.0,2.1081499939507515,5345080,equity_parkinson_variance,global,observation,2016-01-01,400,
68,1.0,0.5845499603103858,5343555,equity_parkinson_variance,global,observation,2016-01-01,400,
68,1.5,0.5629654989855055,5343555,equity_parkinson_variance,global,observation,2016-01-01,400,
68,2.0,0.6066534520832068,5343555,equity_parkinson_variance,global,observation,2016-01-01,400,
68,3.0,0.9474254662528148,5343555,equity_parkinson_variance,global,observation,2016-01-01,400,
68,4.0,2.0994503123090964,5343555,equity_parkinson_variance,global,observation,2016-01-01,400,
69,1.0,0.5858902853055368,5342030,equity_parkinson_variance,global,observation,2016-01-01,400,
69,1.5,0.5647876533130676,5342030,equity_parkinson_variance,global,observation,2016-01-01,400,
69,2.0,0.6090467356949038,5342030,equity_parkinson_variance,global,observation,2016-01-01,400,
69,3.0,0.9515743220808216,5342030,equity_parkinson_variance,global,observation,2016-01-01,400,
69,4.0,2.106172766084051,5342030,equity_parkinson_variance,global,observation,2016-01-01,400,
70,1.0,0.5868940631554683,5340505,equity_parkinson_variance,global,observation,2016-01-01,400,
70,1.5,0.5659216462245839,5340505,equity_parkinson_variance,global,observation,2016-01-01,400,
70,2.0,0.6103069016045418,5340505,equity_parkinson_variance,global,observation,2016-01-01,400,
70,3.0,0.9532568582669922,5340505,equity_parkinson_variance,global,observation,2016-01-01,400,
70,4.0,2.1076503576508405,5340505,equity_parkinson_variance,global,observation,2016-01-01,400,
71,1.0,0.5870103834373056,5338980,equity_parkinson_variance,global,observation,2016-01-01,400,
71,1.5,0.5662162662047013,5338980,equity_parkinson_variance,global,observation,2016-01-01,400,
71,2.0,0.6108904410531134,5338980,equity_parkinson_variance,global,observation,2016-01-01,400,
71,3.0,0.955281973591957,5338980,equity_parkinson_variance,global,observation,2016-01-01,400,
71,4.0,2.116134217256733,5338980,equity_parkinson_variance,global,observation,2016-01-01,400,
72,1.0,0.5878746550309258,5337455,equity_parkinson_variance,global,observation,2016-01-01,400,
72,1.5,0.5674219998776965,5337455,equity_parkinson_variance,global,observation,2016-01-01,400,
72,2.0,0.6125086284078048,5337455,equity_parkinson_variance,global,observation,2016-01-01,400,
72,3.0,0.958205622378954,5337455,equity_parkinson_variance,global,observation,2016-01-01,400,
72,4.0,2.122425289645131,5337455,equity_parkinson_variance,global,observation,2016-01-01,400,
73,1.0,0.588319404307346,5335930,equity_parkinson_variance,global,observation,2016-01-01,400,
73,1.5,0.56800935801075,5335930,equity_parkinson_variance,global,observation,2016-01-01,400,
73,2.0,0.6132444654737584,5335930,equity_parkinson_variance,global,observation,2016-01-01,400,
73,3.0,0.959091814436594,5335930,equity_parkinson_variance,global,observation,2016-01-01,400,
73,4.0,2.120407204297961,5335930,equity_parkinson_variance,global,observation,2016-01-01,400,
74,1.0,0.5892662780116914,5334405,equity_parkinson_variance,global,observation,2016-01-01,400,
74,1.5,0.5693403101305882,5334405,equity_parkinson_variance,global,observation,2016-01-01,400,
74,2.0,0.6150969269375547,5334405,equity_parkinson_variance,global,observation,2016-01-01,400,
74,3.0,0.963230561956621,5334405,equity_parkinson_variance,global,observation,2016-01-01,400,
74,4.0,2.1328853061109774,5334405,equity_parkinson_variance,global,observation,2016-01-01,400,
75,1.0,0.5903234074278332,5332880,equity_parkinson_variance,global,observation,2016-01-01,400,
75,1.5,0.5706838879694942,5332880,equity_parkinson_variance,global,observation,2016-01-01,400,
75,2.0,0.616626500367217,5332880,equity_parkinson_variance,global,observation,2016-01-01,400,
75,3.0,0.9642338768113284,5332880,equity_parkinson_variance,global,observation,2016-01-01,400,
75,4.0,2.127689600538985,5332880,equity_parkinson_variance,global,observation,2016-01-01,400,
76,1.0,0.5911981508724513,5331355,equity_parkinson_variance,global,observation,2016-01-01,400,
76,1.5,0.5719341059986107,5331355,equity_parkinson_variance,global,observation,2016-01-01,400,
76,2.0,0.6184333164719885,5331355,equity_parkinson_variance,global,observation,2016-01-01,400,
76,3.0,0.9684587653876254,5331355,equity_parkinson_variance,global,observation,2016-01-01,400,
76,4.0,2.138397041616924,5331355,equity_parkinson_variance,global,observation,2016-01-01,400,
77,1.0,0.5919264100747521,5329830,equity_parkinson_variance,global,observation,2016-01-01,400,
77,1.5,0.5727169388720909,5329830,equity_parkinson_variance,global,observation,2016-01-01,400,
77,2.0,0.6192557397479479,5329830,equity_parkinson_variance,global,observation,2016-01-01,400,
77,3.0,0.9696959126917628,5329830,equity_parkinson_variance,global,observation,2016-01-01,400,
77,4.0,2.142756423596294,5329830,equity_parkinson_variance,global,observation,2016-01-01,400,
78,1.0,0.5924020438476753,5328305,equity_parkinson_variance,global,observation,2016-01-01,400,
78,1.5,0.5735452427064414,5328305,equity_parkinson_variance,global,observation,2016-01-01,400,
78,2.0,0.6205311418752929,5328305,equity_parkinson_variance,global,observation,2016-01-01,400,
78,3.0,0.9723802450245268,5328305,equity_parkinson_variance,global,observation,2016-01-01,400,
78,4.0,2.1481913096869287,5328305,equity_parkinson_variance,global,observation,2016-01-01,400,
79,1.0,0.5928714398932733,5326780,equity_parkinson_variance,global,observation,2016-01-01,400,
79,1.5,0.5740096436262966,5326780,equity_parkinson_variance,global,observation,2016-01-01,400,
79,2.0,0.620901669053987,5326780,equity_parkinson_variance,global,observation,2016-01-01,400,
79,3.0,0.9721897832732788,5326780,equity_parkinson_variance,global,observation,2016-01-01,400,
79,4.0,2.1473678124189526,5326780,equity_parkinson_variance,global,observation,2016-01-01,400,
80,1.0,0.5932333601899372,5325255,equity_parkinson_variance,global,observation,2016-01-01,400,
80,1.5,0.5743445690347937,5325255,equity_parkinson_variance,global,observation,2016-01-01,400,
80,2.0,0.6211268153497781,5325255,equity_parkinson_variance,global,observation,2016-01-01,400,
80,3.0,0.9715560083476428,5325255,equity_parkinson_variance,global,observation,2016-01-01,400,
80,4.0,2.14216353091822,5325255,equity_parkinson_variance,global,observation,2016-01-01,400,
81,1.0,0.5937961796855987,5323730,equity_parkinson_variance,global,observation,2016-01-01,400,
81,1.5,0.5752282058356252,5323730,equity_parkinson_variance,global,observation,2016-01-01,400,
81,2.0,0.622503611549857,5323730,equity_parkinson_variance,global,observation,2016-01-01,400,
81,3.0,0.975052023746392,5323730,equity_parkinson_variance,global,observation,2016-01-01,400,
81,4.0,2.151055075828709,5323730,equity_parkinson_variance,global,observation,2016-01-01,400,
82,1.0,0.5945045198414641,5322205,equity_parkinson_variance,global,observation,2016-01-01,400,
82,1.5,0.5761416314511426,5322205,equity_parkinson_variance,global,observation,2016-01-01,400,
82,2.0,0.6236415192673889,5322205,equity_parkinson_variance,global,observation,2016-01-01,400,
82,3.0,0.9769318708863732,5322205,equity_parkinson_variance,global,observation,2016-01-01,400,
82,4.0,2.1554147701943047,5322205,equity_parkinson_variance,global,observation,2016-01-01,400,
83,1.0,0.5956117238088425,5320680,equity_parkinson_variance,global,observation,2016-01-01,400,
83,1.5,0.5777770466874553,5320680,equity_parkinson_variance,global,observation,2016-01-01,400,
83,2.0,0.6260774173085325,5320680,equity_parkinson_variance,global,observation,2016-01-01,400,
83,3.0,0.9831817072004848,5320680,equity_parkinson_variance,global,observation,2016-01-01,400,
83,4.0,2.1756296642485995,5320680,equity_parkinson_variance,global,observation,2016-01-01,400,
84,1.0,0.5963324844597173,5319155,equity_parkinson_variance,global,observation,2016-01-01,400,
84,1.5,0.578597628682866,5319155,equity_parkinson_variance,global,observation,2016-01-01,400,
84,2.0,0.6269010793716139,5319155,equity_parkinson_variance,global,observation,2016-01-01,400,
84,3.0,0.9832300688356796,5319155,equity_parkinson_variance,global,observation,2016-01-01,400,
84,4.0,2.170691146528068,5319155,equity_parkinson_variance,global,observation,2016-01-01,400,
85,1.0,0.5970197971733635,5317630,equity_parkinson_variance,global,observation,2016-01-01,400,
85,1.5,0.5796301760056666,5317630,equity_parkinson_variance,global,observation,2016-01-01,400,
85,2.0,0.6283803658199043,5317630,equity_parkinson_variance,global,observation,2016-01-01,400,
85,3.0,0.986606469914936,5317630,equity_parkinson_variance,global,observation,2016-01-01,400,
85,4.0,2.1824723210142003,5317630,equity_parkinson_variance,global,observation,2016-01-01,400,
86,1.0,0.5979875390555103,5316105,equity_parkinson_variance,global,observation,2016-01-01,400,
86,1.5,0.5808136630490802,5316105,equity_parkinson_variance,global,observation,2016-01-01,400,
86,2.0,0.6298124942714272,5316105,equity_parkinson_variance,global,observation,2016-01-01,400,
86,3.0,0.9887024878168778,5316105,equity_parkinson_variance,global,observation,2016-01-01,400,
86,4.0,2.182914421980844,5316105,equity_parkinson_variance,global,observation,2016-01-01,400,
87,1.0,0.5986069658300766,5314580,equity_parkinson_variance,global,observation,2016-01-01,400,
87,1.5,0.5817170031443379,5314580,equity_parkinson_variance,global,observation,2016-01-01,400,
87,2.0,0.6310554093893477,5314580,equity_parkinson_variance,global,observation,2016-01-01,400,
87,3.0,0.9911968364103466,5314580,equity_parkinson_variance,global,observation,2016-01-01,400,
87,4.0,2.190582912417149,5314580,equity_parkinson_variance,global,observation,2016-01-01,400,
88,1.0,0.5992674159777474,5313055,equity_parkinson_variance,global,observation,2016-01-01,400,
88,1.5,0.582661778423432,5313055,equity_parkinson_variance,global,observation,2016-01-01,400,
88,2.0,0.6323183326311624,5313055,equity_parkinson_variance,global,observation,2016-01-01,400,
88,3.0,0.9931775644399856,5313055,equity_parkinson_variance,global,observation,2016-01-01,400,
88,4.0,2.1927250232262714,5313055,equity_parkinson_variance,global,observation,2016-01-01,400,
89,1.0,0.5996803414474979,5311530,equity_parkinson_variance,global,observation,2016-01-01,400,
89,1.5,0.5832427140231824,5311530,equity_parkinson_variance,global,observation,2016-01-01,400,
89,2.0,0.6331228562826791,5311530,equity_parkinson_variance,global,observation,2016-01-01,400,
89,3.0,0.9949468422577148,5311530,equity_parkinson_variance,global,observation,2016-01-01,400,
89,4.0,2.197813149957288,5311530,equity_parkinson_variance,global,observation,2016-01-01,400,
90,1.0,0.6002976015582491,5310005,equity_parkinson_variance,global,observation,2016-01-01,400,
90,1.5,0.5839483403166997,5310005,equity_parkinson_variance,global,observation,2016-01-01,400,
90,2.0,0.6338830225442463,5310005,equity_parkinson_variance,global,observation,2016-01-01,400,
90,3.0,0.9954241336736478,5310005,equity_parkinson_variance,global,observation,2016-01-01,400,
90,4.0,2.1936427317943767,5310005,equity_parkinson_variance,global,observation,2016-01-01,400,
91,1.0,0.6004171033375553,5308480,equity_parkinson_variance,global,observation,2016-01-01,400,
91,1.5,0.5838680539006825,5308480,equity_parkinson_variance,global,observation,2016-01-01,400,
91,2.0,0.6335051163823557,5308480,equity_parkinson_variance,global,observation,2016-01-01,400,
91,3.0,0.994329737365888,5308480,equity_parkinson_variance,global,observation,2016-01-01,400,
91,4.0,2.1951098362016683,5308480,equity_parkinson_variance,global,observation,2016-01-01,400,
92,1.0,0.6000883923010005,5306955,equity_parkinson_variance,global,observation,2016-01-01,400,
92,1.5,0.5833890958787976,5306955,equity_parkinson_variance,global,observation,2016-01-01,400,
92,2.0,0.6327830950074896,5306955,equity_parkinson_variance,global,observation,2016-01-01,400,
92,3.0,0.9922570736527708,5306955,equity_parkinson_variance,global,observation,2016-01-01,400,
92,4.0,2.185535446840248,5306955,equity_parkinson_variance,global,observation,2016-01-01,400,
93,1.0,0.6011701334203841,5305430,equity_parkinson_variance,global,observation,2016-01-01,400,
93,1.5,0.5848904225027338,5305430,equity_parkinson_variance,global,observation,2016-01-01,400,
93,2.0,0.634880508473589,5305430,equity_parkinson_variance,global,observation,2016-01-01,400,
93,3.0,0.9968928341977422,5305430,equity_parkinson_variance,global,observation,2016-01-01,400,
93,4.0,2.1983643560616857,5305430,equity_parkinson_variance,global,observation,2016-01-01,400,
94,1.0,0.601670378234401,5303905,equity_parkinson_variance,global,observation,2016-01-01,400,
94,1.5,0.5854903061894711,5303905,equity_parkinson_variance,global,observation,2016-01-01,400,
94,2.0,0.6355460693426807,5303905,equity_parkinson_variance,global,observation,2016-01-01,400,
94,3.0,0.997732956092398,5303905,equity_parkinson_variance,global,observation,2016-01-01,400,
94,4.0,2.2016962913089246,5303905,equity_parkinson_variance,global,observation,2016-01-01,400,
95,1.0,0.6020098058623417,5302380,equity_parkinson_variance,global,observation,2016-01-01,400,
95,1.5,0.5860333325332,5302380,equity_parkinson_variance,global,observation,2016-01-01,400,
95,2.0,0.636353615833331,5302380,equity_parkinson_variance,global,observation,2016-01-01,400,
95,3.0,0.9994391896734248,5302380,equity_parkinson_variance,global,observation,2016-01-01,400,
95,4.0,2.2058947093236,5302380,equity_parkinson_variance,global,observation,2016-01-01,400,
96,1.0,0.60201924588044,5300855,equity_parkinson_variance,global,observation,2016-01-01,400,
96,1.5,0.5859273127627839,5300855,equity_parkinson_variance,global,observation,2016-01-01,400,
96,2.0,0.6360048734087016,5300855,equity_parkinson_variance,global,observation,2016-01-01,400,
96,3.0,0.997729397258649,5300855,equity_parkinson_variance,global,observation,2016-01-01,400,
96,4.0,2.198926668686151,5300855,equity_parkinson_variance,global,observation,2016-01-01,400,
97,1.0,0.6021676858278089,5299330,equity_parkinson_variance,global,observation,2016-01-01,400,
97,1.5,0.5862253109698526,5299330,equity_parkinson_variance,global,observation,2016-01-01,400,
97,2.0,0.6365497004244374,5299330,equity_parkinson_variance,global,observation,2016-01-01,400,
97,3.0,0.999496753376544,5299330,equity_parkinson_variance,global,observation,2016-01-01,400,
97,4.0,2.204858526150889,5299330,equity_parkinson_variance,global,observation,2016-01-01,400,
98,1.0,0.6023693440854705,5297805,equity_parkinson_variance,global,observation,2016-01-01,400,
98,1.5,0.5865175155518442,5297805,equity_parkinson_variance,global,observation,2016-01-01,400,
98,2.0,0.6369158453708968,5297805,equity_parkinson_variance,global,observation,2016-01-01,400,
98,3.0,0.9999105401443296,5297805,equity_parkinson_variance,global,observation,2016-01-01,400,
98,4.0,2.2060186921083687,5297805,equity_parkinson_variance,global,observation,2016-01-01,400,
99,1.0,0.6025412598460326,5296280,equity_parkinson_variance,global,observation,2016-01-01,400,
99,1.5,0.5865223548065396,5296280,equity_parkinson_variance,global,observation,2016-01-01,400,
99,2.0,0.6366205851735142,5296280,equity_parkinson_variance,global,observation,2016-01-01,400,
99,3.0,0.9979079261452624,5296280,equity_parkinson_variance,global,observation,2016-01-01,400,
99,4.0,2.195306476749796,5296280,equity_parkinson_variance,global,observation,2016-01-01,400,
100,1.0,0.6024831954068748,5294755,equity_parkinson_variance,global,observation,2016-01-01,400,
100,1.5,0.5864899215900343,5294755,equity_parkinson_variance,global,observation,2016-01-01,400,
100,2.0,0.6366412288500715,5294755,equity_parkinson_variance,global,observation,2016-01-01,400,
100,3.0,0.9981711434142714,5294755,equity_parkinson_variance,global,observation,2016-01-01,400,
100,4.0,2.1961667124154323,5294755,equity_parkinson_variance,global,observation,2016-01-01,400,
101,1.0,0.6019402045474922,5293230,equity_parkinson_variance,global,observation,2016-01-01,400,
101,1.5,0.5859962586872508,5293230,equity_parkinson_variance,global,observation,2016-01-01,400,
101,2.0,0.636363523918243,5293230,equity_parkinson_variance,global,observation,2016-01-01,400,
101,3.0,0.9998895347612524,5293230,equity_parkinson_variance,global,observation,2016-01-01,400,
101,4.0,2.209893755886442,5293230,equity_parkinson_variance,global,observation,2016-01-01,400,
102,1.0,0.6020110993112887,5291705,equity_parkinson_variance,global,observation,2016-01-01,400,
102,1.5,0.585840863302129,5291705,equity_parkinson_variance,global,observation,2016-01-01,400,
102,2.0,0.6357874577704595,5291705,equity_parkinson_variance,global,observation,2016-01-01,400,
102,3.0,0.9967649551025516,5291705,equity_parkinson_variance,global,observation,2016-01-01,400,
102,4.0,2.1938639505082227,5291705,equity_parkinson_variance,global,observation,2016-01-01,400,
103,1.0,0.6026575405963404,5290180,equity_parkinson_variance,global,observation,2016-01-01,400,
103,1.5,0.5868339489750313,5290180,equity_parkinson_variance,global,observation,2016-01-01,400,
103,2.0,0.6373298936514336,5290180,equity_parkinson_variance,global,observation,2016-01-01,400,
103,3.0,1.0013877608186017,5290180,equity_parkinson_variance,global,observation,2016-01-01,400,
103,4.0,2.2133667649798023,5290180,equity_parkinson_variance,global,observation,2016-01-01,400,
104,1.0,0.602257746466557,5288655,equity_parkinson_variance,global,observation,2016-01-01,400,
104,1.5,0.5862308070369591,5288655,equity_parkinson_variance,global,observation,2016-01-01,400,
104,2.0,0.6364002299836901,5288655,equity_parkinson_variance,global,observation,2016-01-01,400,
104,3.0,0.998371999215064,5288655,equity_parkinson_variance,global,observation,2016-01-01,400,
104,4.0,2.197903112339822,5288655,equity_parkinson_variance,global,observation,2016-01-01,400,
105,1.0,0.6029772182060772,5287130,equity_parkinson_variance,global,observation,2016-01-01,400,
105,1.5,0.5873409630970938,5287130,equity_parkinson_variance,global,observation,2016-01-01,400,
105,2.0,0.6380337974693835,5287130,equity_parkinson_variance,global,observation,2016-01-01,400,
105,3.0,1.0019342413462038,5287130,equity_parkinson_variance,global,observation,2016-01-01,400,
105,4.0,2.207495826689754,5287130,equity_parkinson_variance,global,observation,2016-01-01,400,
106,1.0,0.6026011650595915,5285605,equity_parkinson_variance,global,observation,2016-01-01,400,
106,1.5,0.5871372585741098,5285605,equity_parkinson_variance,global,observation,2016-01-01,400,
106,2.0,0.6381937721048396,5285605,equity_parkinson_variance,global,observation,2016-01-01,400,
106,3.0,1.0041916417534251,5285605,equity_parkinson_variance,global,observation,2016-01-01,400,
106,4.0,2.2194328053261496,5285605,equity_parkinson_variance,global,observation,2016-01-01,400,
107,1.0,0.6024569240495931,5284080,equity_parkinson_variance,global,observation,2016-01-01,400,
107,1.5,0.5869316397737209,5284080,equity_parkinson_variance,global,observation,2016-01-01,400,
107,2.0,0.6378649839625927,5284080,equity_parkinson_variance,global,observation,2016-01-01,400,
107,3.0,1.0031673839595294,5284080,equity_parkinson_variance,global,observation,2016-01-01,400,
107,4.0,2.215957085950956,5284080,equity_parkinson_variance,global,observation,2016-01-01,400,
108,1.0,0.6033237816239037,5282555,equity_parkinson_variance,global,observation,2016-01-01,400,
108,1.5,0.5880911866037455,5282555,equity_parkinson_variance,global,observation,2016-01-01,400,
108,2.0,0.6395178785045142,5282555,equity_parkinson_variance,global,observation,2016-01-01,400,
108,3.0,1.007895489068586,5282555,equity_parkinson_variance,global,observation,2016-01-01,400,
108,4.0,2.2348610715841826,5282555,equity_parkinson_variance,global,observation,2016-01-01,400,
109,1.0,0.6033216012130448,5281030,equity_parkinson_variance,global,observation,2016-01-01,400,
109,1.5,0.5880339077504262,5281030,equity_parkinson_variance,global,observation,2016-01-01,400,
109,2.0,0.6393216568795799,5281030,equity_parkinson_variance,global,observation,2016-01-01,400,
109,3.0,1.0065322255314024,5281030,equity_parkinson_variance,global,observation,2016-01-01,400,
109,4.0,2.225501256921456,5281030,equity_parkinson_variance,global,observation,2016-01-01,400,
110,1.0,0.6036934070328575,5279505,equity_parkinson_variance,global,observation,2016-01-01,400,
110,1.5,0.5887713538140297,5279505,equity_parkinson_variance,global,observation,2016-01-01,400,
110,2.0,0.6405172583798682,5279505,equity_parkinson_variance,global,observation,2016-01-01,400,
110,3.0,1.0090101450003508,5279505,equity_parkinson_variance,global,observation,2016-01-01,400,
110,4.0,2.2296362428960674,5279505,equity_parkinson_variance,global,observation,2016-01-01,400,
111,1.0,0.6038419658592247,5277980,equity_parkinson_variance,global,observation,2016-01-01,400,
111,1.5,0.5888043080950167,5277980,equity_parkinson_variance,global,observation,2016-01-01,400,
111,2.0,0.6403689399073266,5277980,equity_parkinson_variance,global,observation,2016-01-01,400,
111,3.0,1.0083846830590075,5277980,equity_parkinson_variance,global,observation,2016-01-01,400,
111,4.0,2.229818677519724,5277980,equity_parkinson_variance,global,observation,2016-01-01,400,
112,1.0,0.6038050800514226,5276455,equity_parkinson_variance,global,observation,2016-01-01,400,
112,1.5,0.5888018667445786,5276455,equity_parkinson_variance,global,observation,2016-01-01,400,
112,2.0,0.6403338794457416,5276455,equity_parkinson_variance,global,observation,2016-01-01,400,
112,3.0,1.0074587608945451,5276455,equity_parkinson_variance,global,observation,2016-01-01,400,
112,4.0,2.2237070376568946,5276455,equity_parkinson_variance,global,observation,2016-01-01,400,
113,1.0,0.6043421732685634,5274930,equity_parkinson_variance,global,observation,2016-01-01,400,
113,1.5,0.5893716996200912,5274930,equity_parkinson_variance,global,observation,2016-01-01,400,
113,2.0,0.6409931869764031,5274930,equity_parkinson_variance,global,observation,2016-01-01,400,
113,3.0,1.0092495313478682,5274930,equity_parkinson_variance,global,observation,2016-01-01,400,
113,4.0,2.2322983734090505,5274930,equity_parkinson_variance,global,observation,2016-01-01,400,
114,1.0,0.6038274768867,5273405,equity_parkinson_variance,global,observation,2016-01-01,400,
114,1.5,0.5888029545885421,5273405,equity_parkinson_variance,global,observation,2016-01-01,400,
114,2.0,0.640450450879145,5273405,equity_parkinson_variance,global,observation,2016-01-01,400,
114,3.0,1.0090350877619374,5273405,equity_parkinson_variance,global,observation,2016-01-01,400,
114,4.0,2.23368071689878,5273405,equity_parkinson_variance,global,observation,2016-01-01,400,
115,1.0,0.6040318294049396,5271880,equity_parkinson_variance,global,observation,2016-01-01,400,
115,1.5,0.5892747440956885,5271880,equity_parkinson_variance,global,observation,2016-01-01,400,
115,2.0,0.6412560899848072,5271880,equity_parkinson_variance,global,observation,2016-01-01,400,
115,3.0,1.010956745718283,5271880,equity_parkinson_variance,global,observation,2016-01-01,400,
115,4.0,2.237264388576791,5271880,equity_parkinson_variance,global,observation,2016-01-01,400,
116,1.0,0.6050007737205296,5270355,equity_parkinson_variance,global,observation,2016-01-01,400,
116,1.5,0.5904493950858463,5270355,equity_parkinson_variance,global,observation,2016-01-01,400,
116,2.0,0.6426773153792809,5270355,equity_parkinson_variance,global,observation,2016-01-01,400,
116,3.0,1.0130170214466916,5270355,equity_parkinson_variance,global,observation,2016-01-01,400,
116,4.0,2.2394129885253475,5270355,equity_parkinson_variance,global,observation,2016-01-01,400,
117,1.0,0.6050865015895456,5268830,equity_parkinson_variance,global,observation,2016-01-01,400,
117,1.5,0.5905415279261121,5268830,equity_parkinson_variance,global,observation,2016-01-01,400,
117,2.0,0.6426824501972364,5268830,equity_parkinson_variance,global,observation,2016-01-01,400,
117,3.0,1.0121791779191125,5268830,equity_parkinson_variance,global,observation,2016-01-01,400,
117,4.0,2.2343474437491038,5268830,equity_parkinson_variance,global,observation,2016-01-01,400,
118,1.0,0.6056586800385511,5267305,equity_parkinson_variance,global,observation,2016-01-01,400,
118,1.5,0.5913246726550977,5267305,equity_parkinson_variance,global,observation,2016-01-01,400,
118,2.0,0.6437305078587994,5267305,equity_parkinson_variance,global,observation,2016-01-01,400,
118,3.0,1.0143122591803873,5267305,equity_parkinson_variance,global,observation,2016-01-01,400,
118,4.0,2.239834946984203,5267305,equity_parkinson_variance,global,observation,2016-01-01,400,
119,1.0,0.6050561009809943,5265780,equity_parkinson_variance,global,observation,2016-01-01,400,
119,1.5,0.5905767858882184,5265780,equity_parkinson_variance,global,observation,2016-01-01,400,
119,2.0,0.6428445750216797,5265780,equity_parkinson_variance,global,observation,2016-01-01,400,
119,3.0,1.0131636350103783,5265780,equity_parkinson_variance,global,observation,2016-01-01,400,
119,4.0,2.2400394419030527,5265780,equity_parkinson_variance,global,observation,2016-01-01,400,
120,1.0,0.6054295866662246,5264255,equity_parkinson_variance,global,observation,2016-01-01,400,
120,1.5,0.5912232408693733,5264255,equity_parkinson_variance,global,observation,2016-01-01,400,
120,2.0,0.6438043597848275,5264255,equity_parkinson_variance,global,observation,2016-01-01,400,
120,3.0,1.0147240146932903,5264255,equity_parkinson_variance,global,observation,2016-01-01,400,
120,4.0,2.239517084056708,5264255,equity_parkinson_variance,global,observation,2016-01-01,400,
121,1.0,0.6061283627995444,5262730,equity_parkinson_variance,global,observation,2016-01-01,400,
121,1.5,0.5922677620855346,5262730,equity_parkinson_variance,global,observation,2016-01-01,400,
121,2.0,0.6453167488748354,5262730,equity_parkinson_variance,global,observation,2016-01-01,400,
121,3.0,1.0181535521486451,5262730,equity_parkinson_variance,global,observation,2016-01-01,400,
121,4.0,2.2494854598615364,5262730,equity_parkinson_variance,global,observation,2016-01-01,400,
122,1.0,0.6065517010840102,5261205,equity_parkinson_variance,global,observation,2016-01-01,400,
122,1.5,0.5925956130470081,5261205,equity_parkinson_variance,global,observation,2016-01-01,400,
122,2.0,0.6454481416710807,5261205,equity_parkinson_variance,global,observation,2016-01-01,400,
122,3.0,1.017334958341768,5261205,equity_parkinson_variance,global,observation,2016-01-01,400,
122,4.0,2.2459231971681914,5261205,equity_parkinson_variance,global,observation,2016-01-01,400,
123,1.0,0.6066022158298989,5259680,equity_parkinson_variance,global,observation,2016-01-01,400,
123,1.5,0.5928771839669249,5259680,equity_parkinson_variance,global,observation,2016-01-01,400,
123,2.0,0.64613624298107,5259680,equity_parkinson_variance,global,observation,2016-01-01,400,
123,3.0,1.0202081636714255,5259680,equity_parkinson_variance,global,observation,2016-01-01,400,
123,4.0,2.2576535002674505,5259680,equity_parkinson_variance,global,observation,2016-01-01,400,
124,1.0,0.6065389814010957,5258155,equity_parkinson_variance,global,observation,2016-01-01,400,
124,1.5,0.5928519338872053,5258155,equity_parkinson_variance,global,observation,2016-01-01,400,
124,2.0,0.6461378838985812,5258155,equity_parkinson_variance,global,observation,2016-01-01,400,
124,3.0,1.019784594044175,5258155,equity_parkinson_variance,global,observation,2016-01-01,400,
124,4.0,2.252535767049733,5258155,equity_parkinson_variance,global,observation,2016-01-01,400,
125,1.0,0.606567003448512,5256630,equity_parkinson_variance,global,observation,2016-01-01,400,
125,1.5,0.5929870251144609,5256630,equity_parkinson_variance,global,observation,2016-01-01,400,
125,2.0,0.6465107643199653,5256630,equity_parkinson_variance,global,observation,2016-01-01,400,
125,3.0,1.0218752255583268,5256630,equity_parkinson_variance,global,observation,2016-01-01,400,
125,4.0,2.2642578943860494,5256630,equity_parkinson_variance,global,observation,2016-01-01,400,
126,1.0,0.606868241303529,5255105,equity_parkinson_variance,global,observation,2016-01-01,400,
126,1.5,0.5932016126777009,5255105,equity_parkinson_variance,global,observation,2016-01-01,400,
126,2.0,0.6464154813224507,5255105,equity_parkinson_variance,global,observation,2016-01-01,400,
126,3.0,1.0190514834520144,5255105,equity_parkinson_variance,global,observation,2016-01-01,400,
126,4.0,2.2455087594165297,5255105,equity_parkinson_variance,global,observation,2016-01-01,400,
127,1.0,0.607032784209118,5253580,equity_parkinson_variance,global,observation,2016-01-01,400,
127,1.5,0.5935773994531659,5253580,equity_parkinson_variance,global,observation,2016-01-01,400,
127,2.0,0.6471521451789884,5253580,equity_parkinson_variance,global,observation,2016-01-01,400,
127,3.0,1.021969261611308,5253580,equity_parkinson_variance,global,observation,2016-01-01,400,
127,4.0,2.259441876676011,5253580,equity_parkinson_variance,global,observation,2016-01-01,400,
128,1.0,0.6081590350347629,5252055,equity_parkinson_variance,global,observation,2016-01-01,400,
128,1.5,0.5949895724943106,5252055,equity_parkinson_variance,global,observation,2016-01-01,400,
128,2.0,0.6489655179282817,5252055,equity_parkinson_variance,global,observation,2016-01-01,400,
128,3.0,1.0256199317937331,5252055,equity_parkinson_variance,global,observation,2016-01-01,400,
128,4.0,2.2682507837701023,5252055,equity_parkinson_variance,global,observation,2016-01-01,400,
129,1.0,0.6087775707484396,5250530,equity_parkinson_variance,global,observation,2016-01-01,400,
129,1.5,0.5957783827915485,5250530,equity_parkinson_variance,global,observation,2016-01-01,400,
129,2.0,0.6499009388140775,5250530,equity_parkinson_variance,global,observation,2016-01-01,400,
129,3.0,1.0263666085167111,5250530,equity_parkinson_variance,global,observation,2016-01-01,400,
129,4.0,2.2640235198429663,5250530,equity_parkinson_variance,global,observation,2016-01-01,400,
130,1.0,0.6092314840770247,5249005,equity_parkinson_variance,global,observation,2016-01-01,400,
130,1.5,0.596348295340326,5249005,equity_parkinson_variance,global,observation,2016-01-01,400,
130,2.0,0.6505353335804631,5249005,equity_parkinson_variance,global,observation,2016-01-01,400,
130,3.0,1.026920154525106,5249005,equity_parkinson_variance,global,observation,2016-01-01,400,
130,4.0,2.264589015839652,5249005,equity_parkinson_variance,global,observation,2016-01-01,400,
131,1.0,0.609795392199797,5247480,equity_parkinson_variance,global,observation,2016-01-01,400,
131,1.5,0.597022357609476,5247480,equity_parkinson_variance,global,observation,2016-01-01,400,
131,2.0,0.6512767757003696,5247480,equity_parkinson_variance,global,observation,2016-01-01,400,
131,3.0,1.0274989993115535,5247480,equity_parkinson_variance,global,observation,2016-01-01,400,
131,4.0,2.262816896842129,5247480,equity_parkinson_variance,global,observation,2016-01-01,400,
132,1.0,0.610762902923792,5245955,equity_parkinson_variance,global,observation,2016-01-01,400,
132,1.5,0.5983338258253826,5245955,equity_parkinson_variance,global,observation,2016-01-01,400,
132,2.0,0.6530413544739807,5245955,equity_parkinson_variance,global,observation,2016-01-01,400,
132,3.0,1.030964874514216,5245955,equity_parkinson_variance,global,observation,2016-01-01,400,
132,4.0,2.270076926531477,5245955,equity_parkinson_variance,global,observation,2016-01-01,400,
133,1.0,0.6109913135302852,5244430,equity_parkinson_variance,global,observation,2016-01-01,400,
133,1.5,0.5986651494975755,5244430,equity_parkinson_variance,global,observation,2016-01-01,400,
133,2.0,0.653526241099412,5244430,equity_parkinson_variance,global,observation,2016-01-01,400,
133,3.0,1.0324262397265116,5244430,equity_parkinson_variance,global,observation,2016-01-01,400,
133,4.0,2.278055221976401,5244430,equity_parkinson_variance,global,observation,2016-01-01,400,
134,1.0,0.6110342954290773,5242905,equity_parkinson_variance,global,observation,2016-01-01,400,
134,1.5,0.5989386877347272,5242905,equity_parkinson_variance,global,observation,2016-01-01,400,
134,2.0,0.6541412748189059,5242905,equity_parkinson_variance,global,observation,2016-01-01,400,
134,3.0,1.034261595753058,5242905,equity_parkinson_variance,global,observation,2016-01-01,400,
134,4.0,2.281147794696332,5242905,equity_parkinson_variance,global,observation,2016-01-01,400,
135,1.0,0.6114077110648624,5241380,equity_parkinson_variance,global,observation,2016-01-01,400,
135,1.5,0.5994887138350596,5241380,equity_parkinson_variance,global,observation,2016-01-01,400,
135,2.0,0.6549557069044486,5241380,equity_parkinson_variance,global,observation,2016-01-01,400,
135,3.0,1.0364954341552133,5241380,equity_parkinson_variance,global,observation,2016-01-01,400,
135,4.0,2.291767807278668,5241380,equity_parkinson_variance,global,observation,2016-01-01,400,
136,1.0,0.6120034390295523,5239855,equity_parkinson_variance,global,observation,2016-01-01,400,
136,1.5,0.6002331838403714,5239855,equity_parkinson_variance,global,observation,2016-01-01,400,
136,2.0,0.6557928562698241,5239855,equity_parkinson_variance,global,observation,2016-01-01,400,
136,3.0,1.037264234544513,5239855,equity_parkinson_variance,global,observation,2016-01-01,400,
136,4.0,2.2920878159655618,5239855,equity_parkinson_variance,global,observation,2016-01-01,400,
137,1.0,0.6127373820040941,5238330,equity_parkinson_variance,global,observation,2016-01-01,400,
137,1.5,0.6010559615831981,5238330,equity_parkinson_variance,global,observation,2016-01-01,400,
137,2.0,0.656720551492389,5238330,equity_parkinson_variance,global,observation,2016-01-01,400,
137,3.0,1.0385658996133642,5238330,equity_parkinson_variance,global,observation,2016-01-01,400,
137,4.0,2.2914172634720464,5238330,equity_parkinson_variance,global,observation,2016-01-01,400,
138,1.0,0.6129709827298948,5236805,equity_parkinson_variance,global,observation,2016-01-01,400,
138,1.5,0.6013956232420032,5236805,equity_parkinson_variance,global,observation,2016-01-01,400,
138,2.0,0.6570903666475634,5236805,equity_parkinson_variance,global,observation,2016-01-01,400,
138,3.0,1.03793065757881,5236805,equity_parkinson_variance,global,observation,2016-01-01,400,
138,4.0,2.28220106314859,5236805,equity_parkinson_variance,global,observation,2016-01-01,400,
139,1.0,0.6131828876492721,5235280,equity_parkinson_variance,global,observation,2016-01-01,400,
139,1.5,0.6016498051566297,5235280,equity_parkinson_variance,global,observation,2016-01-01,400,
139,2.0,0.6573862665872031,5235280,equity_parkinson_variance,global,observation,2016-01-01,400,
139,3.0,1.038403996150513,5235280,equity_parkinson_variance,global,observation,2016-01-01,400,
139,4.0,2.2837882498968063,5235280,equity_parkinson_variance,global,observation,2016-01-01,400,
140,1.0,0.6128271622763032,5233755,equity_parkinson_variance,global,observation,2016-01-01,400,
140,1.5,0.6012601769596837,5233755,equity_parkinson_variance,global,observation,2016-01-01,400,
140,2.0,0.6570188927313114,5233755,equity_parkinson_variance,global,observation,2016-01-01,400,
140,3.0,1.0386251077157305,5233755,equity_parkinson_variance,global,observation,2016-01-01,400,
140,4.0,2.2885830601833685,5233755,equity_parkinson_variance,global,observation,2016-01-01,400,
141,1.0,0.6136434266288585,5232230,equity_parkinson_variance,global,observation,2016-01-01,400,
141,1.5,0.6022190511101578,5232230,equity_parkinson_variance,global,observation,2016-01-01,400,
141,2.0,0.6580997448250242,5232230,equity_parkinson_variance,global,observation,2016-01-01,400,
141,3.0,1.0400207836345237,5232230,equity_parkinson_variance,global,observation,2016-01-01,400,
141,4.0,2.290412834855584,5232230,equity_parkinson_variance,global,observation,2016-01-01,400,
142,1.0,0.6142850799432544,5230705,equity_parkinson_variance,global,observation,2016-01-01,400,
142,1.5,0.6030615987513678,5230705,equity_parkinson_variance,global,observation,2016-01-01,400,
142,2.0,0.6591684317084924,5230705,equity_parkinson_variance,global,observation,2016-01-01,400,
142,3.0,1.0417581776323923,5230705,equity_parkinson_variance,global,observation,2016-01-01,400,
142,4.0,2.294365836182479,5230705,equity_parkinson_variance,global,observation,2016-01-01,400,
143,1.0,0.6141859160002295,5229180,equity_parkinson_variance,global,observation,2016-01-01,400,
143,1.5,0.6030777972651186,5229180,equity_parkinson_variance,global,observation,2016-01-01,400,
143,2.0,0.6593394698117727,5229180,equity_parkinson_variance,global,observation,2016-01-01,400,
143,3.0,1.0419343491235022,5229180,equity_parkinson_variance,global,observation,2016-01-01,400,
143,4.0,2.2879603752587605,5229180,equity_parkinson_variance,global,observation,2016-01-01,400,
144,1.0,0.6149464236681863,5227655,equity_parkinson_variance,global,observation,2016-01-01,400,
144,1.5,0.6038961349324559,5227655,equity_parkinson_variance,global,observation,2016-01-01,400,
144,2.0,0.6601104593182139,5227655,equity_parkinson_variance,global,observation,2016-01-01,400,
144,3.0,1.042236240029753,5227655,equity_parkinson_variance,global,observation,2016-01-01,400,
144,4.0,2.2891669949082654,5227655,equity_parkinson_variance,global,observation,2016-01-01,400,
145,1.0,0.6148151861881408,5226130,equity_parkinson_variance,global,observation,2016-01-01,400,
145,1.5,0.603783840108596,5226130,equity_parkinson_variance,global,observation,2016-01-01,400,
145,2.0,0.6601000825622243,5226130,equity_parkinson_variance,global,observation,2016-01-01,400,
145,3.0,1.0432044550575643,5226130,equity_parkinson_variance,global,observation,2016-01-01,400,
145,4.0,2.2948665524210945,5226130,equity_parkinson_variance,global,observation,2016-01-01,400,
146,1.0,0.6148307674563201,5224605,equity_parkinson_variance,global,observation,2016-01-01,400,
146,1.5,0.6036975975248142,5224605,equity_parkinson_variance,global,observation,2016-01-01,400,
146,2.0,0.6597913328650913,5224605,equity_parkinson_variance,global,observation,2016-01-01,400,
146,3.0,1.0416423865226143,5224605,equity_parkinson_variance,global,observation,2016-01-01,400,
146,4.0,2.2892097791513915,5224605,equity_parkinson_variance,global,observation,2016-01-01,400,
147,1.0,0.6150285088062316,5223080,equity_parkinson_variance,global,observation,2016-01-01,400,
147,1.5,0.6040672681511198,5223080,equity_parkinson_variance,global,observation,2016-01-01,400,
147,2.0,0.6604375353064501,5223080,equity_parkinson_variance,global,observation,2016-01-01,400,
147,3.0,1.0439153419500913,5223080,equity_parkinson_variance,global,observation,2016-01-01,400,
147,4.0,2.3002811874877547,5223080,equity_parkinson_variance,global,observation,2016-01-01,400,
148,1.0,0.615153264882985,5221555,equity_parkinson_variance,global,observation,2016-01-01,400,
148,1.5,0.6043040096234074,5221555,equity_parkinson_variance,global,observation,2016-01-01,400,
148,2.0,0.6608531866873352,5221555,equity_parkinson_variance,global,observation,2016-01-01,400,
148,3.0,1.0448071081457364,5221555,equity_parkinson_variance,global,observation,2016-01-01,400,
148,4.0,2.299894185989697,5221555,equity_parkinson_variance,global,observation,2016-01-01,400,
149,1.0,0.6155062951756497,5220030,equity_parkinson_variance,global,observation,2016-01-01,400,
149,1.5,0.6047847618293763,5220030,equity_parkinson_variance,global,observation,2016-01-01,400,
149,2.0,0.6614728852225571,5220030,equity_parkinson_variance,global,observation,2016-01-01,400,
149,3.0,1.0457765698199042,5220030,equity_parkinson_variance,global,observation,2016-01-01,400,
149,4.0,2.30271397564376,5220030,equity_parkinson_variance,global,observation,2016-01-01,400,
150,1.0,0.6158090590550945,5218505,equity_parkinson_variance,global,observation,2016-01-01,400,
150,1.5,0.6053185684628467,5218505,equity_parkinson_variance,global,observation,2016-01-01,400,
150,2.0,0.6623423669092178,5218505,equity_parkinson_variance,global,observation,2016-01-01,400,
150,3.0,1.0479244952128608,5218505,equity_parkinson_variance,global,observation,2016-01-01,400,
150,4.0,2.3065000046898607,5218505,equity_parkinson_variance,global,observation,2016-01-01,400,
151,1.0,0.6163091099916587,5216980,equity_parkinson_variance,global,observation,2016-01-01,400,
151,1.5,0.606045709020758,5216980,equity_parkinson_variance,global,observation,2016-01-01,400,
151,2.0,0.6633665725793326,5216980,equity_parkinson_variance,global,observation,2016-01-01,400,
151,3.0,1.0497968260392565,5216980,equity_parkinson_variance,global,observation,2016-01-01,400,
151,4.0,2.3089810254351595,5216980,equity_parkinson_variance,global,observation,2016-01-01,400,
152,1.0,0.6167071217394923,5215455,equity_parkinson_variance,global,observation,2016-01-01,400,
152,1.5,0.6065921616081714,5215455,equity_parkinson_variance,global,observation,2016-01-01,400,
152,2.0,0.6640765490351206,5215455,equity_parkinson_variance,global,observation,2016-01-01,400,
152,3.0,1.051159574799054,5215455,equity_parkinson_variance,global,observation,2016-01-01,400,
152,4.0,2.312415597570025,5215455,equity_parkinson_variance,global,observation,2016-01-01,400,
153,1.0,0.6165044919074647,5213930,equity_parkinson_variance,global,observation,2016-01-01,400,
153,1.5,0.6064301240418,5213930,equity_parkinson_variance,global,observation,2016-01-01,400,
153,2.0,0.6640156734286384,5213930,equity_parkinson_variance,global,observation,2016-01-01,400,
153,3.0,1.0518542673185804,5213930,equity_parkinson_variance,global,observation,2016-01-01,400,
153,4.0,2.3189622593333845,5213930,equity_parkinson_variance,global,observation,2016-01-01,400,
154,1.0,0.6164729105688666,5212405,equity_parkinson_variance,global,observation,2016-01-01,400,
154,1.5,0.6063535185617647,5212405,equity_parkinson_variance,global,observation,2016-01-01,400,
154,2.0,0.663825808814956,5212405,equity_parkinson_variance,global,observation,2016-01-01,400,
154,3.0,1.0504572948028454,5212405,equity_parkinson_variance,global,observation,2016-01-01,400,
154,4.0,2.308761257055616,5212405,equity_parkinson_variance,global,observation,2016-01-01,400,
155,1.0,0.6164972790241943,5210880,equity_parkinson_variance,global,observation,2016-01-01,400,
155,1.5,0.6063521386074029,5210880,equity_parkinson_variance,global,observation,2016-01-01,400,
155,2.0,0.6638102806664117,5210880,equity_parkinson_variance,global,observation,2016-01-01,400,
155,3.0,1.0508174273489364,5210880,equity_parkinson_variance,global,observation,2016-01-01,400,
155,4.0,2.3129332454645724,5210880,equity_parkinson_variance,global,observation,2016-01-01,400,
156,1.0,0.6166185639491233,5209355,equity_parkinson_variance,global,observation,2016-01-01,400,
156,1.5,0.6065342395681412,5209355,equity_parkinson_variance,global,observation,2016-01-01,400,
156,2.0,0.6640683863512277,5209355,equity_parkinson_variance,global,observation,2016-01-01,400,
156,3.0,1.0511601730778564,5209355,equity_parkinson_variance,global,observation,2016-01-01,400,
156,4.0,2.311321081096375,5209355,equity_parkinson_variance,global,observation,2016-01-01,400,
157,1.0,0.6171325297534002,5207830,equity_parkinson_variance,global,observation,2016-01-01,400,
157,1.5,0.607172513104116,5207830,equity_parkinson_variance,global,observation,2016-01-01,400,
157,2.0,0.6648687013431652,5207830,equity_parkinson_variance,global,observation,2016-01-01,400,
157,3.0,1.0527919063580549,5207830,equity_parkinson_variance,global,observation,2016-01-01,400,
157,4.0,2.3171438284530432,5207830,equity_parkinson_variance,global,observation,2016-01-01,400,
158,1.0,0.6176340881855363,5206305,equity_parkinson_variance,global,observation,2016-01-01,400,
158,1.5,0.6078413099554679,5206305,equity_parkinson_variance,global,observation,2016-01-01,400,
158,2.0,0.6657545511284917,5206305,equity_parkinson_variance,global,observation,2016-01-01,400,
158,3.0,1.0546471804345128,5206305,equity_parkinson_variance,global,observation,2016-01-01,400,
158,4.0,2.3233996961397745,5206305,equity_parkinson_variance,global,observation,2016-01-01,400,
159,1.0,0.6172779929089177,5204780,equity_parkinson_variance,global,observation,2016-01-01,400,
159,1.5,0.6072135808339977,5204780,equity_parkinson_variance,global,observation,2016-01-01,400,
159,2.0,0.6646483443123313,5204780,equity_parkinson_variance,global,observation,2016-01-01,400,
159,3.0,1.0505037662163217,5204780,equity_parkinson_variance,global,observation,2016-01-01,400,
159,4.0,2.303644935603016,5204780,equity_parkinson_variance,global,observation,2016-01-01,400,
160,1.0,0.6173398524585268,5203255,equity_parkinson_variance,global,observation,2016-01-01,400,
160,1.5,0.6074285248915116,5203255,equity_parkinson_variance,global,observation,2016-01-01,400,
160,2.0,0.6651575940103382,5203255,equity_parkinson_variance,global,observation,2016-01-01,400,
160,3.0,1.0533825017055258,5203255,equity_parkinson_variance,global,observation,2016-01-01,400,
160,4.0,2.322419455812593,5203255,equity_parkinson_variance,global,observation,2016-01-01,400,
161,1.0,0.6180160243767328,5201730,equity_parkinson_variance,global,observation,2016-01-01,400,
161,1.5,0.608316961428049,5201730,equity_parkinson_variance,global,observation,2016-01-01,400,
161,2.0,0.6662780855729453,5201730,equity_parkinson_variance,global,observation,2016-01-01,400,
161,3.0,1.0548371005579724,5201730,equity_parkinson_variance,global,observation,2016-01-01,400,
161,4.0,2.320000486847228,5201730,equity_parkinson_variance,global,observation,2016-01-01,400,
162,1.0,0.6181245673902618,5200205,equity_parkinson_variance,global,observation,2016-01-01,400,
162,1.5,0.6086266050290351,5200205,equity_parkinson_variance,global,observation,2016-01-01,400,
162,2.0,0.6668827904082206,5200205,equity_parkinson_variance,global,observation,2016-01-01,400,
162,3.0,1.0564016310538358,5200205,equity_parkinson_variance,global,observation,2016-01-01,400,
162,4.0,2.321141082377379,5200205,equity_parkinson_variance,global,observation,2016-01-01,400,
163,1.0,0.6180881705300957,5198680,equity_parkinson_variance,global,observation,2016-01-01,400,
163,1.5,0.6086268074897152,5198680,equity_parkinson_variance,global,observation,2016-01-01,400,
163,2.0,0.6669786929868515,5198680,equity_parkinson_variance,global,observation,2016-01-01,400,
163,3.0,1.0569730660454797,5198680,equity_parkinson_variance,global,observation,2016-01-01,400,
163,4.0,2.3241592565283957,5198680,equity_parkinson_variance,global,observation,2016-01-01,400,
164,1.0,0.6186790612733083,5197155,equity_parkinson_variance,global,observation,2016-01-01,400,
164,1.5,0.6092812764073507,5197155,equity_parkinson_variance,global,observation,2016-01-01,400,
164,2.0,0.6676697865904169,5197155,equity_parkinson_variance,global,observation,2016-01-01,400,
164,3.0,1.0580368435371867,5197155,equity_parkinson_variance,global,observation,2016-01-01,400,
164,4.0,2.3288871386133483,5197155,equity_parkinson_variance,global,observation,2016-01-01,400,
165,1.0,0.6184020323554955,5195630,equity_parkinson_variance,global,observation,2016-01-01,400,
165,1.5,0.6090673254668958,5195630,equity_parkinson_variance,global,observation,2016-01-01,400,
165,2.0,0.6675798111604604,5195630,equity_parkinson_variance,global,observation,2016-01-01,400,
165,3.0,1.058570713991721,5195630,equity_parkinson_variance,global,observation,2016-01-01,400,
165,4.0,2.332314113676217,5195630,equity_parkinson_variance,global,observation,2016-01-01,400,
166,1.0,0.6190446344302272,5194105,equity_parkinson_variance,global,observation,2016-01-01,400,
166,1.5,0.6096930154223067,5194105,equity_parkinson_variance,global,observation,2016-01-01,400,
166,2.0,0.6680538317494485,5194105,equity_parkinson_variance,global,observation,2016-01-01,400,
166,3.0,1.0578559602927968,5194105,equity_parkinson_variance,global,observation,2016-01-01,400,
166,4.0,2.325159336718058,5194105,equity_parkinson_variance,global,observation,2016-01-01,400,
167,1.0,0.6187318324908303,5192580,equity_parkinson_variance,global,observation,2016-01-01,400,
167,1.5,0.6093270848655412,5192580,equity_parkinson_variance,global,observation,2016-01-01,400,
167,2.0,0.6676145264412915,5192580,equity_parkinson_variance,global,observation,2016-01-01,400,
167,3.0,1.0572999272074342,5192580,equity_parkinson_variance,global,observation,2016-01-01,400,
167,4.0,2.327568760709795,5192580,equity_parkinson_variance,global,observation,2016-01-01,400,
168,1.0,0.6189817480960331,5191055,equity_parkinson_variance,global,observation,2016-01-01,400,
168,1.5,0.6096474026442283,5191055,equity_parkinson_variance,global,observation,2016-01-01,400,
168,2.0,0.6680774137004154,5191055,equity_parkinson_variance,global,observation,2016-01-01,400,
168,3.0,1.0586558783353703,5191055,equity_parkinson_variance,global,observation,2016-01-01,400,
168,4.0,2.331804912315681,5191055,equity_parkinson_variance,global,observation,2016-01-01,400,
169,1.0,0.6193922934661785,5189530,equity_parkinson_variance,global,observation,2016-01-01,400,
169,1.5,0.6101304222600029,5189530,equity_parkinson_variance,global,observation,2016-01-01,400,
169,2.0,0.6685928528352558,5189530,equity_parkinson_variance,global,observation,2016-01-01,400,
169,3.0,1.0590086056880428,5189530,equity_parkinson_variance,global,observation,2016-01-01,400,
169,4.0,2.3306903853163403,5189530,equity_parkinson_variance,global,observation,2016-01-01,400,
170,1.0,0.6190846681163978,5188005,equity_parkinson_variance,global,observation,2016-01-01,400,
170,1.5,0.6095502542910342,5188005,equity_parkinson_variance,global,observation,2016-01-01,400,
170,2.0,0.6676142519824092,5188005,equity_parkinson_variance,global,observation,2016-01-01,400,
170,3.0,1.0561968906274115,5188005,equity_parkinson_variance,global,observation,2016-01-01,400,
170,4.0,2.319415440067244,5188005,equity_parkinson_variance,global,observation,2016-01-01,400,
171,1.0,0.6192582984223071,5186480,equity_parkinson_variance,global,observation,2016-01-01,400,
171,1.5,0.6098254538845945,5186480,equity_parkinson_variance,global,observation,2016-01-01,400,
171,2.0,0.6679574343594332,5186480,equity_parkinson_variance,global,observation,2016-01-01,400,
171,3.0,1.0566697937609466,5186480,equity_parkinson_variance,global,observation,2016-01-01,400,
171,4.0,2.3234393426992326,5186480,equity_parkinson_variance,global,observation,2016-01-01,400,
172,1.0,0.6192243717649744,5184955,equity_parkinson_variance,global,observation,2016-01-01,400,
172,1.5,0.6096912879486605,5184955,equity_parkinson_variance,global,observation,2016-01-01,400,
172,2.0,0.6676807060802669,5184955,equity_parkinson_variance,global,observation,2016-01-01,400,
172,3.0,1.0556896838240684,5184955,equity_parkinson_variance,global,observation,2016-01-01,400,
172,4.0,2.3177087037705766,5184955,equity_parkinson_variance,global,observation,2016-01-01,400,
173,1.0,0.6192899757059919,5183430,equity_parkinson_variance,global,observation,2016-01-01,400,
173,1.5,0.6098612617479061,5183430,equity_parkinson_variance,global,observation,2016-01-01,400,
173,2.0,0.6680339282104996,5183430,equity_parkinson_variance,global,observation,2016-01-01,400,
173,3.0,1.0569228187998414,5183430,equity_parkinson_variance,global,observation,2016-01-01,400,
173,4.0,2.3216454351088136,5183430,equity_parkinson_variance,global,observation,2016-01-01,400,
174,1.0,0.6201189673172862,5181905,equity_parkinson_variance,global,observation,2016-01-01,400,
174,1.5,0.6108503001810712,5181905,equity_parkinson_variance,global,observation,2016-01-01,400,
174,2.0,0.6692169957926052,5181905,equity_parkinson_variance,global,observation,2016-01-01,400,
174,3.0,1.058946375211066,5181905,equity_parkinson_variance,global,observation,2016-01-01,400,
174,4.0,2.326838606031798,5181905,equity_parkinson_variance,global,observation,2016-01-01,400,
175,1.0,0.6193103843830098,5180380,equity_parkinson_variance,global,observation,2016-01-01,400,
175,1.5,0.6097191847462553,5180380,equity_parkinson_variance,global,observation,2016-01-01,400,
175,2.0,0.6676273748625452,5180380,equity_parkinson_variance,global,observation,2016-01-01,400,
175,3.0,1.055372103350459,5180380,equity_parkinson_variance,global,observation,2016-01-01,400,
175,4.0,2.316864546812033,5180380,equity_parkinson_variance,global,observation,2016-01-01,400,
176,1.0,0.6191772431656127,5178855,equity_parkinson_variance,global,observation,2016-01-01,400,
176,1.5,0.6097657335744878,5178855,equity_parkinson_variance,global,observation,2016-01-01,400,
176,2.0,0.6679351475424666,5178855,equity_parkinson_variance,global,observation,2016-01-01,400,
176,3.0,1.0566949482571657,5178855,equity_parkinson_variance,global,observation,2016-01-01,400,
176,4.0,2.321849201867678,5178855,equity_parkinson_variance,global,observation,2016-01-01,400,
177,1.0,0.6192210147963826,5177330,equity_parkinson_variance,global,observation,2016-01-01,400,
177,1.5,0.6099217960562354,5177330,equity_parkinson_variance,global,observation,2016-01-01,400,
177,2.0,0.6683099161402161,5177330,equity_parkinson_variance,global,observation,2016-01-01,400,
177,3.0,1.0583019878899484,5177330,equity_parkinson_variance,global,observation,2016-01-01,400,
177,4.0,2.3275828380329635,5177330,equity_parkinson_variance,global,observation,2016-01-01,400,
178,1.0,0.6190658193779001,5175805,equity_parkinson_variance,global,observation,2016-01-01,400,
178,1.5,0.6095975853689566,5175805,equity_parkinson_variance,global,observation,2016-01-01,400,
178,2.0,0.6676883689471419,5175805,equity_parkinson_variance,global,observation,2016-01-01,400,
178,3.0,1.055845896754973,5175805,equity_parkinson_variance,global,observation,2016-01-01,400,
178,4.0,2.315738736322944,5175805,equity_parkinson_variance,global,observation,2016-01-01,400,
179,1.0,0.6196203069798588,5174280,equity_parkinson_variance,global,observation,2016-01-01,400,
179,1.5,0.6103632156846737,5174280,equity_parkinson_variance,global,observation,2016-01-01,400,
179,2.0,0.668719343520661,5174280,equity_parkinson_variance,global,observation,2016-01-01,400,
179,3.0,1.057925720588293,5174280,equity_parkinson_variance,global,observation,2016-01-01,400,
179,4.0,2.32255316070735,5174280,equity_parkinson_variance,global,observation,2016-01-01,400,
180,1.0,0.6201967054605907,5172755,equity_parkinson_variance,global,observation,2016-01-01,400,
180,1.5,0.6110669072610005,5172755,equity_parkinson_variance,global,observation,2016-01-01,400,
180,2.0,0.6695837465837886,5172755,equity_parkinson_variance,global,observation,2016-01-01,400,
180,3.0,1.059017655272163,5172755,equity_parkinson_variance,global,observation,2016-01-01,400,
180,4.0,2.319646037672308,5172755,equity_parkinson_variance,global,observation,2016-01-01,400,
181,1.0,0.6196441683307498,5171230,equity_parkinson_variance,global,observation,2016-01-01,400,
181,1.5,0.6103618766551935,5171230,equity_parkinson_variance,global,observation,2016-01-01,400,
181,2.0,0.6686679655494426,5171230,equity_parkinson_variance,global,observation,2016-01-01,400,
181,3.0,1.0577742524515188,5171230,equity_parkinson_variance,global,observation,2016-01-01,400,
181,4.0,2.323425785636059,5171230,equity_parkinson_variance,global,observation,2016-01-01,400,
182,1.0,0.6195240598046502,5169705,equity_parkinson_variance,global,observation,2016-01-01,400,
182,1.5,0.6102674701728753,5169705,equity_parkinson_variance,global,observation,2016-01-01,400,
182,2.0,0.6686631020609627,5169705,equity_parkinson_variance,global,observation,2016-01-01,400,
182,3.0,1.058224606100892,5169705,equity_parkinson_variance,global,observation,2016-01-01,400,
182,4.0,2.323412330914238,5169705,equity_parkinson_variance,global,observation,2016-01-01,400,
183,1.0,0.6195125560678425,5168180,equity_parkinson_variance,global,observation,2016-01-01,400,
183,1.5,0.6103357828107157,5168180,equity_parkinson_variance,global,observation,2016-01-01,400,
183,2.0,0.6688450640887317,5168180,equity_parkinson_variance,global,observation,2016-01-01,400,
183,3.0,1.0587276386477324,5168180,equity_parkinson_variance,global,observation,2016-01-01,400,
183,4.0,2.324541957113053,5168180,equity_parkinson_variance,global,observation,2016-01-01,400,
184,1.0,0.6195058563061597,5166655,equity_parkinson_variance,global,observation,2016-01-01,400,
184,1.5,0.6102304926704045,5166655,equity_parkinson_variance,global,observation,2016-01-01,400,
184,2.0,0.6686798357787507,5166655,equity_parkinson_variance,global,observation,2016-01-01,400,
184,3.0,1.0589892336523783,5166655,equity_parkinson_variance,global,observation,2016-01-01,400,
184,4.0,2.3289603833698105,5166655,equity_parkinson_variance,global,observation,2016-01-01,400,
185,1.0,0.6193782614571947,5165130,equity_parkinson_variance,global,observation,2016-01-01,400,
185,1.5,0.6102668002780884,5165130,equity_parkinson_variance,global,observation,2016-01-01,400,
185,2.0,0.6689411440950793,5165130,equity_parkinson_variance,global,observation,2016-01-01,400,
185,3.0,1.059777545460839,5165130,equity_parkinson_variance,global,observation,2016-01-01,400,
185,4.0,2.326896353750493,5165130,equity_parkinson_variance,global,observation,2016-01-01,400,
186,1.0,0.6194865441517812,5163605,equity_parkinson_variance,global,observation,2016-01-01,400,
186,1.5,0.6103864253402943,5163605,equity_parkinson_variance,global,observation,2016-01-01,400,
186,2.0,0.6690546563180224,5163605,equity_parkinson_variance,global,observation,2016-01-01,400,
186,3.0,1.0598785340441583,5163605,equity_parkinson_variance,global,observation,2016-01-01,400,
186,4.0,2.3289137934781534,5163605,equity_parkinson_variance,global,observation,2016-01-01,400,
187,1.0,0.619365118977575,5162080,equity_parkinson_variance,global,observation,2016-01-01,400,
187,1.5,0.610153700591155,5162080,equity_parkinson_variance,global,observation,2016-01-01,400,
187,2.0,0.6685857880593966,5162080,equity_parkinson_variance,global,observation,2016-01-01,400,
187,3.0,1.0576218431063051,5162080,equity_parkinson_variance,global,observation,2016-01-01,400,
187,4.0,2.3163377611299523,5162080,equity_parkinson_variance,global,observation,2016-01-01,400,
188,1.0,0.6196162033762858,5160555,equity_parkinson_variance,global,observation,2016-01-01,400,
188,1.5,0.6104120956450988,5160555,equity_parkinson_variance,global,observation,2016-01-01,400,
188,2.0,0.6688392985452009,5160555,equity_parkinson_variance,global,observation,2016-01-01,400,
188,3.0,1.0576898279917828,5160555,equity_parkinson_variance,global,observation,2016-01-01,400,
188,4.0,2.3147565662199456,5160555,equity_parkinson_variance,global,observation,2016-01-01,400,
189,1.0,0.6206590116701644,5159030,equity_parkinson_variance,global,observation,2016-01-01,400,
189,1.5,0.6117794789440905,5159030,equity_parkinson_variance,global,observation,2016-01-01,400,
189,2.0,0.6705393151234168,5159030,equity_parkinson_variance,global,observation,2016-01-01,400,
189,3.0,1.060567172088135,5159030,equity_parkinson_variance,global,observation,2016-01-01,400,
189,4.0,2.3234687516083663,5159030,equity_parkinson_variance,global,observation,2016-01-01,400,
190,1.0,0.6215405891623863,5157505,equity_parkinson_variance,global,observation,2016-01-01,400,
190,1.5,0.6131719459170751,5157505,equity_parkinson_variance,global,observation,2016-01-01,400,
190,2.0,0.6726960190509684,5157505,equity_parkinson_variance,global,observation,2016-01-01,400,
190,3.0,1.065879852867043,5157505,equity_parkinson_variance,global,observation,2016-01-01,400,
190,4.0,2.3366971541212846,5157505,equity_parkinson_variance,global,observation,2016-01-01,400,
191,1.0,0.6221493356963405,5155980,equity_parkinson_variance,global,observation,2016-01-01,400,
191,1.5,0.6140087270078264,5155980,equity_parkinson_variance,global,observation,2016-01-01,400,
191,2.0,0.673724997296636,5155980,equity_parkinson_variance,global,observation,2016-01-01,400,
191,3.0,1.0669913463466163,5155980,equity_parkinson_variance,global,observation,2016-01-01,400,
191,4.0,2.3365535759202123,5155980,equity_parkinson_variance,global,observation,2016-01-01,400,
192,1.0,0.6225498661760115,5154455,equity_parkinson_variance,global,observation,2016-01-01,400,
192,1.5,0.6146718615387389,5154455,equity_parkinson_variance,global,observation,2016-01-01,400,
192,2.0,0.674791167549548,5154455,equity_parkinson_variance,global,observation,2016-01-01,400,
192,3.0,1.0696730696092085,5154455,equity_parkinson_variance,global,observation,2016-01-01,400,
192,4.0,2.3425365259111306,5154455,equity_parkinson_variance,global,observation,2016-01-01,400,
193,1.0,0.6230482807789219,5152930,equity_parkinson_variance,global,observation,2016-01-01,400,
193,1.5,0.6153270256032458,5152930,equity_parkinson_variance,global,observation,2016-01-01,400,
193,2.0,0.6756521626178843,5152930,equity_parkinson_variance,global,observation,2016-01-01,400,
193,3.0,1.0710789930535098,5152930,equity_parkinson_variance,global,observation,2016-01-01,400,
193,4.0,2.343001655719409,5152930,equity_parkinson_variance,global,observation,2016-01-01,400,
194,1.0,0.6233127793428926,5151405,equity_parkinson_variance,global,observation,2016-01-01,400,
194,1.5,0.6156583279993922,5151405,equity_parkinson_variance,global,observation,2016-01-01,400,
194,2.0,0.6760705655973577,5151405,equity_parkinson_variance,global,observation,2016-01-01,400,
194,3.0,1.072218811313292,5151405,equity_parkinson_variance,global,observation,2016-01-01,400,
194,4.0,2.35041697768571,5151405,equity_parkinson_variance,global,observation,2016-01-01,400,
195,1.0,0.6245103319406613,5149880,equity_parkinson_variance,global,observation,2016-01-01,400,
195,1.5,0.6172886946841426,5149880,equity_parkinson_variance,global,observation,2016-01-01,400,
195,2.0,0.6781865896863228,5149880,equity_parkinson_variance,global,observation,2016-01-01,400,
195,3.0,1.0753854233236453,5149880,equity_parkinson_variance,global,observation,2016-01-01,400,
195,4.0,2.351320732335656,5149880,equity_parkinson_variance,global,observation,2016-01-01,400,
196,1.0,0.6249735373543437,5148355,equity_parkinson_variance,global,observation,2016-01-01,400,
196,1.5,0.6179562591569588,5148355,equity_parkinson_variance,global,observation,2016-01-01,400,
196,2.0,0.6791076700179385,5148355,equity_parkinson_variance,global,observation,2016-01-01,400,
196,3.0,1.076796068415377,5148355,equity_parkinson_variance,global,observation,2016-01-01,400,
196,4.0,2.3506749067836203,5148355,equity_parkinson_variance,global,observation,2016-01-01,400,
197,1.0,0.6251685977887468,5146830,equity_parkinson_variance,global,observation,2016-01-01,400,
197,1.5,0.6184312008399389,5146830,equity_parkinson_variance,global,observation,2016-01-01,400,
197,2.0,0.6800236832970279,5146830,equity_parkinson_variance,global,observation,2016-01-01,400,
197,3.0,1.079816736493722,5146830,equity_parkinson_variance,global,observation,2016-01-01,400,
197,4.0,2.362017870850744,5146830,equity_parkinson_variance,global,observation,2016-01-01,400,
198,1.0,0.625121283374952,5145305,equity_parkinson_variance,global,observation,2016-01-01,400,
198,1.5,0.6185406233713012,5145305,equity_parkinson_variance,global,observation,2016-01-01,400,
198,2.0,0.6803566034409926,5145305,equity_parkinson_variance,global,observation,2016-01-01,400,
198,3.0,1.080939841147041,5145305,equity_parkinson_variance,global,observation,2016-01-01,400,
198,4.0,2.365133043999996,5145305,equity_parkinson_variance,global,observation,2016-01-01,400,
199,1.0,0.6257529341212543,5143780,equity_parkinson_variance,global,observation,2016-01-01,400,
199,1.5,0.61947310635604,5143780,equity_parkinson_variance,global,observation,2016-01-01,400,
199,2.0,0.6817782484102031,5143780,equity_parkinson_variance,global,observation,2016-01-01,400,
199,3.0,1.0848396418076578,5143780,equity_parkinson_variance,global,observation,2016-01-01,400,
199,4.0,2.3777221259497785,5143780,equity_parkinson_variance,global,observation,2016-01-01,400,
200,1.0,0.6256262792678945,5142255,equity_parkinson_variance,global,observation,2016-01-01,400,
200,1.5,0.6193156493314964,5142255,equity_parkinson_variance,global,observation,2016-01-01,400,
200,2.0,0.6815632513269554,5142255,equity_parkinson_variance,global,observation,2016-01-01,400,
200,3.0,1.084225999458971,5142255,equity_parkinson_variance,global,observation,2016-01-01,400,
200,4.0,2.3756004008618183,5142255,equity_parkinson_variance,global,observation,2016-01-01,400,
201,1.0,0.6257306391497993,5140730,equity_parkinson_variance,global,observation,2016-01-01,400,
201,1.5,0.6193774596114293,5140730,equity_parkinson_variance,global,observation,2016-01-01,400,
201,2.0,0.6815044031711869,5140730,equity_parkinson_variance,global,observation,2016-01-01,400,
201,3.0,1.0833289262496295,5140730,equity_parkinson_variance,global,observation,2016-01-01,400,
201,4.0,2.3702073209440737,5140730,equity_parkinson_variance,global,observation,2016-01-01,400,
202,1.0,0.625928416857127,5139205,equity_parkinson_variance,global,observation,2016-01-01,400,
202,1.5,0.6197399826807904,5139205,equity_parkinson_variance,global,observation,2016-01-01,400,
202,2.0,0.6821369807918992,5139205,equity_parkinson_variance,global,observation,2016-01-01,400,
202,3.0,1.0855009198260557,5139205,equity_parkinson_variance,global,observation,2016-01-01,400,
202,4.0,2.3795949504821143,5139205,equity_parkinson_variance,global,observation,2016-01-01,400,
203,1.0,0.6262721092649098,5137680,equity_parkinson_variance,global,observation,2016-01-01,400,
203,1.5,0.620131399674717,5137680,equity_parkinson_variance,global,observation,2016-01-01,400,
203,2.0,0.6825721273818368,5137680,equity_parkinson_variance,global,observation,2016-01-01,400,
203,3.0,1.0863960546576477,5137680,equity_parkinson_variance,global,observation,2016-01-01,400,
203,4.0,2.3868672624334777,5137680,equity_parkinson_variance,global,observation,2016-01-01,400,
204,1.0,0.6263846766334014,5136155,equity_parkinson_variance,global,observation,2016-01-01,400,
204,1.5,0.620284650092299,5136155,equity_parkinson_variance,global,observation,2016-01-01,400,
204,2.0,0.6826697882165258,5136155,equity_parkinson_variance,global,observation,2016-01-01,400,
204,3.0,1.0852526150759405,5136155,equity_parkinson_variance,global,observation,2016-01-01,400,
204,4.0,2.375281995491723,5136155,equity_parkinson_variance,global,observation,2016-01-01,400,
205,1.0,0.6267338403679703,5134630,equity_parkinson_variance,global,observation,2016-01-01,400,
205,1.5,0.6205559558294315,5134630,equity_parkinson_variance,global,observation,2016-01-01,400,
205,2.0,0.6827065362448624,5134630,equity_parkinson_variance,global,observation,2016-01-01,400,
205,3.0,1.083487858221013,5134630,equity_parkinson_variance,global,observation,2016-01-01,400,
205,4.0,2.3641357370032856,5134630,equity_parkinson_variance,global,observation,2016-01-01,400,
206,1.0,0.6271358072790603,5133105,equity_parkinson_variance,global,observation,2016-01-01,400,
206,1.5,0.6211779946691217,5133105,equity_parkinson_variance,global,observation,2016-01-01,400,
206,2.0,0.6836454728419815,5133105,equity_parkinson_variance,global,observation,2016-01-01,400,
206,3.0,1.0856164665184886,5133105,equity_parkinson_variance,global,observation,2016-01-01,400,
206,4.0,2.367881389694697,5133105,equity_parkinson_variance,global,observation,2016-01-01,400,
207,1.0,0.6275165406081747,5131580,equity_parkinson_variance,global,observation,2016-01-01,400,
207,1.5,0.6217987554932219,5131580,equity_parkinson_variance,global,observation,2016-01-01,400,
207,2.0,0.684663458969167,5131580,equity_parkinson_variance,global,observation,2016-01-01,400,
207,3.0,1.088793992833597,5131580,equity_parkinson_variance,global,observation,2016-01-01,400,
207,4.0,2.3809913885050142,5131580,equity_parkinson_variance,global,observation,2016-01-01,400,
208,1.0,0.6277359315373839,5130055,equity_parkinson_variance,global,observation,2016-01-01,400,
208,1.5,0.6221743537195277,5130055,equity_parkinson_variance,global,observation,2016-01-01,400,
208,2.0,0.6852030654689334,5130055,equity_parkinson_variance,global,observation,2016-01-01,400,
208,3.0,1.0896859100551393,5130055,equity_parkinson_variance,global,observation,2016-01-01,400,
208,4.0,2.3825971397089343,5130055,equity_parkinson_variance,global,observation,2016-01-01,400,
209,1.0,0.6280802046053486,5128530,equity_parkinson_variance,global,observation,2016-01-01,400,
209,1.5,0.6224324198856906,5128530,equity_parkinson_variance,global,observation,2016-01-01,400,
209,2.0,0.6852587004541772,5128530,equity_parkinson_variance,global,observation,2016-01-01,400,
209,3.0,1.0884675019918633,5128530,equity_parkinson_variance,global,observation,2016-01-01,400,
209,4.0,2.374938924938561,5128530,equity_parkinson_variance,global,observation,2016-01-01,400,
210,1.0,0.6289941686171345,5127005,equity_parkinson_variance,global,observation,2016-01-01,400,
210,1.5,0.623508576675563,5127005,equity_parkinson_variance,global,observation,2016-01-01,400,
210,2.0,0.6864529583557853,5127005,equity_parkinson_variance,global,observation,2016-01-01,400,
210,3.0,1.0898303614774492,5127005,equity_parkinson_variance,global,observation,2016-01-01,400,
210,4.0,2.376270164029584,5127005,equity_parkinson_variance,global,observation,2016-01-01,400,
211,1.0,0.6285443940072043,5125480,equity_parkinson_variance,global,observation,2016-01-01,400,
211,1.5,0.6230347044646848,5125480,equity_parkinson_variance,global,observation,2016-01-01,400,
211,2.0,0.68605495911919,5125480,equity_parkinson_variance,global,observation,2016-01-01,400,
211,3.0,1.090543688303611,5125480,equity_parkinson_variance,global,observation,2016-01-01,400,
211,4.0,2.384050416291008,5125480,equity_parkinson_variance,global,observation,2016-01-01,400,
212,1.0,0.6289124101255339,5123955,equity_parkinson_variance,global,observation,2016-01-01,400,
212,1.5,0.6235678717427967,5123955,equity_parkinson_variance,global,observation,2016-01-01,400,
212,2.0,0.6867780123605777,5123955,equity_parkinson_variance,global,observation,2016-01-01,400,
212,3.0,1.0913212675405397,5123955,equity_parkinson_variance,global,observation,2016-01-01,400,
212,4.0,2.3804854817941297,5123955,equity_parkinson_variance,global,observation,2016-01-01,400,
213,1.0,0.6294299123663061,5122430,equity_parkinson_variance,global,observation,2016-01-01,400,
213,1.5,0.6242268270054037,5122430,equity_parkinson_variance,global,observation,2016-01-01,400,
213,2.0,0.6876068647632525,5122430,equity_parkinson_variance,global,observation,2016-01-01,400,
213,3.0,1.092776373877968,5122430,equity_parkinson_variance,global,observation,2016-01-01,400,
213,4.0,2.3850373743546074,5122430,equity_parkinson_variance,global,observation,2016-01-01,400,
214,1.0,0.6293733688083212,5120905,equity_parkinson_variance,global,observation,2016-01-01,400,
214,1.5,0.6241675648130319,5120905,equity_parkinson_variance,global,observation,2016-01-01,400,
214,2.0,0.6875472763823557,5120905,equity_parkinson_variance,global,observation,2016-01-01,400,
214,3.0,1.0929439624408088,5120905,equity_parkinson_variance,global,observation,2016-01-01,400,
214,4.0,2.38714303241689,5120905,equity_parkinson_variance,global,observation,2016-01-01,400,
215,1.0,0.6294783200736453,5119380,equity_parkinson_variance,global,observation,2016-01-01,400,
215,1.5,0.6242752979586874,5119380,equity_parkinson_variance,global,observation,2016-01-01,400,
215,2.0,0.6876663456961244,5119380,equity_parkinson_variance,global,observation,2016-01-01,400,
215,3.0,1.092805246756498,5119380,equity_parkinson_variance,global,observation,2016-01-01,400,
215,4.0,2.382883243170532,5119380,equity_parkinson_variance,global,observation,2016-01-01,400,
216,1.0,0.6295665409123037,5117855,equity_parkinson_variance,global,observation,2016-01-01,400,
216,1.5,0.6245369100922177,5117855,equity_parkinson_variance,global,observation,2016-01-01,400,
216,2.0,0.6881471428281873,5117855,equity_parkinson_variance,global,observation,2016-01-01,400,
216,3.0,1.0943066513644346,5117855,equity_parkinson_variance,global,observation,2016-01-01,400,
216,4.0,2.390456479308148,5117855,equity_parkinson_variance,global,observation,2016-01-01,400,
217,1.0,0.6296215192885691,5116330,equity_parkinson_variance,global,observation,2016-01-01,400,
217,1.5,0.6245470247153604,5116330,equity_parkinson_variance,global,observation,2016-01-01,400,
217,2.0,0.6880957334438962,5116330,equity_parkinson_variance,global,observation,2016-01-01,400,
217,3.0,1.093932864298731,5116330,equity_parkinson_variance,global,observation,2016-01-01,400,
217,4.0,2.387766508400293,5116330,equity_parkinson_variance,global,observation,2016-01-01,400,
218,1.0,0.629565861973001,5114805,equity_parkinson_variance,global,observation,2016-01-01,400,
218,1.5,0.6245690481831676,5114805,equity_parkinson_variance,global,observation,2016-01-01,400,
218,2.0,0.6883194371993894,5114805,equity_parkinson_variance,global,observation,2016-01-01,400,
218,3.0,1.0956956376891565,5114805,equity_parkinson_variance,global,observation,2016-01-01,400,
218,4.0,2.397682821195082,5114805,equity_parkinson_variance,global,observation,2016-01-01,400,
219,1.0,0.6295511480001789,5113280,equity_parkinson_variance,global,observation,2016-01-01,400,
219,1.5,0.6245811807580224,5113280,equity_parkinson_variance,global,observation,2016-01-01,400,
219,2.0,0.6882798780231828,5113280,equity_parkinson_variance,global,observation,2016-01-01,400,
219,3.0,1.0946742986806166,5113280,equity_parkinson_variance,global,observation,2016-01-01,400,
219,4.0,2.3894914374476075,5113280,equity_parkinson_variance,global,observation,2016-01-01,400,
220,1.0,0.630509480179515,5111755,equity_parkinson_variance,global,observation,2016-01-01,400,
220,1.5,0.6257818389711802,5111755,equity_parkinson_variance,global,observation,2016-01-01,400,
220,2.0,0.6897931935910154,5111755,equity_parkinson_variance,global,observation,2016-01-01,400,
220,3.0,1.09744617235931,5111755,equity_parkinson_variance,global,observation,2016-01-01,400,
220,4.0,2.3963422100771146,5111755,equity_parkinson_variance,global,observation,2016-01-01,400,
221,1.0,0.6306231648284675,5110230,equity_parkinson_variance,global,observation,2016-01-01,400,
221,1.5,0.6260084816409809,5110230,equity_parkinson_variance,global,observation,2016-01-01,400,
221,2.0,0.690216879804879,5110230,equity_parkinson_variance,global,observation,2016-01-01,400,
221,3.0,1.0988876278938926,5110230,equity_parkinson_variance,global,observation,2016-01-01,400,
221,4.0,2.402169561678666,5110230,equity_parkinson_variance,global,observation,2016-01-01,400,
222,1.0,0.6317100459140966,5108705,equity_parkinson_variance,global,observation,2016-01-01,400,
222,1.5,0.6274104844475228,5108705,equity_parkinson_variance,global,observation,2016-01-01,400,
222,2.0,0.6919666854915606,5108705,equity_parkinson_variance,global,observation,2016-01-01,400,
222,3.0,1.101778334720949,5108705,equity_parkinson_variance,global,observation,2016-01-01,400,
222,4.0,2.407198617052936,5108705,equity_parkinson_variance,global,observation,2016-01-01,400,
223,1.0,0.6323642190656567,5107180,equity_parkinson_variance,global,observation,2016-01-01,400,
223,1.5,0.6282642189348283,5107180,equity_parkinson_variance,global,observation,2016-01-01,400,
223,2.0,0.6931028390468826,5107180,equity_parkinson_variance,global,observation,2016-01-01,400,
223,3.0,1.1041190395034908,5107180,equity_parkinson_variance,global,observation,2016-01-01,400,
223,4.0,2.412073458803111,5107180,equity_parkinson_variance,global,observation,2016-01-01,400,
224,1.0,0.6321957122411744,5105655,equity_parkinson_variance,global,observation,2016-01-01,400,
224,1.5,0.6281348240361236,5105655,equity_parkinson_variance,global,observation,2016-01-01,400,
224,2.0,0.6929837856703855,5105655,equity_parkinson_variance,global,observation,2016-01-01,400,
224,3.0,1.103973441540169,5105655,equity_parkinson_variance,global,observation,2016-01-01,400,
224,4.0,2.413583226289816,5105655,equity_parkinson_variance,global,observation,2016-01-01,400,
225,1.0,0.632572567276352,5104130,equity_parkinson_variance,global,observation,2016-01-01,400,
225,1.5,0.6286777932946992,5104130,equity_parkinson_variance,global,observation,2016-01-01,400,
225,2.0,0.6936884529438218,5104130,equity_parkinson_variance,global,observation,2016-01-01,400,
225,3.0,1.1046905395130673,5104130,equity_parkinson_variance,global,observation,2016-01-01,400,
225,4.0,2.412139315078213,5104130,equity_parkinson_variance,global,observation,2016-01-01,400,
226,1.0,0.632560717463046,5102605,equity_parkinson_variance,global,observation,2016-01-01,400,
226,1.5,0.6287820800864429,5102605,equity_parkinson_variance,global,observation,2016-01-01,400,
226,2.0,0.6939466770743659,5102605,equity_parkinson_variance,global,observation,2016-01-01,400,
226,3.0,1.1049614829715475,5102605,equity_parkinson_variance,global,observation,2016-01-01,400,
226,4.0,2.4080453937922264,5102605,equity_parkinson_variance,global,observation,2016-01-01,400,
227,1.0,0.6331839812919695,5101080,equity_parkinson_variance,global,observation,2016-01-01,400,
227,1.5,0.6296271593411619,5101080,equity_parkinson_variance,global,observation,2016-01-01,400,
227,2.0,0.6950865098316908,5101080,equity_parkinson_variance,global,observation,2016-01-01,400,
227,3.0,1.1074039803356233,5101080,equity_parkinson_variance,global,observation,2016-01-01,400,
227,4.0,2.415034460149473,5101080,equity_parkinson_variance,global,observation,2016-01-01,400,
228,1.0,0.6335639234646105,5099555,equity_parkinson_variance,global,observation,2016-01-01,400,
228,1.5,0.6302036766861139,5099555,equity_parkinson_variance,global,observation,2016-01-01,400,
228,2.0,0.6959862689790189,5099555,equity_parkinson_variance,global,observation,2016-01-01,400,
228,3.0,1.110286125558049,5099555,equity_parkinson_variance,global,observation,2016-01-01,400,
228,4.0,2.428976918709041,5099555,equity_parkinson_variance,global,observation,2016-01-01,400,
229,1.0,0.6333842746389836,5098030,equity_parkinson_variance,global,observation,2016-01-01,400,
229,1.5,0.630081535390321,5098030,equity_parkinson_variance,global,observation,2016-01-01,400,
229,2.0,0.6958756929215999,5098030,equity_parkinson_variance,global,observation,2016-01-01,400,
229,3.0,1.10945820873471,5098030,equity_parkinson_variance,global,observation,2016-01-01,400,
229,4.0,2.4213765554433246,5098030,equity_parkinson_variance,global,observation,2016-01-01,400,
230,1.0,0.6329868348525243,5096505,equity_parkinson_variance,global,observation,2016-01-01,400,
230,1.5,0.6295986124991839,5096505,equity_parkinson_variance,global,observation,2016-01-01,400,
230,2.0,0.6953332586596247,5096505,equity_parkinson_variance,global,observation,2016-01-01,400,
230,3.0,1.108695140496873,5096505,equity_parkinson_variance,global,observation,2016-01-01,400,
230,4.0,2.4192025288279284,5096505,equity_parkinson_variance,global,observation,2016-01-01,400,
231,1.0,0.6332394303366202,5094980,equity_parkinson_variance,global,observation,2016-01-01,400,
231,1.5,0.6298607982191197,5094980,equity_parkinson_variance,global,observation,2016-01-01,400,
231,2.0,0.6955356267359332,5094980,equity_parkinson_variance,global,observation,2016-01-01,400,
231,3.0,1.1084027081604992,5094980,equity_parkinson_variance,global,observation,2016-01-01,400,
231,4.0,2.416045341764928,5094980,equity_parkinson_variance,global,observation,2016-01-01,400,
232,1.0,0.6338970583883138,5093455,equity_parkinson_variance,global,observation,2016-01-01,400,
232,1.5,0.6306674974092219,5093455,equity_parkinson_variance,global,observation,2016-01-01,400,
232,2.0,0.6964625077404257,5093455,equity_parkinson_variance,global,observation,2016-01-01,400,
232,3.0,1.1095099658739789,5093455,equity_parkinson_variance,global,observation,2016-01-01,400,
232,4.0,2.417786553611684,5093455,equity_parkinson_variance,global,observation,2016-01-01,400,
233,1.0,0.6344894633721665,5091930,equity_parkinson_variance,global,observation,2016-01-01,400,
233,1.5,0.6314804176537406,5091930,equity_parkinson_variance,global,observation,2016-01-01,400,
233,2.0,0.697609859365298,5091930,equity_parkinson_variance,global,observation,2016-01-01,400,
233,3.0,1.1124337527029609,5091930,equity_parkinson_variance,global,observation,2016-01-01,400,
233,4.0,2.428711336448729,5091930,equity_parkinson_variance,global,observation,2016-01-01,400,
234,1.0,0.6342244681610166,5090405,equity_parkinson_variance,global,observation,2016-01-01,400,
234,1.5,0.6312607939414033,5090405,equity_parkinson_variance,global,observation,2016-01-01,400,
234,2.0,0.6975413132681093,5090405,equity_parkinson_variance,global,observation,2016-01-01,400,
234,3.0,1.1130852766376869,5090405,equity_parkinson_variance,global,observation,2016-01-01,400,
234,4.0,2.4313273300201543,5090405,equity_parkinson_variance,global,observation,2016-01-01,400,
235,1.0,0.6346394812227422,5088880,equity_parkinson_variance,global,observation,2016-01-01,400,
235,1.5,0.6318211920087988,5088880,equity_parkinson_variance,global,observation,2016-01-01,400,
235,2.0,0.698220095612847,5088880,equity_parkinson_variance,global,observation,2016-01-01,400,
235,3.0,1.1137737107990442,5088880,equity_parkinson_variance,global,observation,2016-01-01,400,
235,4.0,2.429010549402564,5088880,equity_parkinson_variance,global,observation,2016-01-01,400,
236,1.0,0.6347119388966899,5087355,equity_parkinson_variance,global,observation,2016-01-01,400,
236,1.5,0.6319968111491113,5087355,equity_parkinson_variance,global,observation,2016-01-01,400,
236,2.0,0.6986543340438068,5087355,equity_parkinson_variance,global,observation,2016-01-01,400,
236,3.0,1.115930711461692,5087355,equity_parkinson_variance,global,observation,2016-01-01,400,
236,4.0,2.438837530907159,5087355,equity_parkinson_variance,global,observation,2016-01-01,400,
237,1.0,0.6347994261165844,5085830,equity_parkinson_variance,global,observation,2016-01-01,400,
237,1.5,0.6321881938550895,5085830,equity_parkinson_variance,global,observation,2016-01-01,400,
237,2.0,0.6989945171349967,5085830,equity_parkinson_variance,global,observation,2016-01-01,400,
237,3.0,1.116764844515645,5085830,equity_parkinson_variance,global,observation,2016-01-01,400,
237,4.0,2.4402484135723004,5085830,equity_parkinson_variance,global,observation,2016-01-01,400,
238,1.0,0.6348113659468885,5084305,equity_parkinson_variance,global,observation,2016-01-01,400,
238,1.5,0.6322200135402943,5084305,equity_parkinson_variance,global,observation,2016-01-01,400,
238,2.0,0.6991157476125744,5084305,equity_parkinson_variance,global,observation,2016-01-01,400,
238,3.0,1.1175806583316477,5084305,equity_parkinson_variance,global,observation,2016-01-01,400,
238,4.0,2.4448861341260435,5084305,equity_parkinson_variance,global,observation,2016-01-01,400,
239,1.0,0.6348885236961589,5082780,equity_parkinson_variance,global,observation,2016-01-01,400,
239,1.5,0.6323382384336067,5082780,equity_parkinson_variance,global,observation,2016-01-01,400,
239,2.0,0.6991864500993573,5082780,equity_parkinson_variance,global,observation,2016-01-01,400,
239,3.0,1.1166262672635,5082780,equity_parkinson_variance,global,observation,2016-01-01,400,
239,4.0,2.436173097628023,5082780,equity_parkinson_variance,global,observation,2016-01-01,400,
240,1.0,0.6352536803637433,5081255,equity_parkinson_variance,global,observation,2016-01-01,400,
240,1.5,0.6328809505782397,5081255,equity_parkinson_variance,global,observation,2016-01-01,400,
240,2.0,0.7000067650645807,5081255,equity_parkinson_variance,global,observation,2016-01-01,400,
240,3.0,1.1188614459234945,5081255,equity_parkinson_variance,global,observation,2016-01-01,400,
240,4.0,2.4442569174695907,5081255,equity_parkinson_variance,global,observation,2016-01-01,400,
241,1.0,0.6355577469091238,5079730,equity_parkinson_variance,global,observation,2016-01-01,400,
241,1.5,0.6331981886136154,5079730,equity_parkinson_variance,global,observation,2016-01-01,400,
241,2.0,0.7002410278677631,5079730,equity_parkinson_variance,global,observation,2016-01-01,400,
241,3.0,1.1180238938389513,5079730,equity_parkinson_variance,global,observation,2016-01-01,400,
241,4.0,2.436850085333869,5079730,equity_parkinson_variance,global,observation,2016-01-01,400,
242,1.0,0.6356421583775832,5078205,equity_parkinson_variance,global,observation,2016-01-01,400,
242,1.5,0.6333399718559795,5078205,equity_parkinson_variance,global,observation,2016-01-01,400,
242,2.0,0.7005432208880024,5078205,equity_parkinson_variance,global,observation,2016-01-01,400,
242,3.0,1.11967498744831,5078205,equity_parkinson_variance,global,observation,2016-01-01,400,
242,4.0,2.4463093043845263,5078205,equity_parkinson_variance,global,observation,2016-01-01,400,
243,1.0,0.6356574066721037,5076680,equity_parkinson_variance,global,observation,2016-01-01,400,
243,1.5,0.6334011039509067,5076680,equity_parkinson_variance,global,observation,2016-01-01,400,
243,2.0,0.7005872739269466,5076680,equity_parkinson_variance,global,observation,2016-01-01,400,
243,3.0,1.1189727653176196,5076680,equity_parkinson_variance,global,observation,2016-01-01,400,
243,4.0,2.4398672403416835,5076680,equity_parkinson_variance,global,observation,2016-01-01,400,
244,1.0,0.6353883262034807,5075155,equity_parkinson_variance,global,observation,2016-01-01,400,
244,1.5,0.6330964147991583,5075155,equity_parkinson_variance,global,observation,2016-01-01,400,
244,2.0,0.7003585425985092,5075155,equity_parkinson_variance,global,observation,2016-01-01,400,
244,3.0,1.1202223064410564,5075155,equity_parkinson_variance,global,observation,2016-01-01,400,
244,4.0,2.452222987579718,5075155,equity_parkinson_variance,global,observation,2016-01-01,400,
245,1.0,0.6349985870118942,5073630,equity_parkinson_variance,global,observation,2016-01-01,400,
245,1.5,0.6325459517705083,5073630,equity_parkinson_variance,global,observation,2016-01-01,400,
245,2.0,0.6995503082051737,5073630,equity_parkinson_variance,global,observation,2016-01-01,400,
245,3.0,1.117933551643948,5073630,equity_parkinson_variance,global,observation,2016-01-01,400,
245,4.0,2.4429600568484187,5073630,equity_parkinson_variance,global,observation,2016-01-01,400,
246,1.0,0.6345725712043719,5072105,equity_parkinson_variance,global,observation,2016-01-01,400,
246,1.5,0.6319722304010095,5072105,equity_parkinson_variance,global,observation,2016-01-01,400,
246,2.0,0.6988207549665922,5072105,equity_parkinson_variance,global,observation,2016-01-01,400,
246,3.0,1.117040855483718,5072105,equity_parkinson_variance,global,observation,2016-01-01,400,
246,4.0,2.4443774730906926,5072105,equity_parkinson_variance,global,observation,2016-01-01,400,
247,1.0,0.6341640916069747,5070580,equity_parkinson_variance,global,observation,2016-01-01,400,
247,1.5,0.6314671487727437,5070580,equity_parkinson_variance,global,observation,2016-01-01,400,
247,2.0,0.6981772749858224,5070580,equity_parkinson_variance,global,observation,2016-01-01,400,
247,3.0,1.1150928136109908,5070580,equity_parkinson_variance,global,observation,2016-01-01,400,
247,4.0,2.4328736855609985,5070580,equity_parkinson_variance,global,observation,2016-01-01,400,
248,1.0,0.6341904680538344,5069055,equity_parkinson_variance,global,observation,2016-01-01,400,
248,1.5,0.6315842363864039,5069055,equity_parkinson_variance,global,observation,2016-01-01,400,
248,2.0,0.6985823936987492,5069055,equity_parkinson_variance,global,observation,2016-01-01,400,
248,3.0,1.1177670731232658,5069055,equity_parkinson_variance,global,observation,2016-01-01,400,
248,4.0,2.446698038621171,5069055,equity_parkinson_variance,global,observation,2016-01-01,400,
249,1.0,0.6328557060955132,5067530,equity_parkinson_variance,global,observation,2016-01-01,400,
249,1.5,0.6296333156252925,5067530,equity_parkinson_variance,global,observation,2016-01-01,400,
249,2.0,0.6957574744848457,5067530,equity_parkinson_variance,global,observation,2016-01-01,400,
249,3.0,1.111336581083027,5067530,equity_parkinson_variance,global,observation,2016-01-01,400,
249,4.0,2.4298988546362974,5067530,equity_parkinson_variance,global,observation,2016-01-01,400,
250,1.0,0.6315255663698149,5066005,equity_parkinson_variance,global,observation,2016-01-01,400,
250,1.5,0.6279924808040085,5066005,equity_parkinson_variance,global,observation,2016-01-01,400,
250,2.0,0.6938672989856364,5066005,equity_parkinson_variance,global,observation,2016-01-01,400,
250,3.0,1.1090968874948497,5066005,equity_parkinson_variance,global,observation,2016-01-01,400,
250,4.0,2.426543308827318,5066005,equity_parkinson_variance,global,observation,2016-01-01,400,
251,1.0,0.6299184476016797,5064480,equity_parkinson_variance,global,observation,2016-01-01,400,
251,1.5,0.625936038339826,5064480,equity_parkinson_variance,global,observation,2016-01-01,400,
251,2.0,0.6913103674005898,5064480,equity_parkinson_variance,global,observation,2016-01-01,400,
251,3.0,1.1049765800726865,5064480,equity_parkinson_variance,global,observation,2016-01-01,400,
251,4.0,2.419419628564524,5064480,equity_parkinson_variance,global,observation,2016-01-01,400,
252,1.0,0.6321631202169544,5062955,equity_parkinson_variance,global,observation,2016-01-01,400,
252,1.5,0.6289251165187251,5062955,equity_parkinson_variance,global,observation,2016-01-01,400,
252,2.0,0.6952116240424466,5062955,equity_parkinson_variance,global,observation,2016-01-01,400,
252,3.0,1.1122084351117791,5062955,equity_parkinson_variance,global,observation,2016-01-01,400,
252,4.0,2.435497984682049,5062955,equity_parkinson_variance,global,observation,2016-01-01,400,
253,1.0,0.6343578022468078,5061430,equity_parkinson_variance,global,observation,2016-01-01,400,
253,1.5,0.6318342824578402,5061430,equity_parkinson_variance,global,observation,2016-01-01,400,
253,2.0,0.6989628181259441,5061430,equity_parkinson_variance,global,observation,2016-01-01,400,
253,3.0,1.1187343678001056,5061430,equity_parkinson_variance,global,observation,2016-01-01,400,
253,4.0,2.4484825671236976,5061430,equity_parkinson_variance,global,observation,2016-01-01,400,
254,1.0,0.635467209085942,5059905,equity_parkinson_variance,global,observation,2016-01-01,400,
254,1.5,0.633395447235133,5059905,equity_parkinson_variance,global,observation,2016-01-01,400,
254,2.0,0.7009850671217697,5059905,equity_parkinson_variance,global,observation,2016-01-01,400,
254,3.0,1.121429357720274,5059905,equity_parkinson_variance,global,observation,2016-01-01,400,
254,4.0,2.4486074953746733,5059905,equity_parkinson_variance,global,observation,2016-01-01,400,
255,1.0,0.6362088999986335,5058380,equity_parkinson_variance,global,observation,2016-01-01,400,
255,1.5,0.6346269969442964,5058380,equity_parkinson_variance,global,observation,2016-01-01,400,
255,2.0,0.7029574039015346,5058380,equity_parkinson_variance,global,observation,2016-01-01,400,
255,3.0,1.126603447609431,5058380,equity_parkinson_variance,global,observation,2016-01-01,400,
255,4.0,2.464225173559212,5058380,equity_parkinson_variance,global,observation,2016-01-01,400,
256,1.0,0.6366000456487912,5056855,equity_parkinson_variance,global,observation,2016-01-01,400,
256,1.5,0.6349232826467098,5056855,equity_parkinson_variance,global,observation,2016-01-01,400,
256,2.0,0.7030342842763089,5056855,equity_parkinson_variance,global,observation,2016-01-01,400,
256,3.0,1.1255368463824118,5056855,equity_parkinson_variance,global,observation,2016-01-01,400,
256,4.0,2.459376944956857,5056855,equity_parkinson_variance,global,observation,2016-01-01,400,
257,1.0,0.6379655650918924,5055330,equity_parkinson_variance,global,observation,2016-01-01,400,
257,1.5,0.6368165200934667,5055330,equity_parkinson_variance,global,observation,2016-01-01,400,
257,2.0,0.7055643877686071,5055330,equity_parkinson_variance,global,observation,2016-01-01,400,
257,3.0,1.1303198497473548,5055330,equity_parkinson_variance,global,observation,2016-01-01,400,
257,4.0,2.470682268502592,5055330,equity_parkinson_variance,global,observation,2016-01-01,400,
258,1.0,0.6388193024775863,5053805,equity_parkinson_variance,global,observation,2016-01-01,400,
258,1.5,0.6379433099949897,5053805,equity_parkinson_variance,global,observation,2016-01-01,400,
258,2.0,0.7069514755593865,5053805,equity_parkinson_variance,global,observation,2016-01-01,400,
258,3.0,1.1319842237998252,5053805,equity_parkinson_variance,global,observation,2016-01-01,400,
258,4.0,2.4693589265368137,5053805,equity_parkinson_variance,global,observation,2016-01-01,400,
259,1.0,0.6387100799826705,5052280,equity_parkinson_variance,global,observation,2016-01-01,400,
259,1.5,0.637856572085687,5052280,equity_parkinson_variance,global,observation,2016-01-01,400,
259,2.0,0.7070026814457966,5052280,equity_parkinson_variance,global,observation,2016-01-01,400,
259,3.0,1.1333815587533924,5052280,equity_parkinson_variance,global,observation,2016-01-01,400,
259,4.0,2.4786847034178394,5052280,equity_parkinson_variance,global,observation,2016-01-01,400,
260,1.0,0.6389130578391206,5050755,equity_parkinson_variance,global,observation,2016-01-01,400,
260,1.5,0.6381988667465113,5050755,equity_parkinson_variance,global,observation,2016-01-01,400,
260,2.0,0.7075610606970164,5050755,equity_parkinson_variance,global,observation,2016-01-01,400,
260,3.0,1.1346479051392326,5050755,equity_parkinson_variance,global,observation,2016-01-01,400,
260,4.0,2.4796666966114613,5050755,equity_parkinson_variance,global,observation,2016-01-01,400,
261,1.0,0.6388674232338067,5049230,equity_parkinson_variance,global,observation,2016-01-01,400,
261,1.5,0.638097288570855,5049230,equity_parkinson_variance,global,observation,2016-01-01,400,
261,2.0,0.7072755498154293,5049230,equity_parkinson_variance,global,observation,2016-01-01,400,
261,3.0,1.1329916285146258,5049230,equity_parkinson_variance,global,observation,2016-01-01,400,
261,4.0,2.4723026275312305,5049230,equity_parkinson_variance,global,observation,2016-01-01,400,
262,1.0,0.639205537535866,5047705,equity_parkinson_variance,global,observation,2016-01-01,400,
262,1.5,0.6386047277235742,5047705,equity_parkinson_variance,global,observation,2016-01-01,400,
262,2.0,0.7080167286115275,5047705,equity_parkinson_variance,global,observation,2016-01-01,400,
262,3.0,1.1346729333044856,5047705,equity_parkinson_variance,global,observation,2016-01-01,400,
262,4.0,2.477465730130406,5047705,equity_parkinson_variance,global,observation,2016-01-01,400,
263,1.0,0.6397463417788781,5046180,equity_parkinson_variance,global,observation,2016-01-01,400,
263,1.5,0.639564801718932,5046180,equity_parkinson_variance,global,observation,2016-01-01,400,
263,2.0,0.7097229519844331,5046180,equity_parkinson_variance,global,observation,2016-01-01,400,
263,3.0,1.1403622720278428,5046180,equity_parkinson_variance,global,observation,2016-01-01,400,
263,4.0,2.497581654583489,5046180,equity_parkinson_variance,global,observation,2016-01-01,400,
264,1.0,0.6399492028339457,5044655,equity_parkinson_variance,global,observation,2016-01-01,400,
264,1.5,0.6398026046617766,5044655,equity_parkinson_variance,global,observation,2016-01-01,400,
264,2.0,0.7099344440516003,5044655,equity_parkinson_variance,global,observation,2016-01-01,400,
264,3.0,1.1398771378329506,5044655,equity_parkinson_variance,global,observation,2016-01-01,400,
264,4.0,2.4919228145996835,5044655,equity_parkinson_variance,global,observation,2016-01-01,400,
265,1.0,0.6400113285868294,5043130,equity_parkinson_variance,global,observation,2016-01-01,400,
265,1.5,0.6400672772391255,5043130,equity_parkinson_variance,global,observation,2016-01-01,400,
265,2.0,0.7104180360378181,5043130,equity_parkinson_variance,global,observation,2016-01-01,400,
265,3.0,1.1407275416515104,5043130,equity_parkinson_variance,global,observation,2016-01-01,400,
265,4.0,2.492248670445452,5043130,equity_parkinson_variance,global,observation,2016-01-01,400,
266,1.0,0.6406097363112149,5041605,equity_parkinson_variance,global,observation,2016-01-01,400,
266,1.5,0.6408258206199946,5041605,equity_parkinson_variance,global,observation,2016-01-01,400,
266,2.0,0.711444792332563,5041605,equity_parkinson_variance,global,observation,2016-01-01,400,
266,3.0,1.1432933290489111,5041605,equity_parkinson_variance,global,observation,2016-01-01,400,
266,4.0,2.501025372278596,5041605,equity_parkinson_variance,global,observation,2016-01-01,400,
267,1.0,0.6408242018989068,5040080,equity_parkinson_variance,global,observation,2016-01-01,400,
267,1.5,0.6412166405906329,5040080,equity_parkinson_variance,global,observation,2016-01-01,400,
267,2.0,0.7120657540203694,5040080,equity_parkinson_variance,global,observation,2016-01-01,400,
267,3.0,1.14443358226359,5040080,equity_parkinson_variance,global,observation,2016-01-01,400,
267,4.0,2.503172772147823,5040080,equity_parkinson_variance,global,observation,2016-01-01,400,
268,1.0,0.641399803768521,5038555,equity_parkinson_variance,global,observation,2016-01-01,400,
268,1.5,0.642141739236673,5038555,equity_parkinson_variance,global,observation,2016-01-01,400,
268,2.0,0.7134969539710069,5038555,equity_parkinson_variance,global,observation,2016-01-01,400,
268,3.0,1.148027100183242,5038555,equity_parkinson_variance,global,observation,2016-01-01,400,
268,4.0,2.512647695165332,5038555,equity_parkinson_variance,global,observation,2016-01-01,400,
269,1.0,0.6414161821726084,5037030,equity_parkinson_variance,global,observation,2016-01-01,400,
269,1.5,0.6420680730776,5037030,equity_parkinson_variance,global,observation,2016-01-01,400,
269,2.0,0.7131602262538834,5037030,equity_parkinson_variance,global,observation,2016-01-01,400,
269,3.0,1.145253588123522,5037030,equity_parkinson_variance,global,observation,2016-01-01,400,
269,4.0,2.495538116253638,5037030,equity_parkinson_variance,global,observation,2016-01-01,400,
270,1.0,0.6413095830879365,5035505,equity_parkinson_variance,global,observation,2016-01-01,400,
270,1.5,0.6419937177696635,5035505,equity_parkinson_variance,global,observation,2016-01-01,400,
270,2.0,0.71320374667881,5035505,equity_parkinson_variance,global,observation,2016-01-01,400,
270,3.0,1.1467103301493151,5035505,equity_parkinson_variance,global,observation,2016-01-01,400,
270,4.0,2.506760330562131,5035505,equity_parkinson_variance,global,observation,2016-01-01,400,
271,1.0,0.641048110321197,5033980,equity_parkinson_variance,global,observation,2016-01-01,400,
271,1.5,0.6417476706393558,5033980,equity_parkinson_variance,global,observation,2016-01-01,400,
271,2.0,0.7130734009671753,5033980,equity_parkinson_variance,global,observation,2016-01-01,400,
271,3.0,1.147335796476154,5033980,equity_parkinson_variance,global,observation,2016-01-01,400,
271,4.0,2.5100341035007987,5033980,equity_parkinson_variance,global,observation,2016-01-01,400,
272,1.0,0.6408698589254527,5032455,equity_parkinson_variance,global,observation,2016-01-01,400,
272,1.5,0.6416135032229966,5032455,equity_parkinson_variance,global,observation,2016-01-01,400,
272,2.0,0.7129580657293955,5032455,equity_parkinson_variance,global,observation,2016-01-01,400,
272,3.0,1.1472359401551493,5032455,equity_parkinson_variance,global,observation,2016-01-01,400,
272,4.0,2.5105692179845467,5032455,equity_parkinson_variance,global,observation,2016-01-01,400,
273,1.0,0.6406966974423752,5030930,equity_parkinson_variance,global,observation,2016-01-01,400,
273,1.5,0.6414905071115354,5030930,equity_parkinson_variance,global,observation,2016-01-01,400,
273,2.0,0.7129939764208856,5030930,equity_parkinson_variance,global,observation,2016-01-01,400,
273,3.0,1.1478824549340678,5030930,equity_parkinson_variance,global,observation,2016-01-01,400,
273,4.0,2.510817205872222,5030930,equity_parkinson_variance,global,observation,2016-01-01,400,
274,1.0,0.6409214157128786,5029405,equity_parkinson_variance,global,observation,2016-01-01,400,
274,1.5,0.641912445113033,5029405,equity_parkinson_variance,global,observation,2016-01-01,400,
274,2.0,0.7137729225603481,5029405,equity_parkinson_variance,global,observation,2016-01-01,400,
274,3.0,1.1506567616758796,5029405,equity_parkinson_variance,global,observation,2016-01-01,400,
274,4.0,2.522150470753304,5029405,equity_parkinson_variance,global,observation,2016-01-01,400,
275,1.0,0.6410451426299034,5027880,equity_parkinson_variance,global,observation,2016-01-01,400,
275,1.5,0.6420340111975145,5027880,equity_parkinson_variance,global,observation,2016-01-01,400,
275,2.0,0.7138293886042582,5027880,equity_parkinson_variance,global,observation,2016-01-01,400,
275,3.0,1.1498690596413723,5027880,equity_parkinson_variance,global,observation,2016-01-01,400,
275,4.0,2.5156683491864302,5027880,equity_parkinson_variance,global,observation,2016-01-01,400,
276,1.0,0.641286316328562,5026355,equity_parkinson_variance,global,observation,2016-01-01,400,
276,1.5,0.6422069882058448,5026355,equity_parkinson_variance,global,observation,2016-01-01,400,
276,2.0,0.7139008304510166,5026355,equity_parkinson_variance,global,observation,2016-01-01,400,
276,3.0,1.1494556853612683,5026355,equity_parkinson_variance,global,observation,2016-01-01,400,
276,4.0,2.511968674814044,5026355,equity_parkinson_variance,global,observation,2016-01-01,400,
277,1.0,0.6411523341869995,5024830,equity_parkinson_variance,global,observation,2016-01-01,400,
277,1.5,0.6421001698480187,5024830,equity_parkinson_variance,global,observation,2016-01-01,400,
277,2.0,0.7138068179072178,5024830,equity_parkinson_variance,global,observation,2016-01-01,400,
277,3.0,1.1495122353196352,5024830,equity_parkinson_variance,global,observation,2016-01-01,400,
277,4.0,2.5152115175826224,5024830,equity_parkinson_variance,global,observation,2016-01-01,400,
278,1.0,0.6416694705875556,5023305,equity_parkinson_variance,global,observation,2016-01-01,400,
278,1.5,0.6426866317144512,5023305,equity_parkinson_variance,global,observation,2016-01-01,400,
278,2.0,0.7144157473928469,5023305,equity_parkinson_variance,global,observation,2016-01-01,400,
278,3.0,1.1497917993671989,5023305,equity_parkinson_variance,global,observation,2016-01-01,400,
278,4.0,2.512796844026741,5023305,equity_parkinson_variance,global,observation,2016-01-01,400,
279,1.0,0.6410926719855864,5021780,equity_parkinson_variance,global,observation,2016-01-01,400,
279,1.5,0.642048665113496,5021780,equity_parkinson_variance,global,observation,2016-01-01,400,
279,2.0,0.7137789144030013,5021780,equity_parkinson_variance,global,observation,2016-01-01,400,
279,3.0,1.1492979125656086,5021780,equity_parkinson_variance,global,observation,2016-01-01,400,
279,4.0,2.511280167293466,5021780,equity_parkinson_variance,global,observation,2016-01-01,400,
280,1.0,0.6413919364861719,5020255,equity_parkinson_variance,global,observation,2016-01-01,400,
280,1.5,0.6422870811665549,5020255,equity_parkinson_variance,global,observation,2016-01-01,400,
280,2.0,0.7138663433260427,5020255,equity_parkinson_variance,global,observation,2016-01-01,400,
280,3.0,1.1487473318318622,5020255,equity_parkinson_variance,global,observation,2016-01-01,400,
280,4.0,2.5113133444592544,5020255,equity_parkinson_variance,global,observation,2016-01-01,400,
281,1.0,0.6418935729023234,5018730,equity_parkinson_variance,global,observation,2016-01-01,400,
281,1.5,0.6430491435117842,5018730,equity_parkinson_variance,global,observation,2016-01-01,400,
281,2.0,0.714917811333524,5018730,equity_parkinson_variance,global,observation,2016-01-01,400,
281,3.0,1.1505073188977526,5018730,equity_parkinson_variance,global,observation,2016-01-01,400,
281,4.0,2.5129261574776875,5018730,equity_parkinson_variance,global,observation,2016-01-01,400,
282,1.0,0.6423719227180067,5017205,equity_parkinson_variance,global,observation,2016-01-01,400,
282,1.5,0.6437966707863876,5017205,equity_parkinson_variance,global,observation,2016-01-01,400,
282,2.0,0.7161282657803324,5017205,equity_parkinson_variance,global,observation,2016-01-01,400,
282,3.0,1.1542932241797867,5017205,equity_parkinson_variance,global,observation,2016-01-01,400,
282,4.0,2.527531487949851,5017205,equity_parkinson_variance,global,observation,2016-01-01,400,
283,1.0,0.6427149054383913,5015680,equity_parkinson_variance,global,observation,2016-01-01,400,
283,1.5,0.6441349109304391,5015680,equity_parkinson_variance,global,observation,2016-01-01,400,
283,2.0,0.716349493652391,5015680,equity_parkinson_variance,global,observation,2016-01-01,400,
283,3.0,1.1535282900989174,5015680,equity_parkinson_variance,global,observation,2016-01-01,400,
283,4.0,2.522323187659312,5015680,equity_parkinson_variance,global,observation,2016-01-01,400,
284,1.0,0.6428703234428448,5014155,equity_parkinson_variance,global,observation,2016-01-01,400,
284,1.5,0.6440791695342541,5014155,equity_parkinson_variance,global,observation,2016-01-01,400,
284,2.0,0.715963187903939,5014155,equity_parkinson_variance,global,observation,2016-01-01,400,
284,3.0,1.151607410226663,5014155,equity_parkinson_variance,global,observation,2016-01-01,400,
284,4.0,2.515127558973957,5014155,equity_parkinson_variance,global,observation,2016-01-01,400,
285,1.0,0.6426786922832477,5012630,equity_parkinson_variance,global,observation,2016-01-01,400,
285,1.5,0.6439960473488459,5012630,equity_parkinson_variance,global,observation,2016-01-01,400,
285,2.0,0.7160898555368811,5012630,equity_parkinson_variance,global,observation,2016-01-01,400,
285,3.0,1.15333734396107,5012630,equity_parkinson_variance,global,observation,2016-01-01,400,
285,4.0,2.5257309620650146,5012630,equity_parkinson_variance,global,observation,2016-01-01,400,
286,1.0,0.642774492673387,5011105,equity_parkinson_variance,global,observation,2016-01-01,400,
286,1.5,0.643991779238176,5011105,equity_parkinson_variance,global,observation,2016-01-01,400,
286,2.0,0.7158283749347772,5011105,equity_parkinson_variance,global,observation,2016-01-01,400,
286,3.0,1.1513752224564302,5011105,equity_parkinson_variance,global,observation,2016-01-01,400,
286,4.0,2.5164827886906567,5011105,equity_parkinson_variance,global,observation,2016-01-01,400,
287,1.0,0.64308042101645,5009580,equity_parkinson_variance,global,observation,2016-01-01,400,
287,1.5,0.6444081708845225,5009580,equity_parkinson_variance,global,observation,2016-01-01,400,
287,2.0,0.7163706143769196,5009580,equity_parkinson_variance,global,observation,2016-01-01,400,
287,3.0,1.1519537358061085,5009580,equity_parkinson_variance,global,observation,2016-01-01,400,
287,4.0,2.513935472260529,5009580,equity_parkinson_variance,global,observation,2016-01-01,400,
288,1.0,0.6435472085380719,5008055,equity_parkinson_variance,global,observation,2016-01-01,400,
288,1.5,0.6451131078399516,5008055,equity_parkinson_variance,global,observation,2016-01-01,400,
288,2.0,0.7174394863753769,5008055,equity_parkinson_variance,global,observation,2016-01-01,400,
288,3.0,1.1548735795386211,5008055,equity_parkinson_variance,global,observation,2016-01-01,400,
288,4.0,2.5253828628984003,5008055,equity_parkinson_variance,global,observation,2016-01-01,400,
289,1.0,0.6432281563404929,5006530,equity_parkinson_variance,global,observation,2016-01-01,400,
289,1.5,0.6445790368084473,5006530,equity_parkinson_variance,global,observation,2016-01-01,400,
289,2.0,0.7165385457094149,5006530,equity_parkinson_variance,global,observation,2016-01-01,400,
289,3.0,1.1522843584598486,5006530,equity_parkinson_variance,global,observation,2016-01-01,400,
289,4.0,2.516755249681982,5006530,equity_parkinson_variance,global,observation,2016-01-01,400,
290,1.0,0.6431336253286902,5005005,equity_parkinson_variance,global,observation,2016-01-01,400,
290,1.5,0.6444754902757841,5005005,equity_parkinson_variance,global,observation,2016-01-01,400,
290,2.0,0.7164341126837441,5005005,equity_parkinson_variance,global,observation,2016-01-01,400,
290,3.0,1.1520060060519304,5005005,equity_parkinson_variance,global,observation,2016-01-01,400,
290,4.0,2.513748609495764,5005005,equity_parkinson_variance,global,observation,2016-01-01,400,
291,1.0,0.6438568977751679,5003480,equity_parkinson_variance,global,observation,2016-01-01,400,
291,1.5,0.6453562978271201,5003480,equity_parkinson_variance,global,observation,2016-01-01,400,
291,2.0,0.7175519496821714,5003480,equity_parkinson_variance,global,observation,2016-01-01,400,
291,3.0,1.154466219425251,5003480,equity_parkinson_variance,global,observation,2016-01-01,400,
291,4.0,2.521868819803143,5003480,equity_parkinson_variance,global,observation,2016-01-01,400,
292,1.0,0.6442543332471042,5001955,equity_parkinson_variance,global,observation,2016-01-01,400,
292,1.5,0.6460077037367145,5001955,equity_parkinson_variance,global,observation,2016-01-01,400,
292,2.0,0.7185255398118712,5001955,equity_parkinson_variance,global,observation,2016-01-01,400,
292,3.0,1.1563539351698937,5001955,equity_parkinson_variance,global,observation,2016-01-01,400,
292,4.0,2.5249132550712723,5001955,equity_parkinson_variance,global,observation,2016-01-01,400,
293,1.0,0.6441285574467693,5000430,equity_parkinson_variance,global,observation,2016-01-01,400,
293,1.5,0.6458114941229351,5000430,equity_parkinson_variance,global,observation,2016-01-01,400,
293,2.0,0.7183076246259853,5000430,equity_parkinson_variance,global,observation,2016-01-01,400,
293,3.0,1.1564408939937616,5000430,equity_parkinson_variance,global,observation,2016-01-01,400,
293,4.0,2.5268000308846763,5000430,equity_parkinson_variance,global,observation,2016-01-01,400,
294,1.0,0.6441792504808982,4998905,equity_parkinson_variance,global,observation,2016-01-01,400,
294,1.5,0.6460708189743263,4998905,equity_parkinson_variance,global,observation,2016-01-01,400,
294,2.0,0.7189629388484976,4998905,equity_parkinson_variance,global,observation,2016-01-01,400,
294,3.0,1.159358587077577,4998905,equity_parkinson_variance,global,observation,2016-01-01,400,
294,4.0,2.539661695330448,4998905,equity_parkinson_variance,global,observation,2016-01-01,400,
295,1.0,0.6437656767003457,4997380,equity_parkinson_variance,global,observation,2016-01-01,400,
295,1.5,0.6455247387039144,4997380,equity_parkinson_variance,global,observation,2016-01-01,400,
295,2.0,0.7182005777639907,4997380,equity_parkinson_variance,global,observation,2016-01-01,400,
295,3.0,1.15732507863961,4997380,equity_parkinson_variance,global,observation,2016-01-01,400,
295,4.0,2.532122433449277,4997380,equity_parkinson_variance,global,observation,2016-01-01,400,
296,1.0,0.6443872904656132,4995855,equity_parkinson_variance,global,observation,2016-01-01,400,
296,1.5,0.6461567635465405,4995855,equity_parkinson_variance,global,observation,2016-01-01,400,
296,2.0,0.7187526268037129,4995855,equity_parkinson_variance,global,observation,2016-01-01,400,
296,3.0,1.1572033854111452,4995855,equity_parkinson_variance,global,observation,2016-01-01,400,
296,4.0,2.5284411999841567,4995855,equity_parkinson_variance,global,observation,2016-01-01,400,
297,1.0,0.6446182578454811,4994330,equity_parkinson_variance,global,observation,2016-01-01,400,
297,1.5,0.6465682597662322,4994330,equity_parkinson_variance,global,observation,2016-01-01,400,
297,2.0,0.719425186539065,4994330,equity_parkinson_variance,global,observation,2016-01-01,400,
297,3.0,1.1591465259750642,4994330,equity_parkinson_variance,global,observation,2016-01-01,400,
297,4.0,2.5357723233289367,4994330,equity_parkinson_variance,global,observation,2016-01-01,400,
298,1.0,0.6445550276214163,4992805,equity_parkinson_variance,global,observation,2016-01-01,400,
298,1.5,0.6465561696810038,4992805,equity_parkinson_variance,global,observation,2016-01-01,400,
298,2.0,0.7194980898485274,4992805,equity_parkinson_variance,global,observation,2016-01-01,400,
298,3.0,1.1596883438602212,4992805,equity_parkinson_variance,global,observation,2016-01-01,400,
298,4.0,2.5386436798205163,4992805,equity_parkinson_variance,global,observation,2016-01-01,400,
299,1.0,0.6441802684375432,4991280,equity_parkinson_variance,global,observation,2016-01-01,400,
299,1.5,0.6460353137296273,4991280,equity_parkinson_variance,global,observation,2016-01-01,400,
299,2.0,0.7188490973558237,4991280,equity_parkinson_variance,global,observation,2016-01-01,400,
299,3.0,1.1586903280717675,4991280,equity_parkinson_variance,global,observation,2016-01-01,400,
299,4.0,2.535626572428067,4991280,equity_parkinson_variance,global,observation,2016-01-01,400,
300,1.0,0.644533021902093,4989755,equity_parkinson_variance,global,observation,2016-01-01,400,
300,1.5,0.646433117350681,4989755,equity_parkinson_variance,global,observation,2016-01-01,400,
300,2.0,0.7192026734948364,4989755,equity_parkinson_variance,global,observation,2016-01-01,400,
300,3.0,1.1581234199348045,4989755,equity_parkinson_variance,global,observation,2016-01-01,400,
300,4.0,2.5294163182441465,4989755,equity_parkinson_variance,global,observation,2016-01-01,400,
301,1.0,0.6446978746025226,4988230,equity_parkinson_variance,global,observation,2016-01-01,400,
301,1.5,0.6467968337524338,4988230,equity_parkinson_variance,global,observation,2016-01-01,400,
301,2.0,0.719939484292336,4988230,equity_parkinson_variance,global,observation,2016-01-01,400,
301,3.0,1.1608663781379556,4988230,equity_parkinson_variance,global,observation,2016-01-01,400,
301,4.0,2.5393680880784637,4988230,equity_parkinson_variance,global,observation,2016-01-01,400,
302,1.0,0.6449909171503597,4986705,equity_parkinson_variance,global,observation,2016-01-01,400,
302,1.5,0.6471331159102685,4986705,equity_parkinson_variance,global,observation,2016-01-01,400,
302,2.0,0.7202459840905772,4986705,equity_parkinson_variance,global,observation,2016-01-01,400,
302,3.0,1.160521161950664,4986705,equity_parkinson_variance,global,observation,2016-01-01,400,
302,4.0,2.5356356583168758,4986705,equity_parkinson_variance,global,observation,2016-01-01,400,
303,1.0,0.6449561984916106,4985180,equity_parkinson_variance,global,observation,2016-01-01,400,
303,1.5,0.6471552229407129,4985180,equity_parkinson_variance,global,observation,2016-01-01,400,
303,2.0,0.7204631956395554,4985180,equity_parkinson_variance,global,observation,2016-01-01,400,
303,3.0,1.1624847914451977,4985180,equity_parkinson_variance,global,observation,2016-01-01,400,
303,4.0,2.547477624464305,4985180,equity_parkinson_variance,global,observation,2016-01-01,400,
304,1.0,0.6447229109651765,4983655,equity_parkinson_variance,global,observation,2016-01-01,400,
304,1.5,0.6470079372995159,4983655,equity_parkinson_variance,global,observation,2016-01-01,400,
304,2.0,0.7204322523782808,4983655,equity_parkinson_variance,global,observation,2016-01-01,400,
304,3.0,1.1626110923944457,4983655,equity_parkinson_variance,global,observation,2016-01-01,400,
304,4.0,2.54556970408328,4983655,equity_parkinson_variance,global,observation,2016-01-01,400,
305,1.0,0.6449539753467329,4982130,equity_parkinson_variance,global,observation,2016-01-01,400,
305,1.5,0.6474182897915817,4982130,equity_parkinson_variance,global,observation,2016-01-01,400,
305,2.0,0.7210833349201781,4982130,equity_parkinson_variance,global,observation,2016-01-01,400,
305,3.0,1.1636329994928856,4982130,equity_parkinson_variance,global,observation,2016-01-01,400,
305,4.0,2.543105606565363,4982130,equity_parkinson_variance,global,observation,2016-01-01,400,
306,1.0,0.6446281756164868,4980605,equity_parkinson_variance,global,observation,2016-01-01,400,
306,1.5,0.6470676039361954,4980605,equity_parkinson_variance,global,observation,2016-01-01,400,
306,2.0,0.7206699605901277,4980605,equity_parkinson_variance,global,observation,2016-01-01,400,
306,3.0,1.1628853739545777,4980605,equity_parkinson_variance,global,observation,2016-01-01,400,
306,4.0,2.542879104941766,4980605,equity_parkinson_variance,global,observation,2016-01-01,400,
307,1.0,0.6448205995751803,4979080,equity_parkinson_variance,global,observation,2016-01-01,400,
307,1.5,0.6474412461519561,4979080,equity_parkinson_variance,global,observation,2016-01-01,400,
307,2.0,0.7214617135642334,4979080,equity_parkinson_variance,global,observation,2016-01-01,400,
307,3.0,1.16634304898801,4979080,equity_parkinson_variance,global,observation,2016-01-01,400,
307,4.0,2.5573336022877045,4979080,equity_parkinson_variance,global,observation,2016-01-01,400,
308,1.0,0.6441675598245288,4977555,equity_parkinson_variance,global,observation,2016-01-01,400,
308,1.5,0.6466109715507856,4977555,equity_parkinson_variance,global,observation,2016-01-01,400,
308,2.0,0.7204227276251776,4977555,equity_parkinson_variance,global,observation,2016-01-01,400,
308,3.0,1.1647240201530171,4977555,equity_parkinson_variance,global,observation,2016-01-01,400,
308,4.0,2.554755480885471,4977555,equity_parkinson_variance,global,observation,2016-01-01,400,
309,1.0,0.6434662861961538,4976030,equity_parkinson_variance,global,observation,2016-01-01,400,
309,1.5,0.6457243857111944,4976030,equity_parkinson_variance,global,observation,2016-01-01,400,
309,2.0,0.7192300926150615,4976030,equity_parkinson_variance,global,observation,2016-01-01,400,
309,3.0,1.1618217964523565,4976030,equity_parkinson_variance,global,observation,2016-01-01,400,
309,4.0,2.5450410531886205,4976030,equity_parkinson_variance,global,observation,2016-01-01,400,
310,1.0,0.6436456581567933,4974505,equity_parkinson_variance,global,observation,2016-01-01,400,
310,1.5,0.645977442918252,4974505,equity_parkinson_variance,global,observation,2016-01-01,400,
310,2.0,0.7195974672726543,4974505,equity_parkinson_variance,global,observation,2016-01-01,400,
310,3.0,1.1625029295023142,4974505,equity_parkinson_variance,global,observation,2016-01-01,400,
310,4.0,2.5462081597720774,4974505,equity_parkinson_variance,global,observation,2016-01-01,400,
311,1.0,0.6441616375424011,4972980,equity_parkinson_variance,global,observation,2016-01-01,400,
311,1.5,0.6466435295785682,4972980,equity_parkinson_variance,global,observation,2016-01-01,400,
311,2.0,0.7205982178238287,4972980,equity_parkinson_variance,global,observation,2016-01-01,400,
311,3.0,1.1657476964437317,4972980,equity_parkinson_variance,global,observation,2016-01-01,400,
311,4.0,2.5595850807052587,4972980,equity_parkinson_variance,global,observation,2016-01-01,400,
312,1.0,0.6436502595993361,4971455,equity_parkinson_variance,global,observation,2016-01-01,400,
312,1.5,0.6460276420056252,4971455,equity_parkinson_variance,global,observation,2016-01-01,400,
312,2.0,0.7198852559456032,4971455,equity_parkinson_variance,global,observation,2016-01-01,400,
312,3.0,1.1650040591060082,4971455,equity_parkinson_variance,global,observation,2016-01-01,400,
312,4.0,2.559188734116648,4971455,equity_parkinson_variance,global,observation,2016-01-01,400,
313,1.0,0.6432869783495067,4969930,equity_parkinson_variance,global,observation,2016-01-01,400,
313,1.5,0.645606670164241,4969930,equity_parkinson_variance,global,observation,2016-01-01,400,
313,2.0,0.7193338311289815,4969930,equity_parkinson_variance,global,observation,2016-01-01,400,
313,3.0,1.1630594640680534,4969930,equity_parkinson_variance,global,observation,2016-01-01,400,
313,4.0,2.548885598120434,4969930,equity_parkinson_variance,global,observation,2016-01-01,400,
314,1.0,0.6428724168988594,4968405,equity_parkinson_variance,global,observation,2016-01-01,400,
314,1.5,0.6450675511276381,4968405,equity_parkinson_variance,global,observation,2016-01-01,400,
314,2.0,0.7186827640685832,4968405,equity_parkinson_variance,global,observation,2016-01-01,400,
314,3.0,1.162475836916513,4968405,equity_parkinson_variance,global,observation,2016-01-01,400,
314,4.0,2.5506043402083582,4968405,equity_parkinson_variance,global,observation,2016-01-01,400,
315,1.0,0.6428561548555132,4966880,equity_parkinson_variance,global,observation,2016-01-01,400,
315,1.5,0.6451093667290609,4966880,equity_parkinson_variance,global,observation,2016-01-01,400,
315,2.0,0.7187851328241477,4966880,equity_parkinson_variance,global,observation,2016-01-01,400,
315,3.0,1.1627343809593902,4966880,equity_parkinson_variance,global,observation,2016-01-01,400,
315,4.0,2.5531210126565225,4966880,equity_parkinson_variance,global,observation,2016-01-01,400,
316,1.0,0.6436691036319622,4965355,equity_parkinson_variance,global,observation,2016-01-01,400,
316,1.5,0.6461935830557168,4965355,equity_parkinson_variance,global,observation,2016-01-01,400,
316,2.0,0.720183704156902,4965355,equity_parkinson_variance,global,observation,2016-01-01,400,
316,3.0,1.1648198127323337,4965355,equity_parkinson_variance,global,observation,2016-01-01,400,
316,4.0,2.5526668625172437,4965355,equity_parkinson_variance,global,observation,2016-01-01,400,
317,1.0,0.6440770229668553,4963830,equity_parkinson_variance,global,observation,2016-01-01,400,
317,1.5,0.6468316605786052,4963830,equity_parkinson_variance,global,observation,2016-01-01,400,
317,2.0,0.72126046660584,4963830,equity_parkinson_variance,global,observation,2016-01-01,400,
317,3.0,1.1687209747632994,4963830,equity_parkinson_variance,global,observation,2016-01-01,400,
317,4.0,2.569738358218567,4963830,equity_parkinson_variance,global,observation,2016-01-01,400,
318,1.0,0.6443265429593807,4962305,equity_parkinson_variance,global,observation,2016-01-01,400,
318,1.5,0.6472808519769612,4962305,equity_parkinson_variance,global,observation,2016-01-01,400,
318,2.0,0.7219757938030894,4962305,equity_parkinson_variance,global,observation,2016-01-01,400,
318,3.0,1.170344897869502,4962305,equity_parkinson_variance,global,observation,2016-01-01,400,
318,4.0,2.573085127679815,4962305,equity_parkinson_variance,global,observation,2016-01-01,400,
319,1.0,0.6448121625272654,4960780,equity_parkinson_variance,global,observation,2016-01-01,400,
319,1.5,0.6478423450691747,4960780,equity_parkinson_variance,global,observation,2016-01-01,400,
319,2.0,0.7225735840732911,4960780,equity_parkinson_variance,global,observation,2016-01-01,400,
319,3.0,1.1704488928847057,4960780,equity_parkinson_variance,global,observation,2016-01-01,400,
319,4.0,2.568079317414269,4960780,equity_parkinson_variance,global,observation,2016-01-01,400,
320,1.0,0.6455373950180268,4959255,equity_parkinson_variance,global,observation,2016-01-01,400,
320,1.5,0.6490211693631107,4959255,equity_parkinson_variance,global,observation,2016-01-01,400,
320,2.0,0.7244194348739067,4959255,equity_parkinson_variance,global,observation,2016-01-01,400,
320,3.0,1.1757767389265088,4959255,equity_parkinson_variance,global,observation,2016-01-01,400,
320,4.0,2.5896198125617813,4959255,equity_parkinson_variance,global,observation,2016-01-01,400,
321,1.0,0.6462083227486561,4957730,equity_parkinson_variance,global,observation,2016-01-01,400,
321,1.5,0.6497198123777843,4957730,equity_parkinson_variance,global,observation,2016-01-01,400,
321,2.0,0.7249240159630636,4957730,equity_parkinson_variance,global,observation,2016-01-01,400,
321,3.0,1.1738739664403477,4957730,equity_parkinson_variance,global,observation,2016-01-01,400,
321,4.0,2.573949332691144,4957730,equity_parkinson_variance,global,observation,2016-01-01,400,
322,1.0,0.6462684467865736,4956205,equity_parkinson_variance,global,observation,2016-01-01,400,
322,1.5,0.6499007180809988,4956205,equity_parkinson_variance,global,observation,2016-01-01,400,
322,2.0,0.7252924939549978,4956205,equity_parkinson_variance,global,observation,2016-01-01,400,
322,3.0,1.1752856696939695,4956205,equity_parkinson_variance,global,observation,2016-01-01,400,
322,4.0,2.5802165583915437,4956205,equity_parkinson_variance,global,observation,2016-01-01,400,
323,1.0,0.6464365241291613,4954680,equity_parkinson_variance,global,observation,2016-01-01,400,
323,1.5,0.650090645766794,4954680,equity_parkinson_variance,global,observation,2016-01-01,400,
323,2.0,0.7254510736511613,4954680,equity_parkinson_variance,global,observation,2016-01-01,400,
323,3.0,1.1748213886740049,4954680,equity_parkinson_variance,global,observation,2016-01-01,400,
323,4.0,2.575566695303615,4954680,equity_parkinson_variance,global,observation,2016-01-01,400,
324,1.0,0.6470052323268388,4953155,equity_parkinson_variance,global,observation,2016-01-01,400,
324,1.5,0.6507907972150513,4953155,equity_parkinson_variance,global,observation,2016-01-01,400,
324,2.0,0.7262151083304413,4953155,equity_parkinson_variance,global,observation,2016-01-01,400,
324,3.0,1.1750736698577298,4953155,equity_parkinson_variance,global,observation,2016-01-01,400,
324,4.0,2.571522137286249,4953155,equity_parkinson_variance,global,observation,2016-01-01,400,
325,1.0,0.6469843477046666,4951630,equity_parkinson_variance,global,observation,2016-01-01,400,
325,1.5,0.6509057347962462,4951630,equity_parkinson_variance,global,observation,2016-01-01,400,
325,2.0,0.7265803456350386,4951630,equity_parkinson_variance,global,observation,2016-01-01,400,
325,3.0,1.176696774454498,4951630,equity_parkinson_variance,global,observation,2016-01-01,400,
325,4.0,2.577232871886399,4951630,equity_parkinson_variance,global,observation,2016-01-01,400,
326,1.0,0.6473622565005632,4950105,equity_parkinson_variance,global,observation,2016-01-01,400,
326,1.5,0.6514563962947689,4950105,equity_parkinson_variance,global,observation,2016-01-01,400,
326,2.0,0.7273575095403622,4950105,equity_parkinson_variance,global,observation,2016-01-01,400,
326,3.0,1.178273747317726,4950105,equity_parkinson_variance,global,observation,2016-01-01,400,
326,4.0,2.5816855467448745,4950105,equity_parkinson_variance,global,observation,2016-01-01,400,
327,1.0,0.6480770235035257,4948580,equity_parkinson_variance,global,observation,2016-01-01,400,
327,1.5,0.6525094841449253,4948580,equity_parkinson_variance,global,observation,2016-01-01,400,
327,2.0,0.7288431194077637,4948580,equity_parkinson_variance,global,observation,2016-01-01,400,
327,3.0,1.1814429292547608,4948580,equity_parkinson_variance,global,observation,2016-01-01,400,
327,4.0,2.59108361569542,4948580,equity_parkinson_variance,global,observation,2016-01-01,400,
328,1.0,0.6483898382829425,4947055,equity_parkinson_variance,global,observation,2016-01-01,400,
328,1.5,0.6529569280450263,4947055,equity_parkinson_variance,global,observation,2016-01-01,400,
328,2.0,0.7294970748552425,4947055,equity_parkinson_variance,global,observation,2016-01-01,400,
328,3.0,1.1827980480641809,4947055,equity_parkinson_variance,global,observation,2016-01-01,400,
328,4.0,2.5923383562324145,4947055,equity_parkinson_variance,global,observation,2016-01-01,400,
329,1.0,0.6490210525036677,4945530,equity_parkinson_variance,global,observation,2016-01-01,400,
329,1.5,0.6539263129080274,4945530,equity_parkinson_variance,global,observation,2016-01-01,400,
329,2.0,0.7309322450180868,4945530,equity_parkinson_variance,global,observation,2016-01-01,400,
329,3.0,1.1861214979673145,4945530,equity_parkinson_variance,global,observation,2016-01-01,400,
329,4.0,2.6011557551486075,4945530,equity_parkinson_variance,global,observation,2016-01-01,400,
330,1.0,0.6493085411133377,4944005,equity_parkinson_variance,global,observation,2016-01-01,400,
330,1.5,0.654229019358931,4944005,equity_parkinson_variance,global,observation,2016-01-01,400,
330,2.0,0.7312751635679271,4944005,equity_parkinson_variance,global,observation,2016-01-01,400,
330,3.0,1.1868150238228927,4944005,equity_parkinson_variance,global,observation,2016-01-01,400,
330,4.0,2.603780367322242,4944005,equity_parkinson_variance,global,observation,2016-01-01,400,
331,1.0,0.6495834743045142,4942480,equity_parkinson_variance,global,observation,2016-01-01,400,
331,1.5,0.6545693209186925,4942480,equity_parkinson_variance,global,observation,2016-01-01,400,
331,2.0,0.7315283056670063,4942480,equity_parkinson_variance,global,observation,2016-01-01,400,
331,3.0,1.1854316260553124,4942480,equity_parkinson_variance,global,observation,2016-01-01,400,
331,4.0,2.5926206283992626,4942480,equity_parkinson_variance,global,observation,2016-01-01,400,
332,1.0,0.6492481020544508,4940955,equity_parkinson_variance,global,observation,2016-01-01,400,
332,1.5,0.6543324530863605,4940955,equity_parkinson_variance,global,observation,2016-01-01,400,
332,2.0,0.7316140901327263,4940955,equity_parkinson_variance,global,observation,2016-01-01,400,
332,3.0,1.187965237540796,4940955,equity_parkinson_variance,global,observation,2016-01-01,400,
332,4.0,2.6064920642407423,4940955,equity_parkinson_variance,global,observation,2016-01-01,400,
333,1.0,0.6495221769657631,4939430,equity_parkinson_variance,global,observation,2016-01-01,400,
333,1.5,0.654632374363878,4939430,equity_parkinson_variance,global,observation,2016-01-01,400,
333,2.0,0.7318832046449455,4939430,equity_parkinson_variance,global,observation,2016-01-01,400,
333,3.0,1.1874981887431335,4939430,equity_parkinson_variance,global,observation,2016-01-01,400,
333,4.0,2.600195636940592,4939430,equity_parkinson_variance,global,observation,2016-01-01,400,
334,1.0,0.6501491556320929,4937905,equity_parkinson_variance,global,observation,2016-01-01,400,
334,1.5,0.6554616312340763,4937905,equity_parkinson_variance,global,observation,2016-01-01,400,
334,2.0,0.7330007162481453,4937905,equity_parkinson_variance,global,observation,2016-01-01,400,
334,3.0,1.1898046064926182,4937905,equity_parkinson_variance,global,observation,2016-01-01,400,
334,4.0,2.606377004977656,4937905,equity_parkinson_variance,global,observation,2016-01-01,400,
335,1.0,0.650333510971952,4936380,equity_parkinson_variance,global,observation,2016-01-01,400,
335,1.5,0.6559861906128569,4936380,equity_parkinson_variance,global,observation,2016-01-01,400,
335,2.0,0.734088942060751,4936380,equity_parkinson_variance,global,observation,2016-01-01,400,
335,3.0,1.1935946895364016,4936380,equity_parkinson_variance,global,observation,2016-01-01,400,
335,4.0,2.619433209469513,4936380,equity_parkinson_variance,global,observation,2016-01-01,400,
336,1.0,0.6505076640969059,4934855,equity_parkinson_variance,global,observation,2016-01-01,400,
336,1.5,0.6563053000907009,4934855,equity_parkinson_variance,global,observation,2016-01-01,400,
336,2.0,0.734597553424512,4934855,equity_parkinson_variance,global,observation,2016-01-01,400,
336,3.0,1.194767359219025,4934855,equity_parkinson_variance,global,observation,2016-01-01,400,
336,4.0,2.6229031363359825,4934855,equity_parkinson_variance,global,observation,2016-01-01,400,
337,1.0,0.6507903318788386,4933330,equity_parkinson_variance,global,observation,2016-01-01,400,
337,1.5,0.6567020055173364,4933330,equity_parkinson_variance,global,observation,2016-01-01,400,
337,2.0,0.7351273597108895,4933330,equity_parkinson_variance,global,observation,2016-01-01,400,
337,3.0,1.1954646237531683,4933330,equity_parkinson_variance,global,observation,2016-01-01,400,
337,4.0,2.621187336375198,4933330,equity_parkinson_variance,global,observation,2016-01-01,400,
338,1.0,0.6513759468834042,4931805,equity_parkinson_variance,global,observation,2016-01-01,400,
338,1.5,0.6577492945892466,4931805,equity_parkinson_variance,global,observation,2016-01-01,400,
338,2.0,0.7369122140149756,4931805,equity_parkinson_variance,global,observation,2016-01-01,400,
338,3.0,1.2004866558239324,4931805,equity_parkinson_variance,global,observation,2016-01-01,400,
338,4.0,2.6355812343365144,4931805,equity_parkinson_variance,global,observation,2016-01-01,400,
339,1.0,0.6516447945439258,4930280,equity_parkinson_variance,global,observation,2016-01-01,400,
339,1.5,0.6582334433936375,4930280,equity_parkinson_variance,global,observation,2016-01-01,400,
339,2.0,0.7376954181565363,4930280,equity_parkinson_variance,global,observation,2016-01-01,400,
339,3.0,1.2025258304249486,4930280,equity_parkinson_variance,global,observation,2016-01-01,400,
339,4.0,2.642300795412744,4930280,equity_parkinson_variance,global,observation,2016-01-01,400,
340,1.0,0.6520797589890942,4928755,equity_parkinson_variance,global,observation,2016-01-01,400,
340,1.5,0.658896970296661,4928755,equity_parkinson_variance,global,observation,2016-01-01,400,
340,2.0,0.7386622504162276,4928755,equity_parkinson_variance,global,observation,2016-01-01,400,
340,3.0,1.2047377260601375,4928755,equity_parkinson_variance,global,observation,2016-01-01,400,
340,4.0,2.6484560447039245,4928755,equity_parkinson_variance,global,observation,2016-01-01,400,
341,1.0,0.6524681740269539,4927230,equity_parkinson_variance,global,observation,2016-01-01,400,
341,1.5,0.6595298525890647,4927230,equity_parkinson_variance,global,observation,2016-01-01,400,
341,2.0,0.7396605181264982,4927230,equity_parkinson_variance,global,observation,2016-01-01,400,
341,3.0,1.2071667952057006,4927230,equity_parkinson_variance,global,observation,2016-01-01,400,
341,4.0,2.654921329388936,4927230,equity_parkinson_variance,global,observation,2016-01-01,400,
342,1.0,0.6525785087428232,4925705,equity_parkinson_variance,global,observation,2016-01-01,400,
342,1.5,0.6596165140779697,4925705,equity_parkinson_variance,global,observation,2016-01-01,400,
342,2.0,0.7397551358109217,4925705,equity_parkinson_variance,global,observation,2016-01-01,400,
342,3.0,1.2074144810453735,4925705,equity_parkinson_variance,global,observation,2016-01-01,400,
342,4.0,2.655575870053046,4925705,equity_parkinson_variance,global,observation,2016-01-01,400,
343,1.0,0.653529030757548,4924180,equity_parkinson_variance,global,observation,2016-01-01,400,
343,1.5,0.6610335757042379,4924180,equity_parkinson_variance,global,observation,2016-01-01,400,
343,2.0,0.7417941601345878,4924180,equity_parkinson_variance,global,observation,2016-01-01,400,
343,3.0,1.2116065836633665,4924180,equity_parkinson_variance,global,observation,2016-01-01,400,
343,4.0,2.662570636191194,4924180,equity_parkinson_variance,global,observation,2016-01-01,400,
344,1.0,0.6537468233841884,4922655,equity_parkinson_variance,global,observation,2016-01-01,400,
344,1.5,0.6613989843715236,4922655,equity_parkinson_variance,global,observation,2016-01-01,400,
344,2.0,0.7423648852685828,4922655,equity_parkinson_variance,global,observation,2016-01-01,400,
344,3.0,1.2129348525763983,4922655,equity_parkinson_variance,global,observation,2016-01-01,400,
344,4.0,2.666373542553971,4922655,equity_parkinson_variance,global,observation,2016-01-01,400,
345,1.0,0.6536722830215298,4921130,equity_parkinson_variance,global,observation,2016-01-01,400,
345,1.5,0.6613741648997065,4921130,equity_parkinson_variance,global,observation,2016-01-01,400,
345,2.0,0.7424013954215919,4921130,equity_parkinson_variance,global,observation,2016-01-01,400,
345,3.0,1.2132236253679134,4921130,equity_parkinson_variance,global,observation,2016-01-01,400,
345,4.0,2.668555438191149,4921130,equity_parkinson_variance,global,observation,2016-01-01,400,
346,1.0,0.6536912394721607,4919605,equity_parkinson_variance,global,observation,2016-01-01,400,
346,1.5,0.6616671848137748,4919605,equity_parkinson_variance,global,observation,2016-01-01,400,
346,2.0,0.7431043447503104,4919605,equity_parkinson_variance,global,observation,2016-01-01,400,
346,3.0,1.2151677544851451,4919605,equity_parkinson_variance,global,observation,2016-01-01,400,
346,4.0,2.6703544991695662,4919605,equity_parkinson_variance,global,observation,2016-01-01,400,
347,1.0,0.654122270377523,4918080,equity_parkinson_variance,global,observation,2016-01-01,400,
347,1.5,0.6621728506404138,4918080,equity_parkinson_variance,global,observation,2016-01-01,400,
347,2.0,0.7436645190791129,4918080,equity_parkinson_variance,global,observation,2016-01-01,400,
347,3.0,1.215804194597034,4918080,equity_parkinson_variance,global,observation,2016-01-01,400,
347,4.0,2.6707384527253013,4918080,equity_parkinson_variance,global,observation,2016-01-01,400,
348,1.0,0.6541818730086588,4916555,equity_parkinson_variance,global,observation,2016-01-01,400,
348,1.5,0.6621535010422201,4916555,equity_parkinson_variance,global,observation,2016-01-01,400,
348,2.0,0.743504180670823,4916555,equity_parkinson_variance,global,observation,2016-01-01,400,
348,3.0,1.2148840736410282,4916555,equity_parkinson_variance,global,observation,2016-01-01,400,
348,4.0,2.66739659497643,4916555,equity_parkinson_variance,global,observation,2016-01-01,400,
349,1.0,0.6548299403958935,4915030,equity_parkinson_variance,global,observation,2016-01-01,400,
349,1.5,0.6628705813937124,4915030,equity_parkinson_variance,global,observation,2016-01-01,400,
349,2.0,0.7442596000285921,4915030,equity_parkinson_variance,global,observation,2016-01-01,400,
349,3.0,1.2159264186108143,4915030,equity_parkinson_variance,global,observation,2016-01-01,400,
349,4.0,2.6715550309550906,4915030,equity_parkinson_variance,global,observation,2016-01-01,400,
350,1.0,0.6553084618997669,4913505,equity_parkinson_variance,global,observation,2016-01-01,400,
350,1.5,0.6636288687386841,4913505,equity_parkinson_variance,global,observation,2016-01-01,400,
350,2.0,0.7454776476365387,4913505,equity_parkinson_variance,global,observation,2016-01-01,400,
350,3.0,1.219536532299296,4913505,equity_parkinson_variance,global,observation,2016-01-01,400,
350,4.0,2.6835433365279875,4913505,equity_parkinson_variance,global,observation,2016-01-01,400,
351,1.0,0.6555003349140194,4911980,equity_parkinson_variance,global,observation,2016-01-01,400,
351,1.5,0.6639117413619574,4911980,equity_parkinson_variance,global,observation,2016-01-01,400,
351,2.0,0.7457403287330645,4911980,equity_parkinson_variance,global,observation,2016-01-01,400,
351,3.0,1.2186233563064357,4911980,equity_parkinson_variance,global,observation,2016-01-01,400,
351,4.0,2.6757018020439944,4911980,equity_parkinson_variance,global,observation,2016-01-01,400,
352,1.0,0.6558946938105906,4910455,equity_parkinson_variance,global,observation,2016-01-01,400,
352,1.5,0.6645007241994355,4910455,equity_parkinson_variance,global,observation,2016-01-01,400,
352,2.0,0.7466344768651474,4910455,equity_parkinson_variance,global,observation,2016-01-01,400,
352,3.0,1.2208520156479767,4910455,equity_parkinson_variance,global,observation,2016-01-01,400,
352,4.0,2.6809788163260952,4910455,equity_parkinson_variance,global,observation,2016-01-01,400,
353,1.0,0.656040966896934,4908930,equity_parkinson_variance,global,observation,2016-01-01,400,
353,1.5,0.6648150508124778,4908930,equity_parkinson_variance,global,observation,2016-01-01,400,
353,2.0,0.7471843818042824,4908930,equity_parkinson_variance,global,observation,2016-01-01,400,
353,3.0,1.2221695494807543,4908930,equity_parkinson_variance,global,observation,2016-01-01,400,
353,4.0,2.684018116375426,4908930,equity_parkinson_variance,global,observation,2016-01-01,400,
354,1.0,0.6562648894594433,4907405,equity_parkinson_variance,global,observation,2016-01-01,400,
354,1.5,0.6650751105050109,4907405,equity_parkinson_variance,global,observation,2016-01-01,400,
354,2.0,0.7474450749715071,4907405,equity_parkinson_variance,global,observation,2016-01-01,400,
354,3.0,1.222289777373372,4907405,equity_parkinson_variance,global,observation,2016-01-01,400,
354,4.0,2.6834700138070717,4907405,equity_parkinson_variance,global,observation,2016-01-01,400,
355,1.0,0.6566927276033051,4905880,equity_parkinson_variance,global,observation,2016-01-01,400,
355,1.5,0.6657562485540789,4905880,equity_parkinson_variance,global,observation,2016-01-01,400,
355,2.0,0.7484932723312396,4905880,equity_parkinson_variance,global,observation,2016-01-01,400,
355,3.0,1.224890892168836,4905880,equity_parkinson_variance,global,observation,2016-01-01,400,
355,4.0,2.691092820523339,4905880,equity_parkinson_variance,global,observation,2016-01-01,400,
356,1.0,0.6568753095998171,4904355,equity_parkinson_variance,global,observation,2016-01-01,400,
356,1.5,0.6659722439550416,4904355,equity_parkinson_variance,global,observation,2016-01-01,400,
356,2.0,0.748685273986355,4904355,equity_parkinson_variance,global,observation,2016-01-01,400,
356,3.0,1.2246300448235934,4904355,equity_parkinson_variance,global,observation,2016-01-01,400,
356,4.0,2.6882447952383477,4904355,equity_parkinson_variance,global,observation,2016-01-01,400,
357,1.0,0.6568258947437773,4902830,equity_parkinson_variance,global,observation,2016-01-01,400,
357,1.5,0.6659782240471538,4902830,equity_parkinson_variance,global,observation,2016-01-01,400,
357,2.0,0.7487889748440285,4902830,equity_parkinson_variance,global,observation,2016-01-01,400,
357,3.0,1.2250096786689595,4902830,equity_parkinson_variance,global,observation,2016-01-01,400,
357,4.0,2.6889364885295315,4902830,equity_parkinson_variance,global,observation,2016-01-01,400,
358,1.0,0.6571697192713093,4901305,equity_parkinson_variance,global,observation,2016-01-01,400,
358,1.5,0.666246139968928,4901305,equity_parkinson_variance,global,observation,2016-01-01,400,
358,2.0,0.7489356466116185,4901305,equity_parkinson_variance,global,observation,2016-01-01,400,
358,3.0,1.2247901460087751,4901305,equity_parkinson_variance,global,observation,2016-01-01,400,
358,4.0,2.687488218212565,4901305,equity_parkinson_variance,global,observation,2016-01-01,400,
359,1.0,0.6577014200053872,4899780,equity_parkinson_variance,global,observation,2016-01-01,400,
359,1.5,0.6670076600674417,4899780,equity_parkinson_variance,global,observation,2016-01-01,400,
359,2.0,0.7499344320680478,4899780,equity_parkinson_variance,global,observation,2016-01-01,400,
359,3.0,1.2261934563002743,4899780,equity_parkinson_variance,global,observation,2016-01-01,400,
359,4.0,2.6884482935844662,4899780,equity_parkinson_variance,global,observation,2016-01-01,400,
360,1.0,0.6580537140884153,4898255,equity_parkinson_variance,global,observation,2016-01-01,400,
360,1.5,0.6675049579324757,4898255,equity_parkinson_variance,global,observation,2016-01-01,400,
360,2.0,0.7506588341808276,4898255,equity_parkinson_variance,global,observation,2016-01-01,400,
360,3.0,1.2282570007284015,4898255,equity_parkinson_variance,global,observation,2016-01-01,400,
360,4.0,2.6965420866592287,4898255,equity_parkinson_variance,global,observation,2016-01-01,400,
361,1.0,0.6588114104016205,4896730,equity_parkinson_variance,global,observation,2016-01-01,400,
361,1.5,0.6683121266996211,4896730,equity_parkinson_variance,global,observation,2016-01-01,400,
361,2.0,0.7514017724295646,4896730,equity_parkinson_variance,global,observation,2016-01-01,400,
361,3.0,1.2280174221846434,4896730,equity_parkinson_variance,global,observation,2016-01-01,400,
361,4.0,2.690643106137093,4896730,equity_parkinson_variance,global,observation,2016-01-01,400,
362,1.0,0.6585695162635913,4895205,equity_parkinson_variance,global,observation,2016-01-01,400,
362,1.5,0.6680008310060527,4895205,equity_parkinson_variance,global,observation,2016-01-01,400,
362,2.0,0.7511150538882212,4895205,equity_parkinson_variance,global,observation,2016-01-01,400,
362,3.0,1.228721820221249,4895205,equity_parkinson_variance,global,observation,2016-01-01,400,
362,4.0,2.6983515122555155,4895205,equity_parkinson_variance,global,observation,2016-01-01,400,
363,1.0,0.6586605915776637,4893680,equity_parkinson_variance,global,observation,2016-01-01,400,
363,1.5,0.668101531277506,4893680,equity_parkinson_variance,global,observation,2016-01-01,400,
363,2.0,0.7512796387525587,4893680,equity_parkinson_variance,global,observation,2016-01-01,400,
363,3.0,1.229429476950728,4893680,equity_parkinson_variance,global,observation,2016-01-01,400,
363,4.0,2.700534133143208,4893680,equity_parkinson_variance,global,observation,2016-01-01,400,
364,1.0,0.6585385230531964,4892155,equity_parkinson_variance,global,observation,2016-01-01,400,
364,1.5,0.6678795188437683,4892155,equity_parkinson_variance,global,observation,2016-01-01,400,
364,2.0,0.750913336999405,4892155,equity_parkinson_variance,global,observation,2016-01-01,400,
364,3.0,1.228752392664152,4892155,equity_parkinson_variance,global,observation,2016-01-01,400,
364,4.0,2.7017687450523686,4892155,equity_parkinson_variance,global,observation,2016-01-01,400,
365,1.0,0.6585184934089385,4890630,equity_parkinson_variance,global,observation,2016-01-01,400,
365,1.5,0.667960854545828,4890630,equity_parkinson_variance,global,observation,2016-01-01,400,
365,2.0,0.7510877277351178,4890630,equity_parkinson_variance,global,observation,2016-01-01,400,
365,3.0,1.228889868819207,4890630,equity_parkinson_variance,global,observation,2016-01-01,400,
365,4.0,2.6994530171271736,4890630,equity_parkinson_variance,global,observation,2016-01-01,400,
366,1.0,0.6585207749857723,4889105,equity_parkinson_variance,global,observation,2016-01-01,400,
366,1.5,0.6679493847400223,4889105,equity_parkinson_variance,global,observation,2016-01-01,400,
366,2.0,0.7511189679039131,4889105,equity_parkinson_variance,global,observation,2016-01-01,400,
366,3.0,1.229586651078146,4889105,equity_parkinson_variance,global,observation,2016-01-01,400,
366,4.0,2.7043407611658727,4889105,equity_parkinson_variance,global,observation,2016-01-01,400,
367,1.0,0.6587697882656978,4887580,equity_parkinson_variance,global,observation,2016-01-01,400,
367,1.5,0.6682307177061472,4887580,equity_parkinson_variance,global,observation,2016-01-01,400,
367,2.0,0.7514382392926623,4887580,equity_parkinson_variance,global,observation,2016-01-01,400,
367,3.0,1.229980058205871,4887580,equity_parkinson_variance,global,observation,2016-01-01,400,
367,4.0,2.703362303264298,4887580,equity_parkinson_variance,global,observation,2016-01-01,400,
368,1.0,0.6587179505704086,4886055,equity_parkinson_variance,global,observation,2016-01-01,400,
368,1.5,0.6681156702998523,4886055,equity_parkinson_variance,global,observation,2016-01-01,400,
368,2.0,0.7511776526147592,4886055,equity_parkinson_variance,global,observation,2016-01-01,400,
368,3.0,1.2290064106275829,4886055,equity_parkinson_variance,global,observation,2016-01-01,400,
368,4.0,2.7025331611176995,4886055,equity_parkinson_variance,global,observation,2016-01-01,400,
369,1.0,0.6585010040480866,4884530,equity_parkinson_variance,global,observation,2016-01-01,400,
369,1.5,0.6678447282935628,4884530,equity_parkinson_variance,global,observation,2016-01-01,400,
369,2.0,0.7508493555928168,4884530,equity_parkinson_variance,global,observation,2016-01-01,400,
369,3.0,1.2284545534990847,4884530,equity_parkinson_variance,global,observation,2016-01-01,400,
369,4.0,2.699327582956719,4884530,equity_parkinson_variance,global,observation,2016-01-01,400,
370,1.0,0.6578427479031003,4883005,equity_parkinson_variance,global,observation,2016-01-01,400,
370,1.5,0.6668694404511256,4883005,equity_parkinson_variance,global,observation,2016-01-01,400,
370,2.0,0.7493822299357566,4883005,equity_parkinson_variance,global,observation,2016-01-01,400,
370,3.0,1.224251002593132,4883005,equity_parkinson_variance,global,observation,2016-01-01,400,
370,4.0,2.682727930111077,4883005,equity_parkinson_variance,global,observation,2016-01-01,400,
371,1.0,0.6573432948441224,4881480,equity_parkinson_variance,global,observation,2016-01-01,400,
371,1.5,0.6661755363903137,4881480,equity_parkinson_variance,global,observation,2016-01-01,400,
371,2.0,0.7484306604162113,4881480,equity_parkinson_variance,global,observation,2016-01-01,400,
371,3.0,1.222620962541214,4881480,equity_parkinson_variance,global,observation,2016-01-01,400,
371,4.0,2.6813459916907427,4881480,equity_parkinson_variance,global,observation,2016-01-01,400,
372,1.0,0.6577136344376172,4879955,equity_parkinson_variance,global,observation,2016-01-01,400,
372,1.5,0.6666254534495307,4879955,equity_parkinson_variance,global,observation,2016-01-01,400,
372,2.0,0.7490559844167499,4879955,equity_parkinson_variance,global,observation,2016-01-01,400,
372,3.0,1.224411154846203,4879955,equity_parkinson_variance,global,observation,2016-01-01,400,
372,4.0,2.6879681048281854,4879955,equity_parkinson_variance,global,observation,2016-01-01,400,
373,1.0,0.6578440557234082,4878430,equity_parkinson_variance,global,observation,2016-01-01,400,
373,1.5,0.6666754432012085,4878430,equity_parkinson_variance,global,observation,2016-01-01,400,
373,2.0,0.749000116397696,4878430,equity_parkinson_variance,global,observation,2016-01-01,400,
373,3.0,1.2240908377915138,4878430,equity_parkinson_variance,global,observation,2016-01-01,400,
373,4.0,2.687737799194185,4878430,equity_parkinson_variance,global,observation,2016-01-01,400,
374,1.0,0.6574156212315819,4876905,equity_parkinson_variance,global,observation,2016-01-01,400,
374,1.5,0.6660299152322929,4876905,equity_parkinson_variance,global,observation,2016-01-01,400,
374,2.0,0.7479707976397277,4876905,equity_parkinson_variance,global,observation,2016-01-01,400,
374,3.0,1.2209340221407086,4876905,equity_parkinson_variance,global,observation,2016-01-01,400,
374,4.0,2.67681919258146,4876905,equity_parkinson_variance,global,observation,2016-01-01,400,
375,1.0,0.6571952631844055,4875380,equity_parkinson_variance,global,observation,2016-01-01,400,
375,1.5,0.6657852312638686,4875380,equity_parkinson_variance,global,observation,2016-01-01,400,
375,2.0,0.7477976571036599,4875380,equity_parkinson_variance,global,observation,2016-01-01,400,
375,3.0,1.221772486160308,4875380,equity_parkinson_variance,global,observation,2016-01-01,400,
375,4.0,2.683694706062728,4875380,equity_parkinson_variance,global,observation,2016-01-01,400,
376,1.0,0.656694217773481,4873855,equity_parkinson_variance,global,observation,2016-01-01,400,
376,1.5,0.6650646799434458,4873855,equity_parkinson_variance,global,observation,2016-01-01,400,
376,2.0,0.7467298564304392,4873855,equity_parkinson_variance,global,observation,2016-01-01,400,
376,3.0,1.218924699728754,4873855,equity_parkinson_variance,global,observation,2016-01-01,400,
376,4.0,2.6722279197097274,4873855,equity_parkinson_variance,global,observation,2016-01-01,400,
377,1.0,0.6569726115369932,4872330,equity_parkinson_variance,global,observation,2016-01-01,400,
377,1.5,0.6652737431136156,4872330,equity_parkinson_variance,global,observation,2016-01-01,400,
377,2.0,0.7468436117344178,4872330,equity_parkinson_variance,global,observation,2016-01-01,400,
377,3.0,1.2191642619024723,4872330,equity_parkinson_variance,global,observation,2016-01-01,400,
377,4.0,2.675876276344483,4872330,equity_parkinson_variance,global,observation,2016-01-01,400,
378,1.0,0.65713073183,4870805,equity_parkinson_variance,global,observation,2016-01-01,400,
378,1.5,0.6655186492724084,4870805,equity_parkinson_variance,global,observation,2016-01-01,400,
378,2.0,0.7471174702003051,4870805,equity_parkinson_variance,global,observation,2016-01-01,400,
378,3.0,1.218689015088534,4870805,equity_parkinson_variance,global,observation,2016-01-01,400,
378,4.0,2.670047760829992,4870805,equity_parkinson_variance,global,observation,2016-01-01,400,
379,1.0,0.6573557999447609,4869280,equity_parkinson_variance,global,observation,2016-01-01,400,
379,1.5,0.6659060890775726,4869280,equity_parkinson_variance,global,observation,2016-01-01,400,
379,2.0,0.7477072789324173,4869280,equity_parkinson_variance,global,observation,2016-01-01,400,
379,3.0,1.2198421423908872,4869280,equity_parkinson_variance,global,observation,2016-01-01,400,
379,4.0,2.6715450896591184,4869280,equity_parkinson_variance,global,observation,2016-01-01,400,
380,1.0,0.6574629167963617,4867755,equity_parkinson_variance,global,observation,2016-01-01,400,
380,1.5,0.6661519101178488,4867755,equity_parkinson_variance,global,observation,2016-01-01,400,
380,2.0,0.7482358027662096,4867755,equity_parkinson_variance,global,observation,2016-01-01,400,
380,3.0,1.2223243674296316,4867755,equity_parkinson_variance,global,observation,2016-01-01,400,
380,4.0,2.684571808755865,4867755,equity_parkinson_variance,global,observation,2016-01-01,400,
381,1.0,0.6577269980453663,4866230,equity_parkinson_variance,global,observation,2016-01-01,400,
381,1.5,0.66665324195603,4866230,equity_parkinson_variance,global,observation,2016-01-01,400,
381,2.0,0.7490608149849888,4866230,equity_parkinson_variance,global,observation,2016-01-01,400,
381,3.0,1.2241074189942924,4866230,equity_parkinson_variance,global,observation,2016-01-01,400,
381,4.0,2.685788834191462,4866230,equity_parkinson_variance,global,observation,2016-01-01,400,
382,1.0,0.6583036564569175,4864705,equity_parkinson_variance,global,observation,2016-01-01,400,
382,1.5,0.6671822608672303,4864705,equity_parkinson_variance,global,observation,2016-01-01,400,
382,2.0,0.7494419215095798,4864705,equity_parkinson_variance,global,observation,2016-01-01,400,
382,3.0,1.2239944896266433,4864705,equity_parkinson_variance,global,observation,2016-01-01,400,
382,4.0,2.6866842023049715,4864705,equity_parkinson_variance,global,observation,2016-01-01,400,
383,1.0,0.6589827275580247,4863180,equity_parkinson_variance,global,observation,2016-01-01,400,
383,1.5,0.6680186877997474,4863180,equity_parkinson_variance,global,observation,2016-01-01,400,
383,2.0,0.7504131315744796,4863180,equity_parkinson_variance,global,observation,2016-01-01,400,
383,3.0,1.2249403246642123,4863180,equity_parkinson_variance,global,observation,2016-01-01,400,
383,4.0,2.685896341867596,4863180,equity_parkinson_variance,global,observation,2016-01-01,400,
384,1.0,0.6590047144792005,4861655,equity_parkinson_variance,global,observation,2016-01-01,400,
384,1.5,0.668051820841775,4861655,equity_parkinson_variance,global,observation,2016-01-01,400,
384,2.0,0.7503179588038222,4861655,equity_parkinson_variance,global,observation,2016-01-01,400,
384,3.0,1.2232873612143833,4861655,equity_parkinson_variance,global,observation,2016-01-01,400,
384,4.0,2.6751037960346804,4861655,equity_parkinson_variance,global,observation,2016-01-01,400,
385,1.0,0.659387290454064,4860130,equity_parkinson_variance,global,observation,2016-01-01,400,
385,1.5,0.6685197364777975,4860130,equity_parkinson_variance,global,observation,2016-01-01,400,
385,2.0,0.7509389352040798,4860130,equity_parkinson_variance,global,observation,2016-01-01,400,
385,3.0,1.2246999732396826,4860130,equity_parkinson_variance,global,observation,2016-01-01,400,
385,4.0,2.6793809945210363,4860130,equity_parkinson_variance,global,observation,2016-01-01,400,
386,1.0,0.6592425405448917,4858605,equity_parkinson_variance,global,observation,2016-01-01,400,
386,1.5,0.6683724961432113,4858605,equity_parkinson_variance,global,observation,2016-01-01,400,
386,2.0,0.7509016591225567,4858605,equity_parkinson_variance,global,observation,2016-01-01,400,
386,3.0,1.2262496872321016,4858605,equity_parkinson_variance,global,observation,2016-01-01,400,
386,4.0,2.6913539860330733,4858605,equity_parkinson_variance,global,observation,2016-01-01,400,
387,1.0,0.6591129684964356,4857080,equity_parkinson_variance,global,observation,2016-01-01,400,
387,1.5,0.6682202572993893,4857080,equity_parkinson_variance,global,observation,2016-01-01,400,
387,2.0,0.7505895492967469,4857080,equity_parkinson_variance,global,observation,2016-01-01,400,
387,3.0,1.22425386120066,4857080,equity_parkinson_variance,global,observation,2016-01-01,400,
387,4.0,2.679895477631228,4857080,equity_parkinson_variance,global,observation,2016-01-01,400,
388,1.0,0.6597105395271978,4855555,equity_parkinson_variance,global,observation,2016-01-01,400,
388,1.5,0.668893324201065,4855555,equity_parkinson_variance,global,observation,2016-01-01,400,
388,2.0,0.751315074105156,4855555,equity_parkinson_variance,global,observation,2016-01-01,400,
388,3.0,1.2248709660877897,4855555,equity_parkinson_variance,global,observation,2016-01-01,400,
388,4.0,2.679060010894612,4855555,equity_parkinson_variance,global,observation,2016-01-01,400,
389,1.0,0.6599232431541316,4854030,equity_parkinson_variance,global,observation,2016-01-01,400,
389,1.5,0.6692020100182942,4854030,equity_parkinson_variance,global,observation,2016-01-01,400,
389,2.0,0.7517453645011773,4854030,equity_parkinson_variance,global,observation,2016-01-01,400,
389,3.0,1.2259573045425478,4854030,equity_parkinson_variance,global,observation,2016-01-01,400,
389,4.0,2.6834935756929674,4854030,equity_parkinson_variance,global,observation,2016-01-01,400,
390,1.0,0.6607992282413844,4852505,equity_parkinson_variance,global,observation,2016-01-01,400,
390,1.5,0.6702259576824267,4852505,equity_parkinson_variance,global,observation,2016-01-01,400,
390,2.0,0.75283581325485,4852505,equity_parkinson_variance,global,observation,2016-01-01,400,
390,3.0,1.2265732537026612,4852505,equity_parkinson_variance,global,observation,2016-01-01,400,
390,4.0,2.679529928867185,4852505,equity_parkinson_variance,global,observation,2016-01-01,400,
391,1.0,0.6611705862984342,4850980,equity_parkinson_variance,global,observation,2016-01-01,400,
391,1.5,0.6707600936070395,4850980,equity_parkinson_variance,global,observation,2016-01-01,400,
391,2.0,0.7535974530251115,4850980,equity_parkinson_variance,global,observation,2016-01-01,400,
391,3.0,1.228342712897187,4850980,equity_parkinson_variance,global,observation,2016-01-01,400,
391,4.0,2.684820563729835,4850980,equity_parkinson_variance,global,observation,2016-01-01,400,
392,1.0,0.6616856709131254,4849455,equity_parkinson_variance,global,observation,2016-01-01,400,
392,1.5,0.671474902472562,4849455,equity_parkinson_variance,global,observation,2016-01-01,400,
392,2.0,0.754581041761947,4849455,equity_parkinson_variance,global,observation,2016-01-01,400,
392,3.0,1.2306127912594311,4849455,equity_parkinson_variance,global,observation,2016-01-01,400,
392,4.0,2.6930568108649,4849455,equity_parkinson_variance,global,observation,2016-01-01,400,
393,1.0,0.661878761835051,4847930,equity_parkinson_variance,global,observation,2016-01-01,400,
393,1.5,0.6718143425720514,4847930,equity_parkinson_variance,global,observation,2016-01-01,400,
393,2.0,0.7551642801022834,4847930,equity_parkinson_variance,global,observation,2016-01-01,400,
393,3.0,1.232487695847304,4847930,equity_parkinson_variance,global,observation,2016-01-01,400,
393,4.0,2.7002914707147547,4847930,equity_parkinson_variance,global,observation,2016-01-01,400,
394,1.0,0.6621703794618443,4846405,equity_parkinson_variance,global,observation,2016-01-01,400,
394,1.5,0.672101137510055,4846405,equity_parkinson_variance,global,observation,2016-01-01,400,
394,2.0,0.7553697032469431,4846405,equity_parkinson_variance,global,observation,2016-01-01,400,
394,3.0,1.2319136835409317,4846405,equity_parkinson_variance,global,observation,2016-01-01,400,
394,4.0,2.6957265653190285,4846405,equity_parkinson_variance,global,observation,2016-01-01,400,
395,1.0,0.6629201029104256,4844880,equity_parkinson_variance,global,observation,2016-01-01,400,
395,1.5,0.6730126896933627,4844880,equity_parkinson_variance,global,observation,2016-01-01,400,
395,2.0,0.7563443816216356,4844880,equity_parkinson_variance,global,observation,2016-01-01,400,
395,3.0,1.2321909471272283,4844880,equity_parkinson_variance,global,observation,2016-01-01,400,
395,4.0,2.689292507425236,4844880,equity_parkinson_variance,global,observation,2016-01-01,400,
396,1.0,0.6631504399337915,4843355,equity_parkinson_variance,global,observation,2016-01-01,400,
396,1.5,0.6734628338916699,4843355,equity_parkinson_variance,global,observation,2016-01-01,400,
396,2.0,0.7571000423538523,4843355,equity_parkinson_variance,global,observation,2016-01-01,400,
396,3.0,1.234085703754909,4843355,equity_parkinson_variance,global,observation,2016-01-01,400,
396,4.0,2.693728447624991,4843355,equity_parkinson_variance,global,observation,2016-01-01,400,
397,1.0,0.6634027801436702,4841830,equity_parkinson_variance,global,observation,2016-01-01,400,
397,1.5,0.6738713691206322,4841830,equity_parkinson_variance,global,observation,2016-01-01,400,
397,2.0,0.7577196601159877,4841830,equity_parkinson_variance,global,observation,2016-01-01,400,
397,3.0,1.2356251528834303,4841830,equity_parkinson_variance,global,observation,2016-01-01,400,
397,4.0,2.7003061619800866,4841830,equity_parkinson_variance,global,observation,2016-01-01,400,
398,1.0,0.66335379825334,4840305,equity_parkinson_variance,global,observation,2016-01-01,400,
398,1.5,0.6738135939507305,4840305,equity_parkinson_variance,global,observation,2016-01-01,400,
398,2.0,0.7576435414971612,4840305,equity_parkinson_variance,global,observation,2016-01-01,400,
398,3.0,1.235250604969018,4840305,equity_parkinson_variance,global,observation,2016-01-01,400,
398,4.0,2.6972617496344915,4840305,equity_parkinson_variance,global,observation,2016-01-01,400,
399,1.0,0.6635209182742298,4838780,equity_parkinson_variance,global,observation,2016-01-01,400,
399,1.5,0.6740737710019573,4838780,equity_parkinson_variance,global,observation,2016-01-01,400,
399,2.0,0.7580278503646614,4838780,equity_parkinson_variance,global,observation,2016-01-01,400,
399,3.0,1.236051411988211,4838780,equity_parkinson_variance,global,observation,2016-01-01,400,
399,4.0,2.699216939491689,4838780,equity_parkinson_variance,global,observation,2016-01-01,400,
400,1.0,0.6640959008210782,4837255,equity_parkinson_variance,global,observation,2016-01-01,400,
400,1.5,0.674846996883094,4837255,equity_parkinson_variance,global,observation,2016-01-01,400,
400,2.0,0.7590802800345618,4837255,equity_parkinson_variance,global,observation,2016-01-01,400,
400,3.0,1.2384310596903771,4837255,equity_parkinson_variance,global,observation,2016-01-01,400,
400,4.0,2.7065737224635824,4837255,equity_parkinson_variance,global,observation,2016-01-01,400,
1,1.0,0.5131591853566123,11150824,equity_garman_klass_variance,global,observation,2016-01-01,400,raw_history_2714
1,1.5,0.4760494126322536,11150824,equity_garman_klass_variance,global,observation,2016-01-01,400,raw_history_2714
1,2.0,0.498164456313817,11150824,equity_garman_klass_variance,global,observation,2016-01-01,400,raw_history_2714
1,3.0,0.7489426414360622,11150824,equity_garman_klass_variance,global,observation,2016-01-01,400,raw_history_2714
1,4.0,1.6300339324708808,11150824,equity_garman_klass_variance,global,observation,2016-01-01,400,raw_history_2714
2,1.0,0.5419703490313609,11148114,equity_garman_klass_variance,global,observation,2016-01-01,400,raw_history_2714
2,1.5,0.5138470336566459,11148114,equity_garman_klass_variance,global,observation,2016-01-01,400,raw_history_2714
2,2.0,0.5478930507374757,11148114,equity_garman_klass_variance,global,observation,2016-01-01,400,raw_history_2714
2,3.0,0.8444317182009595,11148114,equity_garman_klass_variance,global,observation,2016-01-01,400,raw_history_2714
2,4.0,1.851844394643761,11148114,equity_garman_klass_variance,global,observation,2016-01-01,400,raw_history_2714
3,1.0,0.5547795635994107,11145406,equity_garman_klass_variance,global,observation,2016-01-01,400,raw_history_2714
3,1.5,0.530764532314062,11145406,equity_garman_klass_variance,global,observation,2016-01-01,400,raw_history_2714
3,2.0,0.5703834049556847,11145406,equity_garman_klass_variance,global,observation,2016-01-01,400,raw_history_2714
3,3.0,0.8887474924354707,11145406,equity_garman_klass_variance,global,observation,2016-01-01,400,raw_history_2714
3,4.0,1.9580653083349282,11145406,equity_garman_klass_variance,global,observation,2016-01-01,400,raw_history_2714
4,1.0,0.5619183263749716,11142698,equity_garman_klass_variance,global,observation,2016-01-01,400,raw_history_2714
4,1.5,0.5405228376844086,11142698,equity_garman_klass_variance,global,observation,2016-01-01,400,raw_history_2714
4,2.0,0.5838399944091187,11142698,equity_garman_klass_variance,global,observation,2016-01-01,400,raw_history_2714
4,3.0,0.9174219344546543,11142698,equity_garman_klass_variance,global,observation,2016-01-01,400,raw_history_2714
4,4.0,2.0341371616731223,11142698,equity_garman_klass_variance,global,observation,2016-01-01,400,raw_history_2714
5,1.0,0.5669821615797221,11139991,equity_garman_klass_variance,global,observation,2016-01-01,400,raw_history_2714
5,1.5,0.5472417481673303,11139991,equity_garman_klass_variance,global,observation,2016-01-01,400,raw_history_2714
5,2.0,0.5928644275215954,11139991,equity_garman_klass_variance,global,observation,2016-01-01,400,raw_history_2714
5,3.0,0.9357290022099423,11139991,equity_garman_klass_variance,global,observation,2016-01-01,400,raw_history_2714
5,4.0,2.078866728340535,11139991,equity_garman_klass_variance,global,observation,2016-01-01,400,raw_history_2714
6,1.0,0.5715052649191456,11137285,equity_garman_klass_variance,global,observation,2016-01-01,400,raw_history_2714
6,1.5,0.5532640190331969,11137285,equity_garman_klass_variance,global,observation,2016-01-01,400,raw_history_2714
6,2.0,0.6009093763749507,11137285,equity_garman_klass_variance,global,observation,2016-01-01,400,raw_history_2714
6,3.0,0.9511976733629894,11137285,equity_garman_klass_variance,global,observation,2016-01-01,400,raw_history_2714
6,4.0,2.1117154421580393,11137285,equity_garman_klass_variance,global,observation,2016-01-01,400,raw_history_2714
7,1.0,0.5756539487491376,11134582,equity_garman_klass_variance,global,observation,2016-01-01,400,raw_history_2714
7,1.5,0.5587201864932017,11134582,equity_garman_klass_variance,global,observation,2016-01-01,400,raw_history_2714
7,2.0,0.6081077257037587,11134582,equity_garman_klass_variance,global,observation,2016-01-01,400,raw_history_2714
7,3.0,0.9649238217680322,11134582,equity_garman_klass_variance,global,observation,2016-01-01,400,raw_history_2714
7,4.0,2.1414073599250503,11134582,equity_garman_klass_variance,global,observation,2016-01-01,400,raw_history_2714
8,1.0,0.5785075612400389,11131880,equity_garman_klass_variance,global,observation,2016-01-01,400,raw_history_2714
8,1.5,0.5625944001577338,11131880,equity_garman_klass_variance,global,observation,2016-01-01,400,raw_history_2714
8,2.0,0.6134717258061632,11131880,equity_garman_klass_variance,global,observation,2016-01-01,400,raw_history_2714
8,3.0,0.976663992603825,11131880,equity_garman_klass_variance,global,observation,2016-01-01,400,raw_history_2714
8,4.0,2.1730143592764617,11131880,equity_garman_klass_variance,global,observation,2016-01-01,400,raw_history_2714
9,1.0,0.5803861312183941,11129179,equity_garman_klass_variance,global,observation,2016-01-01,400,raw_history_2714
9,1.5,0.5652455704386122,11129179,equity_garman_klass_variance,global,observation,2016-01-01,400,raw_history_2714
9,2.0,0.6172205663211046,11129179,equity_garman_klass_variance,global,observation,2016-01-01,400,raw_history_2714
9,3.0,0.9848013048067331,11129179,equity_garman_klass_variance,global,observation,2016-01-01,400,raw_history_2714
9,4.0,2.193935353097385,11129179,equity_garman_klass_variance,global,observation,2016-01-01,400,raw_history_2714
10,1.0,0.5821500588467515,11126479,equity_garman_klass_variance,global,observation,2016-01-01,400,raw_history_2714
10,1.5,0.5677205570817853,11126479,equity_garman_klass_variance,global,observation,2016-01-01,400,raw_history_2714
10,2.0,0.6208111740520357,11126479,equity_garman_klass_variance,global,observation,2016-01-01,400,raw_history_2714
10,3.0,0.9935336565005177,11126479,equity_garman_klass_variance,global,observation,2016-01-01,400,raw_history_2714
10,4.0,2.2202152828874877,11126479,equity_garman_klass_variance,global,observation,2016-01-01,400,raw_history_2714
11,1.0,0.58439961952408,11123779,equity_garman_klass_variance,global,observation,2016-01-01,400,raw_history_2714
11,1.5,0.5707140236714363,11123779,equity_garman_klass_variance,global,observation,2016-01-01,400,raw_history_2714
11,2.0,0.6247455209519643,11123779,equity_garman_klass_variance,global,observation,2016-01-01,400,raw_history_2714
11,3.0,1.0005651119201922,11123779,equity_garman_klass_variance,global,observation,2016-01-01,400,raw_history_2714
11,4.0,2.234733403021586,11123779,equity_garman_klass_variance,global,observation,2016-01-01,400,raw_history_2714
12,1.0,0.586893633392228,11121079,equity_garman_klass_variance,global,observation,2016-01-01,400,raw_history_2714
12,1.5,0.5740610185909097,11121079,equity_garman_klass_variance,global,observation,2016-01-01,400,raw_history_2714
12,2.0,0.629275184415342,11121079,equity_garman_klass_variance,global,observation,2016-01-01,400,raw_history_2714
12,3.0,1.009779161100681,11121079,equity_garman_klass_variance,global,observation,2016-01-01,400,raw_history_2714
12,4.0,2.2554332950674354,11121079,equity_garman_klass_variance,global,observation,2016-01-01,400,raw_history_2714
13,1.0,0.5882982189324971,11118379,equity_garman_klass_variance,global,observation,2016-01-01,400,raw_history_2714
13,1.5,0.5758043452281607,11118379,equity_garman_klass_variance,global,observation,2016-01-01,400,raw_history_2714
13,2.0,0.6313907350174107,11118379,equity_garman_klass_variance,global,observation,2016-01-01,400,raw_history_2714
13,3.0,1.0129456334211884,11118379,equity_garman_klass_variance,global,observation,2016-01-01,400,raw_history_2714
13,4.0,2.2605979672891507,11118379,equity_garman_klass_variance,global,observation,2016-01-01,400,raw_history_2714
14,1.0,0.5896878092561354,11115679,equity_garman_klass_variance,global,observation,2016-01-01,400,raw_history_2714
14,1.5,0.5777900768283819,11115679,equity_garman_klass_variance,global,observation,2016-01-01,400,raw_history_2714
14,2.0,0.6342912514339193,11115679,equity_garman_klass_variance,global,observation,2016-01-01,400,raw_history_2714
14,3.0,1.0198405376204174,11115679,equity_garman_klass_variance,global,observation,2016-01-01,400,raw_history_2714
14,4.0,2.2794033438361847,11115679,equity_garman_klass_variance,global,observation,2016-01-01,400,raw_history_2714
15,1.0,0.5909763534822638,11112980,equity_garman_klass_variance,global,observation,2016-01-01,400,raw_history_2714
15,1.5,0.5795079066500453,11112980,equity_garman_klass_variance,global,observation,2016-01-01,400,raw_history_2714
15,2.0,0.6366270349939989,11112980,equity_garman_klass_variance,global,observation,2016-01-01,400,raw_history_2714
15,3.0,1.0248629686747797,11112980,equity_garman_klass_variance,global,observation,2016-01-01,400,raw_history_2714
15,4.0,2.2936456729848334,11112980,equity_garman_klass_variance,global,observation,2016-01-01,400,raw_history_2714
16,1.0,0.5929390428479693,11110281,equity_garman_klass_variance,global,observation,2016-01-01,400,raw_history_2714
16,1.5,0.5821227505057279,11110281,equity_garman_klass_variance,global,observation,2016-01-01,400,raw_history_2714
16,2.0,0.6400869261628492,11110281,equity_garman_klass_variance,global,observation,2016-01-01,400,raw_history_2714
16,3.0,1.0312181855480065,11110281,equity_garman_klass_variance,global,observation,2016-01-01,400,raw_history_2714
16,4.0,2.3051541515286322,11110281,equity_garman_klass_variance,global,observation,2016-01-01,400,raw_history_2714
17,1.0,0.594436651484368,11107582,equity_garman_klass_variance,global,observation,2016-01-01,400,raw_history_2714
17,1.5,0.5840862937786888,11107582,equity_garman_klass_variance,global,observation,2016-01-01,400,raw_history_2714
17,2.0,0.642712166607427,11107582,equity_garman_klass_variance,global,observation,2016-01-01,400,raw_history_2714
17,3.0,1.0368852262576096,11107582,equity_garman_klass_variance,global,observation,2016-01-01,400,raw_history_2714
17,4.0,2.3223597756369556,11107582,equity_garman_klass_variance,global,observation,2016-01-01,400,raw_history_2714
18,1.0,0.5953895176782786,11104884,equity_garman_klass_variance,global,observation,2016-01-01,400,raw_history_2714
18,1.5,0.5853246478955222,11104884,equity_garman_klass_variance,global,observation,2016-01-01,400,raw_history_2714
18,2.0,0.6442953181615114,11104884,equity_garman_klass_variance,global,observation,2016-01-01,400,raw_history_2714
18,3.0,1.0391755119516322,11104884,equity_garman_klass_variance,global,observation,2016-01-01,400,raw_history_2714
18,4.0,2.321612216548129,11104884,equity_garman_klass_variance,global,observation,2016-01-01,400,raw_history_2714
19,1.0,0.595660696810796,11102186,equity_garman_klass_variance,global,observation,2016-01-01,400,raw_history_2714
19,1.5,0.5857891096412036,11102186,equity_garman_klass_variance,global,observation,2016-01-01,400,raw_history_2714
19,2.0,0.6450881601543385,11102186,equity_garman_klass_variance,global,observation,2016-01-01,400,raw_history_2714
19,3.0,1.041783977594036,11102186,equity_garman_klass_variance,global,observation,2016-01-01,400,raw_history_2714
19,4.0,2.333521093484183,11102186,equity_garman_klass_variance,global,observation,2016-01-01,400,raw_history_2714
20,1.0,0.5967353747454773,11099488,equity_garman_klass_variance,global,observation,2016-01-01,400,raw_history_2714
20,1.5,0.5872062198548982,11099488,equity_garman_klass_variance,global,observation,2016-01-01,400,raw_history_2714
20,2.0,0.6469905960451218,11099488,equity_garman_klass_variance,global,observation,2016-01-01,400,raw_history_2714
20,3.0,1.0455074071660064,11099488,equity_garman_klass_variance,global,observation,2016-01-01,400,raw_history_2714
20,4.0,2.341274710347225,11099488,equity_garman_klass_variance,global,observation,2016-01-01,400,raw_history_2714
21,1.0,0.5981625606847416,11096792,equity_garman_klass_variance,global,observation,2016-01-01,400,raw_history_2714
21,1.5,0.5891108273717904,11096792,equity_garman_klass_variance,global,observation,2016-01-01,400,raw_history_2714
21,2.0,0.6495775551333614,11096792,equity_garman_klass_variance,global,observation,2016-01-01,400,raw_history_2714
21,3.0,1.051229002511409,11096792,equity_garman_klass_variance,global,observation,2016-01-01,400,raw_history_2714
21,4.0,2.3578567351003183,11096792,equity_garman_klass_variance,global,observation,2016-01-01,400,raw_history_2714
22,1.0,0.5992571661305208,11094096,equity_garman_klass_variance,global,observation,2016-01-01,400,raw_history_2714
22,1.5,0.5905778775995714,11094096,equity_garman_klass_variance,global,observation,2016-01-01,400,raw_history_2714
22,2.0,0.6514882833389465,11094096,equity_garman_klass_variance,global,observation,2016-01-01,400,raw_history_2714
22,3.0,1.0543836026142435,11094096,equity_garman_klass_variance,global,observation,2016-01-01,400,raw_history_2714
22,4.0,2.3628750892543593,11094096,equity_garman_klass_variance,global,observation,2016-01-01,400,raw_history_2714
23,1.0,0.5999005931696855,11091401,equity_garman_klass_variance,global,observation,2016-01-01,400,raw_history_2714
23,1.5,0.5915463007048517,11091401,equity_garman_klass_variance,global,observation,2016-01-01,400,raw_history_2714
23,2.0,0.6529356581797969,11091401,equity_garman_klass_variance,global,observation,2016-01-01,400,raw_history_2714
23,3.0,1.0579515229224086,11091401,equity_garman_klass_variance,global,observation,2016-01-01,400,raw_history_2714
23,4.0,2.37338785792404,11091401,equity_garman_klass_variance,global,observation,2016-01-01,400,raw_history_2714
24,1.0,0.6007215510711494,11088706,equity_garman_klass_variance,global,observation,2016-01-01,400,raw_history_2714
24,1.5,0.5925238735530914,11088706,equity_garman_klass_variance,global,observation,2016-01-01,400,raw_history_2714
24,2.0,0.6540412881410743,11088706,equity_garman_klass_variance,global,observation,2016-01-01,400,raw_history_2714
24,3.0,1.0587807014188366,11088706,equity_garman_klass_variance,global,observation,2016-01-01,400,raw_history_2714
24,4.0,2.3694411845891468,11088706,equity_garman_klass_variance,global,observation,2016-01-01,400,raw_history_2714
25,1.0,0.6017839294743861,11086012,equity_garman_klass_variance,global,observation,2016-01-01,400,raw_history_2714
25,1.5,0.5940821033732958,11086012,equity_garman_klass_variance,global,observation,2016-01-01,400,raw_history_2714
25,2.0,0.6563177707350074,11086012,equity_garman_klass_variance,global,observation,2016-01-01,400,raw_history_2714
25,3.0,1.0642470614047335,11086012,equity_garman_klass_variance,global,observation,2016-01-01,400,raw_history_2714
25,4.0,2.386647834341043,11086012,equity_garman_klass_variance,global,observation,2016-01-01,400,raw_history_2714
26,1.0,0.6032980723710676,11083319,equity_garman_klass_variance,global,observation,2016-01-01,400,raw_history_2714
26,1.5,0.5960529691405158,11083319,equity_garman_klass_variance,global,observation,2016-01-01,400,raw_history_2714
26,2.0,0.6589205585827282,11083319,equity_garman_klass_variance,global,observation,2016-01-01,400,raw_history_2714
26,3.0,1.0694542868534518,11083319,equity_garman_klass_variance,global,observation,2016-01-01,400,raw_history_2714
26,4.0,2.398924968412308,11083319,equity_garman_klass_variance,global,observation,2016-01-01,400,raw_history_2714
27,1.0,0.6036051112571872,11080627,equity_garman_klass_variance,global,observation,2016-01-01,400,raw_history_2714
27,1.5,0.5964730137196845,11080627,equity_garman_klass_variance,global,observation,2016-01-01,400,raw_history_2714
27,2.0,0.6595220188965258,11080627,equity_garman_klass_variance,global,observation,2016-01-01,400,raw_history_2714
27,3.0,1.0711872466377952,11080627,equity_garman_klass_variance,global,observation,2016-01-01,400,raw_history_2714
27,4.0,2.407310984157858,11080627,equity_garman_klass_variance,global,observation,2016-01-01,400,raw_history_2714
28,1.0,0.6041791553411974,11077936,equity_garman_klass_variance,global,observation,2016-01-01,400,raw_history_2714
28,1.5,0.5971949786671782,11077936,equity_garman_klass_variance,global,observation,2016-01-01,400,raw_history_2714
28,2.0,0.660426160705161,11077936,equity_garman_klass_variance,global,observation,2016-01-01,400,raw_history_2714
28,3.0,1.0723662423693112,11077936,equity_garman_klass_variance,global,observation,2016-01-01,400,raw_history_2714
28,4.0,2.4056964809176167,11077936,equity_garman_klass_variance,global,observation,2016-01-01,400,raw_history_2714
29,1.0,0.6051719232822687,11075246,equity_garman_klass_variance,global,observation,2016-01-01,400,raw_history_2714
29,1.5,0.5985695938253058,11075246,equity_garman_klass_variance,global,observation,2016-01-01,400,raw_history_2714
29,2.0,0.6623125814996141,11075246,equity_garman_klass_variance,global,observation,2016-01-01,400,raw_history_2714
29,3.0,1.0765875058560095,11075246,equity_garman_klass_variance,global,observation,2016-01-01,400,raw_history_2714
29,4.0,2.4196987665530694,11075246,equity_garman_klass_variance,global,observation,2016-01-01,400,raw_history_2714
30,1.0,0.605914599388915,11072557,equity_garman_klass_variance,global,observation,2016-01-01,400,raw_history_2714
30,1.5,0.5995683501163922,11072557,equity_garman_klass_variance,global,observation,2016-01-01,400,raw_history_2714
30,2.0,0.6636828156957472,11072557,equity_garman_klass_variance,global,observation,2016-01-01,400,raw_history_2714
30,3.0,1.0793277420258882,11072557,equity_garman_klass_variance,global,observation,2016-01-01,400,raw_history_2714
30,4.0,2.423551134387991,11072557,equity_garman_klass_variance,global,observation,2016-01-01,400,raw_history_2714
31,1.0,0.6066982644298117,11069868,equity_garman_klass_variance,global,observation,2016-01-01,400,raw_history_2714
31,1.5,0.6005239822127026,11069868,equity_garman_klass_variance,global,observation,2016-01-01,400,raw_history_2714
31,2.0,0.6647957527162129,11069868,equity_garman_klass_variance,global,observation,2016-01-01,400,raw_history_2714
31,3.0,1.0806694540553927,11069868,equity_garman_klass_variance,global,observation,2016-01-01,400,raw_history_2714
31,4.0,2.425233300199639,11069868,equity_garman_klass_variance,global,observation,2016-01-01,400,raw_history_2714
32,1.0,0.6071879802205662,11067179,equity_garman_klass_variance,global,observation,2016-01-01,400,raw_history_2714
32,1.5,0.6010340794813639,11067179,equity_garman_klass_variance,global,observation,2016-01-01,400,raw_history_2714
32,2.0,0.6653345426995628,11067179,equity_garman_klass_variance,global,observation,2016-01-01,400,raw_history_2714
32,3.0,1.0815221300327593,11067179,equity_garman_klass_variance,global,observation,2016-01-01,400,raw_history_2714
32,4.0,2.4283420789799557,11067179,equity_garman_klass_variance,global,observation,2016-01-01,400,raw_history_2714
33,1.0,0.6072496070255563,11064490,equity_garman_klass_variance,global,observation,2016-01-01,400,raw_history_2714
33,1.5,0.6011360684344825,11064490,equity_garman_klass_variance,global,observation,2016-01-01,400,raw_history_2714
33,2.0,0.6655382463647276,11064490,equity_garman_klass_variance,global,observation,2016-01-01,400,raw_history_2714
33,3.0,1.082253129166441,11064490,equity_garman_klass_variance,global,observation,2016-01-01,400,raw_history_2714
33,4.0,2.4307063361441643,11064490,equity_garman_klass_variance,global,observation,2016-01-01,400,raw_history_2714
34,1.0,0.6080353287932135,11061801,equity_garman_klass_variance,global,observation,2016-01-01,400,raw_history_2714
34,1.5,0.6023327539430279,11061801,equity_garman_klass_variance,global,observation,2016-01-01,400,raw_history_2714
34,2.0,0.6672978454153261,11061801,equity_garman_klass_variance,global,observation,2016-01-01,400,raw_history_2714
34,3.0,1.086014102813756,11061801,equity_garman_klass_variance,global,observation,2016-01-01,400,raw_history_2714
34,4.0,2.4381453596579417,11061801,equity_garman_klass_variance,global,observation,2016-01-01,400,raw_history_2714
35,1.0,0.6090136630771849,11059112,equity_garman_klass_variance,global,observation,2016-01-01,400,raw_history_2714
35,1.5,0.60357661240768,11059112,equity_garman_klass_variance,global,observation,2016-01-01,400,raw_history_2714
35,2.0,0.6688508020419881,11059112,equity_garman_klass_variance,global,observation,2016-01-01,400,raw_history_2714
35,3.0,1.0884657018751989,11059112,equity_garman_klass_variance,global,observation,2016-01-01,400,raw_history_2714
35,4.0,2.442283925313397,11059112,equity_garman_klass_variance,global,observation,2016-01-01,400,raw_history_2714
36,1.0,0.6094365484777001,11056423,equity_garman_klass_variance,global,observation,2016-01-01,400,raw_history_2714
36,1.5,0.6041697808937816,11056423,equity_garman_klass_variance,global,observation,2016-01-01,400,raw_history_2714
36,2.0,0.6697293124631676,11056423,equity_garman_klass_variance,global,observation,2016-01-01,400,raw_history_2714
36,3.0,1.090962860939417,11056423,equity_garman_klass_variance,global,observation,2016-01-01,400,raw_history_2714
36,4.0,2.4513759354798164,11056423,equity_garman_klass_variance,global,observation,2016-01-01,400,raw_history_2714
37,1.0,0.6100405555712601,11053735,equity_garman_klass_variance,global,observation,2016-01-01,400,raw_history_2714
37,1.5,0.6049496275971628,11053735,equity_garman_klass_variance,global,observation,2016-01-01,400,raw_history_2714
37,2.0,0.6706801399000244,11053735,equity_garman_klass_variance,global,observation,2016-01-01,400,raw_history_2714
37,3.0,1.092122758846489,11053735,equity_garman_klass_variance,global,observation,2016-01-01,400,raw_history_2714
37,4.0,2.4513591651950106,11053735,equity_garman_klass_variance,global,observation,2016-01-01,400,raw_history_2714
38,1.0,0.6102585920407083,11051048,equity_garman_klass_variance,global,observation,2016-01-01,400,raw_history_2714
38,1.5,0.6052196593675296,11051048,equity_garman_klass_variance,global,observation,2016-01-01,400,raw_history_2714
38,2.0,0.6710015684427161,11051048,equity_garman_klass_variance,global,observation,2016-01-01,400,raw_history_2714
38,3.0,1.0923615781917473,11051048,equity_garman_klass_variance,global,observation,2016-01-01,400,raw_history_2714
38,4.0,2.4493810661430704,11051048,equity_garman_klass_variance,global,observation,2016-01-01,400,raw_history_2714
39,1.0,0.6107066769859458,11048361,equity_garman_klass_variance,global,observation,2016-01-01,400,raw_history_2714
39,1.5,0.6058974677053756,11048361,equity_garman_klass_variance,global,observation,2016-01-01,400,raw_history_2714
39,2.0,0.6720768928552155,11048361,equity_garman_klass_variance,global,observation,2016-01-01,400,raw_history_2714
39,3.0,1.0954212240394796,11048361,equity_garman_klass_variance,global,observation,2016-01-01,400,raw_history_2714
39,4.0,2.4595100216803796,11048361,equity_garman_klass_variance,global,observation,2016-01-01,400,raw_history_2714
40,1.0,0.6118385159241314,11045675,equity_garman_klass_variance,global,observation,2016-01-01,400,raw_history_2714
40,1.5,0.6074291504276255,11045675,equity_garman_klass_variance,global,observation,2016-01-01,400,raw_history_2714
40,2.0,0.6741105611049231,11045675,equity_garman_klass_variance,global,observation,2016-01-01,400,raw_history_2714
40,3.0,1.0992120383427026,11045675,equity_garman_klass_variance,global,observation,2016-01-01,400,raw_history_2714
40,4.0,2.4664333408859482,11045675,equity_garman_klass_variance,global,observation,2016-01-01,400,raw_history_2714
41,1.0,0.6124077619660454,11042989,equity_garman_klass_variance,global,observation,2016-01-01,400,raw_history_2714
41,1.5,0.6083059159839038,11042989,equity_garman_klass_variance,global,observation,2016-01-01,400,raw_history_2714
41,2.0,0.6754027844519848,11042989,equity_garman_klass_variance,global,observation,2016-01-01,400,raw_history_2714
41,3.0,1.1023214942366466,11042989,equity_garman_klass_variance,global,observation,2016-01-01,400,raw_history_2714
41,4.0,2.477785433296157,11042989,equity_garman_klass_variance,global,observation,2016-01-01,400,raw_history_2714
42,1.0,0.6127939790194823,11040305,equity_garman_klass_variance,global,observation,2016-01-01,400,raw_history_2714
42,1.5,0.6086782360133166,11040305,equity_garman_klass_variance,global,observation,2016-01-01,400,raw_history_2714
42,2.0,0.6757738225399287,11040305,equity_garman_klass_variance,global,observation,2016-01-01,400,raw_history_2714
42,3.0,1.1029540234864923,11040305,equity_garman_klass_variance,global,observation,2016-01-01,400,raw_history_2714
42,4.0,2.480820814384124,11040305,equity_garman_klass_variance,global,observation,2016-01-01,400,raw_history_2714
43,1.0,0.6132433677506276,11037621,equity_garman_klass_variance,global,observation,2016-01-01,400,raw_history_2714
43,1.5,0.6092479844761908,11037621,equity_garman_klass_variance,global,observation,2016-01-01,400,raw_history_2714
43,2.0,0.6764574343831199,11037621,equity_garman_klass_variance,global,observation,2016-01-01,400,raw_history_2714
43,3.0,1.1036749160304842,11037621,equity_garman_klass_variance,global,observation,2016-01-01,400,raw_history_2714
43,4.0,2.4793652130659396,11037621,equity_garman_klass_variance,global,observation,2016-01-01,400,raw_history_2714
44,1.0,0.6140567171053609,11034938,equity_garman_klass_variance,global,observation,2016-01-01,400,raw_history_2714
44,1.5,0.6103594839802053,11034938,equity_garman_klass_variance,global,observation,2016-01-01,400,raw_history_2714
44,2.0,0.6779897862793097,11034938,equity_garman_klass_variance,global,observation,2016-01-01,400,raw_history_2714
44,3.0,1.1070171376373696,11034938,equity_garman_klass_variance,global,observation,2016-01-01,400,raw_history_2714
44,4.0,2.4885004000902837,11034938,equity_garman_klass_variance,global,observation,2016-01-01,400,raw_history_2714
45,1.0,0.6149064589746811,11032255,equity_garman_klass_variance,global,observation,2016-01-01,400,raw_history_2714
45,1.5,0.6112662548860006,11032255,equity_garman_klass_variance,global,observation,2016-01-01,400,raw_history_2714
45,2.0,0.6788970192055522,11032255,equity_garman_klass_variance,global,observation,2016-01-01,400,raw_history_2714
45,3.0,1.1077437968237334,11032255,equity_garman_klass_variance,global,observation,2016-01-01,400,raw_history_2714
45,4.0,2.488840524284896,11032255,equity_garman_klass_variance,global,observation,2016-01-01,400,raw_history_2714
46,1.0,0.6155202890022325,11029572,equity_garman_klass_variance,global,observation,2016-01-01,400,raw_history_2714
46,1.5,0.6121393403083762,11029572,equity_garman_klass_variance,global,observation,2016-01-01,400,raw_history_2714
46,2.0,0.6801522088452909,11029572,equity_garman_klass_variance,global,observation,2016-01-01,400,raw_history_2714
46,3.0,1.1107182353803906,11029572,equity_garman_klass_variance,global,observation,2016-01-01,400,raw_history_2714
46,4.0,2.4968331289836097,11029572,equity_garman_klass_variance,global,observation,2016-01-01,400,raw_history_2714
47,1.0,0.6157989218367275,11026891,equity_garman_klass_variance,global,observation,2016-01-01,400,raw_history_2714
47,1.5,0.6125404180842892,11026891,equity_garman_klass_variance,global,observation,2016-01-01,400,raw_history_2714
47,2.0,0.6807094841791611,11026891,equity_garman_klass_variance,global,observation,2016-01-01,400,raw_history_2714
47,3.0,1.1118602992914424,11026891,equity_garman_klass_variance,global,observation,2016-01-01,400,raw_history_2714
47,4.0,2.4996804190966846,11026891,equity_garman_klass_variance,global,observation,2016-01-01,400,raw_history_2714
48,1.0,0.6163304621548831,11024211,equity_garman_klass_variance,global,observation,2016-01-01,400,raw_history_2714
48,1.5,0.6132220966577779,11024211,equity_garman_klass_variance,global,observation,2016-01-01,400,raw_history_2714
48,2.0,0.681601141245714,11024211,equity_garman_klass_variance,global,observation,2016-01-01,400,raw_history_2714
48,3.0,1.1136130433523113,11024211,equity_garman_klass_variance,global,observation,2016-01-01,400,raw_history_2714
48,4.0,2.504139038564926,11024211,equity_garman_klass_variance,global,observation,2016-01-01,400,raw_history_2714
49,1.0,0.6169616830765082,11021531,equity_garman_klass_variance,global,observation,2016-01-01,400,raw_history_2714
49,1.5,0.6139559697061373,11021531,equity_garman_klass_variance,global,observation,2016-01-01,400,raw_history_2714
49,2.0,0.682451465790865,11021531,equity_garman_klass_variance,global,observation,2016-01-01,400,raw_history_2714
49,3.0,1.11502971111302,11021531,equity_garman_klass_variance,global,observation,2016-01-01,400,raw_history_2714
49,4.0,2.5080912259457837,11021531,equity_garman_klass_variance,global,observation,2016-01-01,400,raw_history_2714
50,1.0,0.6175904175852898,11018851,equity_garman_klass_variance,global,observation,2016-01-01,400,raw_history_2714
50,1.5,0.6148618586824772,11018851,equity_garman_klass_variance,global,observation,2016-01-01,400,raw_history_2714
50,2.0,0.68370509132064,11018851,equity_garman_klass_variance,global,observation,2016-01-01,400,raw_history_2714
50,3.0,1.117243638776957,11018851,equity_garman_klass_variance,global,observation,2016-01-01,400,raw_history_2714
50,4.0,2.511018621573342,11018851,equity_garman_klass_variance,global,observation,2016-01-01,400,raw_history_2714
51,1.0,0.618117204402932,11016172,equity_garman_klass_variance,global,observation,2016-01-01,400,raw_history_2714
51,1.5,0.6155951222066103,11016172,equity_garman_klass_variance,global,observation,2016-01-01,400,raw_history_2714
51,2.0,0.6846848082502691,11016172,equity_garman_klass_variance,global,observation,2016-01-01,400,raw_history_2714
51,3.0,1.1189708422599025,11016172,equity_garman_klass_variance,global,observation,2016-01-01,400,raw_history_2714
51,4.0,2.51305010574879,11016172,equity_garman_klass_variance,global,observation,2016-01-01,400,raw_history_2714
52,1.0,0.6184143663127738,11013493,equity_garman_klass_variance,global,observation,2016-01-01,400,raw_history_2714
52,1.5,0.6160086974137698,11013493,equity_garman_klass_variance,global,observation,2016-01-01,400,raw_history_2714
52,2.0,0.6853545569860898,11013493,equity_garman_klass_variance,global,observation,2016-01-01,400,raw_history_2714
52,3.0,1.121277336157885,11013493,equity_garman_klass_variance,global,observation,2016-01-01,400,raw_history_2714
52,4.0,2.523414434212951,11013493,equity_garman_klass_variance,global,observation,2016-01-01,400,raw_history_2714
53,1.0,0.6186960484059904,11010814,equity_garman_klass_variance,global,observation,2016-01-01,400,raw_history_2714
53,1.5,0.6162729924632132,11010814,equity_garman_klass_variance,global,observation,2016-01-01,400,raw_history_2714
53,2.0,0.685495408156971,11010814,equity_garman_klass_variance,global,observation,2016-01-01,400,raw_history_2714
53,3.0,1.1204624579412725,11010814,equity_garman_klass_variance,global,observation,2016-01-01,400,raw_history_2714
53,4.0,2.5183189433977153,11010814,equity_garman_klass_variance,global,observation,2016-01-01,400,raw_history_2714
54,1.0,0.6189560060632012,11008135,equity_garman_klass_variance,global,observation,2016-01-01,400,raw_history_2714
54,1.5,0.6166849355063465,11008135,equity_garman_klass_variance,global,observation,2016-01-01,400,raw_history_2714
54,2.0,0.6861846311941925,11008135,equity_garman_klass_variance,global,observation,2016-01-01,400,raw_history_2714
54,3.0,1.1226139619719901,11008135,equity_garman_klass_variance,global,observation,2016-01-01,400,raw_history_2714
54,4.0,2.5256583219945403,11008135,equity_garman_klass_variance,global,observation,2016-01-01,400,raw_history_2714
55,1.0,0.6197114805408227,11005456,equity_garman_klass_variance,global,observation,2016-01-01,400,raw_history_2714
55,1.5,0.617795775007736,11005456,equity_garman_klass_variance,global,observation,2016-01-01,400,raw_history_2714
55,2.0,0.6877454069426039,11005456,equity_garman_klass_variance,global,observation,2016-01-01,400,raw_history_2714
55,3.0,1.125619757063247,11005456,equity_garman_klass_variance,global,observation,2016-01-01,400,raw_history_2714
55,4.0,2.530812473693094,11005456,equity_garman_klass_variance,global,observation,2016-01-01,400,raw_history_2714
56,1.0,0.6201447631860331,11002778,equity_garman_klass_variance,global,observation,2016-01-01,400,raw_history_2714
56,1.5,0.6183656981158521,11002778,equity_garman_klass_variance,global,observation,2016-01-01,400,raw_history_2714
56,2.0,0.6885069584328102,11002778,equity_garman_klass_variance,global,observation,2016-01-01,400,raw_history_2714
56,3.0,1.1272025853503205,11002778,equity_garman_klass_variance,global,observation,2016-01-01,400,raw_history_2714
56,4.0,2.535072665172407,11002778,equity_garman_klass_variance,global,observation,2016-01-01,400,raw_history_2714
57,1.0,0.6207276005404343,11000100,equity_garman_klass_variance,global,observation,2016-01-01,400,raw_history_2714
57,1.5,0.6191038615707177,11000100,equity_garman_klass_variance,global,observation,2016-01-01,400,raw_history_2714
57,2.0,0.6894951782931916,11000100,equity_garman_klass_variance,global,observation,2016-01-01,400,raw_history_2714
57,3.0,1.1295254357143392,11000100,equity_garman_klass_variance,global,observation,2016-01-01,400,raw_history_2714
57,4.0,2.542791750084299,11000100,equity_garman_klass_variance,global,observation,2016-01-01,400,raw_history_2714
58,1.0,0.62033667932052,10997422,equity_garman_klass_variance,global,observation,2016-01-01,400,raw_history_2714
58,1.5,0.6186547214627648,10997422,equity_garman_klass_variance,global,observation,2016-01-01,400,raw_history_2714
58,2.0,0.6890844079352499,10997422,equity_garman_klass_variance,global,observation,2016-01-01,400,raw_history_2714
58,3.0,1.1300141067635254,10997422,equity_garman_klass_variance,global,observation,2016-01-01,400,raw_history_2714
58,4.0,2.5487994639823257,10997422,equity_garman_klass_variance,global,observation,2016-01-01,400,raw_history_2714
59,1.0,0.6205733845481795,10994744,equity_garman_klass_variance,global,observation,2016-01-01,400,raw_history_2714
59,1.5,0.6189997075427698,10994744,equity_garman_klass_variance,global,observation,2016-01-01,400,raw_history_2714
59,2.0,0.6895166542926102,10994744,equity_garman_klass_variance,global,observation,2016-01-01,400,raw_history_2714
59,3.0,1.1303000267082592,10994744,equity_garman_klass_variance,global,observation,2016-01-01,400,raw_history_2714
59,4.0,2.5466018440279545,10994744,equity_garman_klass_variance,global,observation,2016-01-01,400,raw_history_2714
60,1.0,0.6211511580688782,10992066,equity_garman_klass_variance,global,observation,2016-01-01,400,raw_history_2714
60,1.5,0.6196820102027915,10992066,equity_garman_klass_variance,global,observation,2016-01-01,400,raw_history_2714
60,2.0,0.6903057395202027,10992066,equity_garman_klass_variance,global,observation,2016-01-01,400,raw_history_2714
60,3.0,1.1315879704927343,10992066,equity_garman_klass_variance,global,observation,2016-01-01,400,raw_history_2714
60,4.0,2.550789470369233,10992066,equity_garman_klass_variance,global,observation,2016-01-01,400,raw_history_2714
61,1.0,0.620942401280363,10989389,equity_garman_klass_variance,global,observation,2016-01-01,400,raw_history_2714
61,1.5,0.6195326246627603,10989389,equity_garman_klass_variance,global,observation,2016-01-01,400,raw_history_2714
61,2.0,0.690271708370169,10989389,equity_garman_klass_variance,global,observation,2016-01-01,400,raw_history_2714
61,3.0,1.1317705552736554,10989389,equity_garman_klass_variance,global,observation,2016-01-01,400,raw_history_2714
61,4.0,2.5484557564130226,10989389,equity_garman_klass_variance,global,observation,2016-01-01,400,raw_history_2714
62,1.0,0.6210927167620152,10986712,equity_garman_klass_variance,global,observation,2016-01-01,400,raw_history_2714
62,1.5,0.6196608330911485,10986712,equity_garman_klass_variance,global,observation,2016-01-01,400,raw_history_2714
62,2.0,0.6904179733272978,10986712,equity_garman_klass_variance,global,observation,2016-01-01,400,raw_history_2714
62,3.0,1.132394273231098,10986712,equity_garman_klass_variance,global,observation,2016-01-01,400,raw_history_2714
62,4.0,2.5517153908327166,10986712,equity_garman_klass_variance,global,observation,2016-01-01,400,raw_history_2714
63,1.0,0.6204589874899471,10984036,equity_garman_klass_variance,global,observation,2016-01-01,400,raw_history_2714
63,1.5,0.6190248204632273,10984036,equity_garman_klass_variance,global,observation,2016-01-01,400,raw_history_2714
63,2.0,0.6899176270616444,10984036,equity_garman_klass_variance,global,observation,2016-01-01,400,raw_history_2714
63,3.0,1.1328873167053362,10984036,equity_garman_klass_variance,global,observation,2016-01-01,400,raw_history_2714
63,4.0,2.556140791063097,10984036,equity_garman_klass_variance,global,observation,2016-01-01,400,raw_history_2714
64,1.0,0.6215294534228888,10981363,equity_garman_klass_variance,global,observation,2016-01-01,400,raw_history_2714
64,1.5,0.6204715982933615,10981363,equity_garman_klass_variance,global,observation,2016-01-01,400,raw_history_2714
64,2.0,0.6918329969772261,10981363,equity_garman_klass_variance,global,observation,2016-01-01,400,raw_history_2714
64,3.0,1.1368242330208507,10981363,equity_garman_klass_variance,global,observation,2016-01-01,400,raw_history_2714
64,4.0,2.568463831939699,10981363,equity_garman_klass_variance,global,observation,2016-01-01,400,raw_history_2714
65,1.0,0.6227694134287111,10978690,equity_garman_klass_variance,global,observation,2016-01-01,400,raw_history_2714
65,1.5,0.6220912266193753,10978690,equity_garman_klass_variance,global,observation,2016-01-01,400,raw_history_2714
65,2.0,0.6939030662177749,10978690,equity_garman_klass_variance,global,observation,2016-01-01,400,raw_history_2714
65,3.0,1.1405047903628942,10978690,equity_garman_klass_variance,global,observation,2016-01-01,400,raw_history_2714
65,4.0,2.5774435530192514,10978690,equity_garman_klass_variance,global,observation,2016-01-01,400,raw_history_2714
66,1.0,0.6238461971791088,10976017,equity_garman_klass_variance,global,observation,2016-01-01,400,raw_history_2714
66,1.5,0.6235110096243353,10976017,equity_garman_klass_variance,global,observation,2016-01-01,400,raw_history_2714
66,2.0,0.695663472072827,10976017,equity_garman_klass_variance,global,observation,2016-01-01,400,raw_history_2714
66,3.0,1.142717031228494,10976017,equity_garman_klass_variance,global,observation,2016-01-01,400,raw_history_2714
66,4.0,2.5773113018979057,10976017,equity_garman_klass_variance,global,observation,2016-01-01,400,raw_history_2714
67,1.0,0.6248097316061458,10973344,equity_garman_klass_variance,global,observation,2016-01-01,400,raw_history_2714
67,1.5,0.6248031539559773,10973344,equity_garman_klass_variance,global,observation,2016-01-01,400,raw_history_2714
67,2.0,0.6974795321255692,10973344,equity_garman_klass_variance,global,observation,2016-01-01,400,raw_history_2714
67,3.0,1.1473142683074036,10973344,equity_garman_klass_variance,global,observation,2016-01-01,400,raw_history_2714
67,4.0,2.59188549253142,10973344,equity_garman_klass_variance,global,observation,2016-01-01,400,raw_history_2714
68,1.0,0.6252605777470871,10970671,equity_garman_klass_variance,global,observation,2016-01-01,400,raw_history_2714
68,1.5,0.6253877519536978,10970671,equity_garman_klass_variance,global,observation,2016-01-01,400,raw_history_2714
68,2.0,0.698118696830621,10970671,equity_garman_klass_variance,global,observation,2016-01-01,400,raw_history_2714
68,3.0,1.1474395314113832,10970671,equity_garman_klass_variance,global,observation,2016-01-01,400,raw_history_2714
68,4.0,2.5896727477616235,10970671,equity_garman_klass_variance,global,observation,2016-01-01,400,raw_history_2714
69,1.0,0.6261620546644815,10967998,equity_garman_klass_variance,global,observation,2016-01-01,400,raw_history_2714
69,1.5,0.6266566979562798,10967998,equity_garman_klass_variance,global,observation,2016-01-01,400,raw_history_2714
69,2.0,0.6998399230426938,10967998,equity_garman_klass_variance,global,observation,2016-01-01,400,raw_history_2714
69,3.0,1.1504617352484623,10967998,equity_garman_klass_variance,global,observation,2016-01-01,400,raw_history_2714
69,4.0,2.593497755851105,10967998,equity_garman_klass_variance,global,observation,2016-01-01,400,raw_history_2714
70,1.0,0.6269665735470497,10965326,equity_garman_klass_variance,global,observation,2016-01-01,400,raw_history_2714
70,1.5,0.6276654029453351,10965326,equity_garman_klass_variance,global,observation,2016-01-01,400,raw_history_2714
70,2.0,0.7011578884566912,10965326,equity_garman_klass_variance,global,observation,2016-01-01,400,raw_history_2714
70,3.0,1.1533821843238583,10965326,equity_garman_klass_variance,global,observation,2016-01-01,400,raw_history_2714
70,4.0,2.6016829690076264,10965326,equity_garman_klass_variance,global,observation,2016-01-01,400,raw_history_2714
71,1.0,0.6274309282471787,10962654,equity_garman_klass_variance,global,observation,2016-01-01,400,raw_history_2714
71,1.5,0.6283218080912945,10962654,equity_garman_klass_variance,global,observation,2016-01-01,400,raw_history_2714
71,2.0,0.702076135703179,10962654,equity_garman_klass_variance,global,observation,2016-01-01,400,raw_history_2714
71,3.0,1.1554242235001295,10962654,equity_garman_klass_variance,global,observation,2016-01-01,400,raw_history_2714
71,4.0,2.6090408483867717,10962654,equity_garman_klass_variance,global,observation,2016-01-01,400,raw_history_2714
72,1.0,0.627887364004098,10959982,equity_garman_klass_variance,global,observation,2016-01-01,400,raw_history_2714
72,1.5,0.6289920667552719,10959982,equity_garman_klass_variance,global,observation,2016-01-01,400,raw_history_2714
72,2.0,0.702990558750385,10959982,equity_garman_klass_variance,global,observation,2016-01-01,400,raw_history_2714
72,3.0,1.157012079356832,10959982,equity_garman_klass_variance,global,observation,2016-01-01,400,raw_history_2714
72,4.0,2.6111615556582084,10959982,equity_garman_klass_variance,global,observation,2016-01-01,400,raw_history_2714
73,1.0,0.6287474256713562,10957310,equity_garman_klass_variance,global,observation,2016-01-01,400,raw_history_2714
73,1.5,0.6301329171679921,10957310,equity_garman_klass_variance,global,observation,2016-01-01,400,raw_history_2714
73,2.0,0.7044586366240334,10957310,equity_garman_klass_variance,global,observation,2016-01-01,400,raw_history_2714
73,3.0,1.159384531901596,10957310,equity_garman_klass_variance,global,observation,2016-01-01,400,raw_history_2714
73,4.0,2.613414862891638,10957310,equity_garman_klass_variance,global,observation,2016-01-01,400,raw_history_2714
74,1.0,0.6292029064722011,10954638,equity_garman_klass_variance,global,observation,2016-01-01,400,raw_history_2714
74,1.5,0.6307784450708014,10954638,equity_garman_klass_variance,global,observation,2016-01-01,400,raw_history_2714
74,2.0,0.7054065082501576,10954638,equity_garman_klass_variance,global,observation,2016-01-01,400,raw_history_2714
74,3.0,1.1618294911293519,10954638,equity_garman_klass_variance,global,observation,2016-01-01,400,raw_history_2714
74,4.0,2.6225032951708602,10954638,equity_garman_klass_variance,global,observation,2016-01-01,400,raw_history_2714
75,1.0,0.630119569449638,10951966,equity_garman_klass_variance,global,observation,2016-01-01,400,raw_history_2714
75,1.5,0.6320116644890797,10951966,equity_garman_klass_variance,global,observation,2016-01-01,400,raw_history_2714
75,2.0,0.7069571779833111,10951966,equity_garman_klass_variance,global,observation,2016-01-01,400,raw_history_2714
75,3.0,1.1636827756080967,10951966,equity_garman_klass_variance,global,observation,2016-01-01,400,raw_history_2714
75,4.0,2.6199925682430636,10951966,equity_garman_klass_variance,global,observation,2016-01-01,400,raw_history_2714
76,1.0,0.6306976227590444,10949296,equity_garman_klass_variance,global,observation,2016-01-01,400,raw_history_2714
76,1.5,0.632907069756739,10949296,equity_garman_klass_variance,global,observation,2016-01-01,400,raw_history_2714
76,2.0,0.708314300515723,10949296,equity_garman_klass_variance,global,observation,2016-01-01,400,raw_history_2714
76,3.0,1.1671317378489343,10949296,equity_garman_klass_variance,global,observation,2016-01-01,400,raw_history_2714
76,4.0,2.6293881684592204,10949296,equity_garman_klass_variance,global,observation,2016-01-01,400,raw_history_2714
77,1.0,0.631449028423653,10946626,equity_garman_klass_variance,global,observation,2016-01-01,400,raw_history_2714
77,1.5,0.6338110229189498,10946626,equity_garman_klass_variance,global,observation,2016-01-01,400,raw_history_2714
77,2.0,0.7094405525491007,10946626,equity_garman_klass_variance,global,observation,2016-01-01,400,raw_history_2714
77,3.0,1.1695389515720902,10946626,equity_garman_klass_variance,global,observation,2016-01-01,400,raw_history_2714
77,4.0,2.638530409446423,10946626,equity_garman_klass_variance,global,observation,2016-01-01,400,raw_history_2714
78,1.0,0.6318597193120934,10943956,equity_garman_klass_variance,global,observation,2016-01-01,400,raw_history_2714
78,1.5,0.6344267606261198,10943956,equity_garman_klass_variance,global,observation,2016-01-01,400,raw_history_2714
78,2.0,0.7102861461482134,10943956,equity_garman_klass_variance,global,observation,2016-01-01,400,raw_history_2714
78,3.0,1.1707744162326938,10943956,equity_garman_klass_variance,global,observation,2016-01-01,400,raw_history_2714
78,4.0,2.6389478747452118,10943956,equity_garman_klass_variance,global,observation,2016-01-01,400,raw_history_2714
79,1.0,0.6323279870702259,10941286,equity_garman_klass_variance,global,observation,2016-01-01,400,raw_history_2714
79,1.5,0.6349392487614375,10941286,equity_garman_klass_variance,global,observation,2016-01-01,400,raw_history_2714
79,2.0,0.7108529693893175,10941286,equity_garman_klass_variance,global,observation,2016-01-01,400,raw_history_2714
79,3.0,1.1716787370948736,10941286,equity_garman_klass_variance,global,observation,2016-01-01,400,raw_history_2714
79,4.0,2.642066944501021,10941286,equity_garman_klass_variance,global,observation,2016-01-01,400,raw_history_2714
80,1.0,0.6327201305530078,10938616,equity_garman_klass_variance,global,observation,2016-01-01,400,raw_history_2714
80,1.5,0.6354414602313253,10938616,equity_garman_klass_variance,global,observation,2016-01-01,400,raw_history_2714
80,2.0,0.7114608418414367,10938616,equity_garman_klass_variance,global,observation,2016-01-01,400,raw_history_2714
80,3.0,1.172348021571113,10938616,equity_garman_klass_variance,global,observation,2016-01-01,400,raw_history_2714
80,4.0,2.6410721014576994,10938616,equity_garman_klass_variance,global,observation,2016-01-01,400,raw_history_2714
81,1.0,0.6330792700633203,10935947,equity_garman_klass_variance,global,observation,2016-01-01,400,raw_history_2714
81,1.5,0.6359899252984006,10935947,equity_garman_klass_variance,global,observation,2016-01-01,400,raw_history_2714
81,2.0,0.7122778978324761,10935947,equity_garman_klass_variance,global,observation,2016-01-01,400,raw_history_2714
81,3.0,1.1743558434353254,10935947,equity_garman_klass_variance,global,observation,2016-01-01,400,raw_history_2714
81,4.0,2.646984922656783,10935947,equity_garman_klass_variance,global,observation,2016-01-01,400,raw_history_2714
82,1.0,0.6336281453720068,10933278,equity_garman_klass_variance,global,observation,2016-01-01,400,raw_history_2714
82,1.5,0.6367980056183419,10933278,equity_garman_klass_variance,global,observation,2016-01-01,400,raw_history_2714
82,2.0,0.7134606463949008,10933278,equity_garman_klass_variance,global,observation,2016-01-01,400,raw_history_2714
82,3.0,1.1771800771518928,10933278,equity_garman_klass_variance,global,observation,2016-01-01,400,raw_history_2714
82,4.0,2.654748974632455,10933278,equity_garman_klass_variance,global,observation,2016-01-01,400,raw_history_2714
83,1.0,0.6344004405909269,10930610,equity_garman_klass_variance,global,observation,2016-01-01,400,raw_history_2714
83,1.5,0.6378891147667763,10930610,equity_garman_klass_variance,global,observation,2016-01-01,400,raw_history_2714
83,2.0,0.715031908792303,10930610,equity_garman_klass_variance,global,observation,2016-01-01,400,raw_history_2714
83,3.0,1.1812089522732105,10930610,equity_garman_klass_variance,global,observation,2016-01-01,400,raw_history_2714
83,4.0,2.669729471756738,10930610,equity_garman_klass_variance,global,observation,2016-01-01,400,raw_history_2714
84,1.0,0.6351501067296971,10927942,equity_garman_klass_variance,global,observation,2016-01-01,400,raw_history_2714
84,1.5,0.6388813227522532,10927942,equity_garman_klass_variance,global,observation,2016-01-01,400,raw_history_2714
84,2.0,0.716301560857801,10927942,equity_garman_klass_variance,global,observation,2016-01-01,400,raw_history_2714
84,3.0,1.1832174676382188,10927942,equity_garman_klass_variance,global,observation,2016-01-01,400,raw_history_2714
84,4.0,2.671227818585584,10927942,equity_garman_klass_variance,global,observation,2016-01-01,400,raw_history_2714
85,1.0,0.6357096128725247,10925274,equity_garman_klass_variance,global,observation,2016-01-01,400,raw_history_2714
85,1.5,0.6397549744515206,10925274,equity_garman_klass_variance,global,observation,2016-01-01,400,raw_history_2714
85,2.0,0.7176183543497635,10925274,equity_garman_klass_variance,global,observation,2016-01-01,400,raw_history_2714
85,3.0,1.1862199427846418,10925274,equity_garman_klass_variance,global,observation,2016-01-01,400,raw_history_2714
85,4.0,2.6792037481294697,10925274,equity_garman_klass_variance,global,observation,2016-01-01,400,raw_history_2714
86,1.0,0.6362792392557854,10922606,equity_garman_klass_variance,global,observation,2016-01-01,400,raw_history_2714
86,1.5,0.6403824099340247,10922606,equity_garman_klass_variance,global,observation,2016-01-01,400,raw_history_2714
86,2.0,0.7182487347662619,10922606,equity_garman_klass_variance,global,observation,2016-01-01,400,raw_history_2714
86,3.0,1.186474228347419,10922606,equity_garman_klass_variance,global,observation,2016-01-01,400,raw_history_2714
86,4.0,2.6766422103001366,10922606,equity_garman_klass_variance,global,observation,2016-01-01,400,raw_history_2714
87,1.0,0.6367324356967197,10919938,equity_garman_klass_variance,global,observation,2016-01-01,400,raw_history_2714
87,1.5,0.6409642383016169,10919938,equity_garman_klass_variance,global,observation,2016-01-01,400,raw_history_2714
87,2.0,0.7190000600676876,10919938,equity_garman_klass_variance,global,observation,2016-01-01,400,raw_history_2714
87,3.0,1.1881227999869137,10919938,equity_garman_klass_variance,global,observation,2016-01-01,400,raw_history_2714
87,4.0,2.6830383905266006,10919938,equity_garman_klass_variance,global,observation,2016-01-01,400,raw_history_2714
88,1.0,0.6373419435215218,10917270,equity_garman_klass_variance,global,observation,2016-01-01,400,raw_history_2714
88,1.5,0.641921120421703,10917270,equity_garman_klass_variance,global,observation,2016-01-01,400,raw_history_2714
88,2.0,0.7204144102682668,10917270,equity_garman_klass_variance,global,observation,2016-01-01,400,raw_history_2714
88,3.0,1.1909645323496738,10917270,equity_garman_klass_variance,global,observation,2016-01-01,400,raw_history_2714
88,4.0,2.6878349732092306,10917270,equity_garman_klass_variance,global,observation,2016-01-01,400,raw_history_2714
89,1.0,0.6378651937229831,10914602,equity_garman_klass_variance,global,observation,2016-01-01,400,raw_history_2714
89,1.5,0.6425753222625985,10914602,equity_garman_klass_variance,global,observation,2016-01-01,400,raw_history_2714
89,2.0,0.7212429461481185,10914602,equity_garman_klass_variance,global,observation,2016-01-01,400,raw_history_2714
89,3.0,1.1926828720119622,10914602,equity_garman_klass_variance,global,observation,2016-01-01,400,raw_history_2714
89,4.0,2.693998773055257,10914602,equity_garman_klass_variance,global,observation,2016-01-01,400,raw_history_2714
90,1.0,0.6383901888246585,10911934,equity_garman_klass_variance,global,observation,2016-01-01,400,raw_history_2714
90,1.5,0.6432843406151333,10911934,equity_garman_klass_variance,global,observation,2016-01-01,400,raw_history_2714
90,2.0,0.7222217016049705,10911934,equity_garman_klass_variance,global,observation,2016-01-01,400,raw_history_2714
90,3.0,1.1946699966509746,10911934,equity_garman_klass_variance,global,observation,2016-01-01,400,raw_history_2714
90,4.0,2.696642782737937,10911934,equity_garman_klass_variance,global,observation,2016-01-01,400,raw_history_2714
91,1.0,0.6385051445633121,10909266,equity_garman_klass_variance,global,observation,2016-01-01,400,raw_history_2714
91,1.5,0.6433360374564006,10909266,equity_garman_klass_variance,global,observation,2016-01-01,400,raw_history_2714
91,2.0,0.7221037013154494,10909266,equity_garman_klass_variance,global,observation,2016-01-01,400,raw_history_2714
91,3.0,1.1937690388276274,10909266,equity_garman_klass_variance,global,observation,2016-01-01,400,raw_history_2714
91,4.0,2.695177107024973,10909266,equity_garman_klass_variance,global,observation,2016-01-01,400,raw_history_2714
92,1.0,0.6384277211717263,10906598,equity_garman_klass_variance,global,observation,2016-01-01,400,raw_history_2714
92,1.5,0.64317407890907,10906598,equity_garman_klass_variance,global,observation,2016-01-01,400,raw_history_2714
92,2.0,0.721840098551679,10906598,equity_garman_klass_variance,global,observation,2016-01-01,400,raw_history_2714
92,3.0,1.1931062400738874,10906598,equity_garman_klass_variance,global,observation,2016-01-01,400,raw_history_2714
92,4.0,2.691965505323195,10906598,equity_garman_klass_variance,global,observation,2016-01-01,400,raw_history_2714
93,1.0,0.6392617935803107,10903930,equity_garman_klass_variance,global,observation,2016-01-01,400,raw_history_2714
93,1.5,0.6443436153500489,10903930,equity_garman_klass_variance,global,observation,2016-01-01,400,raw_history_2714
93,2.0,0.7234631516169255,10903930,equity_garman_klass_variance,global,observation,2016-01-01,400,raw_history_2714
93,3.0,1.196472627100395,10903930,equity_garman_klass_variance,global,observation,2016-01-01,400,raw_history_2714
93,4.0,2.6998970047354303,10903930,equity_garman_klass_variance,global,observation,2016-01-01,400,raw_history_2714
94,1.0,0.6395342479627399,10901262,equity_garman_klass_variance,global,observation,2016-01-01,400,raw_history_2714
94,1.5,0.6446515405830863,10901262,equity_garman_klass_variance,global,observation,2016-01-01,400,raw_history_2714
94,2.0,0.7238004885883328,10901262,equity_garman_klass_variance,global,observation,2016-01-01,400,raw_history_2714
94,3.0,1.1969556150556728,10901262,equity_garman_klass_variance,global,observation,2016-01-01,400,raw_history_2714
94,4.0,2.702323668462575,10901262,equity_garman_klass_variance,global,observation,2016-01-01,400,raw_history_2714
95,1.0,0.6397654860863536,10898594,equity_garman_klass_variance,global,observation,2016-01-01,400,raw_history_2714
95,1.5,0.6450368493122829,10898594,equity_garman_klass_variance,global,observation,2016-01-01,400,raw_history_2714
95,2.0,0.724415024995728,10898594,equity_garman_klass_variance,global,observation,2016-01-01,400,raw_history_2714
95,3.0,1.1987126478465429,10898594,equity_garman_klass_variance,global,observation,2016-01-01,400,raw_history_2714
95,4.0,2.709541680537346,10898594,equity_garman_klass_variance,global,observation,2016-01-01,400,raw_history_2714
96,1.0,0.6399533383717164,10895926,equity_garman_klass_variance,global,observation,2016-01-01,400,raw_history_2714
96,1.5,0.6453120092243025,10895926,equity_garman_klass_variance,global,observation,2016-01-01,400,raw_history_2714
96,2.0,0.7247706203713066,10895926,equity_garman_klass_variance,global,observation,2016-01-01,400,raw_history_2714
96,3.0,1.198990666229252,10895926,equity_garman_klass_variance,global,observation,2016-01-01,400,raw_history_2714
96,4.0,2.7073070663121115,10895926,equity_garman_klass_variance,global,observation,2016-01-01,400,raw_history_2714
97,1.0,0.6401749226622729,10893258,equity_garman_klass_variance,global,observation,2016-01-01,400,raw_history_2714
97,1.5,0.6456228650502525,10893258,equity_garman_klass_variance,global,observation,2016-01-01,400,raw_history_2714
97,2.0,0.7252174280424599,10893258,equity_garman_klass_variance,global,observation,2016-01-01,400,raw_history_2714
97,3.0,1.200242921997805,10893258,equity_garman_klass_variance,global,observation,2016-01-01,400,raw_history_2714
97,4.0,2.7126894186026815,10893258,equity_garman_klass_variance,global,observation,2016-01-01,400,raw_history_2714
98,1.0,0.6404699857342288,10890590,equity_garman_klass_variance,global,observation,2016-01-01,400,raw_history_2714
98,1.5,0.6460062767774318,10890590,equity_garman_klass_variance,global,observation,2016-01-01,400,raw_history_2714
98,2.0,0.7257191374372851,10890590,equity_garman_klass_variance,global,observation,2016-01-01,400,raw_history_2714
98,3.0,1.2011409298242923,10890590,equity_garman_klass_variance,global,observation,2016-01-01,400,raw_history_2714
98,4.0,2.7137355586306864,10890590,equity_garman_klass_variance,global,observation,2016-01-01,400,raw_history_2714
99,1.0,0.6406243304018593,10887924,equity_garman_klass_variance,global,observation,2016-01-01,400,raw_history_2714
99,1.5,0.6461658816076027,10887924,equity_garman_klass_variance,global,observation,2016-01-01,400,raw_history_2714
99,2.0,0.7258190750298366,10887924,equity_garman_klass_variance,global,observation,2016-01-01,400,raw_history_2714
99,3.0,1.200575575166997,10887924,equity_garman_klass_variance,global,observation,2016-01-01,400,raw_history_2714
99,4.0,2.7095956739781624,10887924,equity_garman_klass_variance,global,observation,2016-01-01,400,raw_history_2714
100,1.0,0.6408243775021689,10885258,equity_garman_klass_variance,global,observation,2016-01-01,400,raw_history_2714
100,1.5,0.6463898437121505,10885258,equity_garman_klass_variance,global,observation,2016-01-01,400,raw_history_2714
100,2.0,0.7260771982443035,10885258,equity_garman_klass_variance,global,observation,2016-01-01,400,raw_history_2714
100,3.0,1.2008919878624829,10885258,equity_garman_klass_variance,global,observation,2016-01-01,400,raw_history_2714
100,4.0,2.708948022907924,10885258,equity_garman_klass_variance,global,observation,2016-01-01,400,raw_history_2714
101,1.0,0.6404849187124556,10882592,equity_garman_klass_variance,global,observation,2016-01-01,400,raw_history_2714
101,1.5,0.6461256033753042,10882592,equity_garman_klass_variance,global,observation,2016-01-01,400,raw_history_2714
101,2.0,0.725979339398345,10882592,equity_garman_klass_variance,global,observation,2016-01-01,400,raw_history_2714
101,3.0,1.2019078641473402,10882592,equity_garman_klass_variance,global,observation,2016-01-01,400,raw_history_2714
101,4.0,2.7161377223282934,10882592,equity_garman_klass_variance,global,observation,2016-01-01,400,raw_history_2714
102,1.0,0.6408405720409668,10879926,equity_garman_klass_variance,global,observation,2016-01-01,400,raw_history_2714
102,1.5,0.6464369911962635,10879926,equity_garman_klass_variance,global,observation,2016-01-01,400,raw_history_2714
102,2.0,0.7261736583506496,10879926,equity_garman_klass_variance,global,observation,2016-01-01,400,raw_history_2714
102,3.0,1.2011388897184914,10879926,equity_garman_klass_variance,global,observation,2016-01-01,400,raw_history_2714
102,4.0,2.7084530938131923,10879926,equity_garman_klass_variance,global,observation,2016-01-01,400,raw_history_2714
103,1.0,0.6412192588428414,10877260,equity_garman_klass_variance,global,observation,2016-01-01,400,raw_history_2714
103,1.5,0.6470084955862078,10877260,equity_garman_klass_variance,global,observation,2016-01-01,400,raw_history_2714
103,2.0,0.7270525679073936,10877260,equity_garman_klass_variance,global,observation,2016-01-01,400,raw_history_2714
103,3.0,1.203700061531052,10877260,equity_garman_klass_variance,global,observation,2016-01-01,400,raw_history_2714
103,4.0,2.71901060001265,10877260,equity_garman_klass_variance,global,observation,2016-01-01,400,raw_history_2714
104,1.0,0.6411598233768941,10874595,equity_garman_klass_variance,global,observation,2016-01-01,400,raw_history_2714
104,1.5,0.6469524506152018,10874595,equity_garman_klass_variance,global,observation,2016-01-01,400,raw_history_2714
104,2.0,0.7270065093142232,10874595,equity_garman_klass_variance,global,observation,2016-01-01,400,raw_history_2714
104,3.0,1.203416329741827,10874595,equity_garman_klass_variance,global,observation,2016-01-01,400,raw_history_2714
104,4.0,2.7151392988128578,10874595,equity_garman_klass_variance,global,observation,2016-01-01,400,raw_history_2714
105,1.0,0.6414205495660442,10871933,equity_garman_klass_variance,global,observation,2016-01-01,400,raw_history_2714
105,1.5,0.6473774067792266,10871933,equity_garman_klass_variance,global,observation,2016-01-01,400,raw_history_2714
105,2.0,0.7276345870857855,10871933,equity_garman_klass_variance,global,observation,2016-01-01,400,raw_history_2714
105,3.0,1.2048379592535674,10871933,equity_garman_klass_variance,global,observation,2016-01-01,400,raw_history_2714
105,4.0,2.720484535944203,10871933,equity_garman_klass_variance,global,observation,2016-01-01,400,raw_history_2714
106,1.0,0.6414321396638616,10869271,equity_garman_klass_variance,global,observation,2016-01-01,400,raw_history_2714
106,1.5,0.6475653974975247,10869271,equity_garman_klass_variance,global,observation,2016-01-01,400,raw_history_2714
106,2.0,0.7281390575224306,10869271,equity_garman_klass_variance,global,observation,2016-01-01,400,raw_history_2714
106,3.0,1.2068793269489313,10869271,equity_garman_klass_variance,global,observation,2016-01-01,400,raw_history_2714
106,4.0,2.728291780651423,10869271,equity_garman_klass_variance,global,observation,2016-01-01,400,raw_history_2714
107,1.0,0.6413956792823111,10866610,equity_garman_klass_variance,global,observation,2016-01-01,400,raw_history_2714
107,1.5,0.6475278939402584,10866610,equity_garman_klass_variance,global,observation,2016-01-01,400,raw_history_2714
107,2.0,0.7281159822941836,10866610,equity_garman_klass_variance,global,observation,2016-01-01,400,raw_history_2714
107,3.0,1.2070285941178283,10866610,equity_garman_klass_variance,global,observation,2016-01-01,400,raw_history_2714
107,4.0,2.7293073786647937,10866610,equity_garman_klass_variance,global,observation,2016-01-01,400,raw_history_2714
108,1.0,0.6422075031968715,10863950,equity_garman_klass_variance,global,observation,2016-01-01,400,raw_history_2714
108,1.5,0.6486024707469075,10863950,equity_garman_klass_variance,global,observation,2016-01-01,400,raw_history_2714
108,2.0,0.7295727185680433,10863950,equity_garman_klass_variance,global,observation,2016-01-01,400,raw_history_2714
108,3.0,1.2104450218328668,10863950,equity_garman_klass_variance,global,observation,2016-01-01,400,raw_history_2714
108,4.0,2.741057785350141,10863950,equity_garman_klass_variance,global,observation,2016-01-01,400,raw_history_2714
109,1.0,0.6422255199876012,10861291,equity_garman_klass_variance,global,observation,2016-01-01,400,raw_history_2714
109,1.5,0.6485996395120075,10861291,equity_garman_klass_variance,global,observation,2016-01-01,400,raw_history_2714
109,2.0,0.7294883393587528,10861291,equity_garman_klass_variance,global,observation,2016-01-01,400,raw_history_2714
109,3.0,1.209602119252092,10861291,equity_garman_klass_variance,global,observation,2016-01-01,400,raw_history_2714
109,4.0,2.7349328845938254,10861291,equity_garman_klass_variance,global,observation,2016-01-01,400,raw_history_2714
110,1.0,0.6423935157973814,10858632,equity_garman_klass_variance,global,observation,2016-01-01,400,raw_history_2714
110,1.5,0.6489918806611473,10858632,equity_garman_klass_variance,global,observation,2016-01-01,400,raw_history_2714
110,2.0,0.7302287205699735,10858632,equity_garman_klass_variance,global,observation,2016-01-01,400,raw_history_2714
110,3.0,1.211694163527643,10858632,equity_garman_klass_variance,global,observation,2016-01-01,400,raw_history_2714
110,4.0,2.739722651932019,10858632,equity_garman_klass_variance,global,observation,2016-01-01,400,raw_history_2714
111,1.0,0.6425562182479899,10855974,equity_garman_klass_variance,global,observation,2016-01-01,400,raw_history_2714
111,1.5,0.6491293766028962,10855974,equity_garman_klass_variance,global,observation,2016-01-01,400,raw_history_2714
111,2.0,0.7303016769519269,10855974,equity_garman_klass_variance,global,observation,2016-01-01,400,raw_history_2714
111,3.0,1.211564732724431,10855974,equity_garman_klass_variance,global,observation,2016-01-01,400,raw_history_2714
111,4.0,2.7402251752865943,10855974,equity_garman_klass_variance,global,observation,2016-01-01,400,raw_history_2714
112,1.0,0.6426777228266344,10853318,equity_garman_klass_variance,global,observation,2016-01-01,400,raw_history_2714
112,1.5,0.6493067990468425,10853318,equity_garman_klass_variance,global,observation,2016-01-01,400,raw_history_2714
112,2.0,0.7305353338920845,10853318,equity_garman_klass_variance,global,observation,2016-01-01,400,raw_history_2714
112,3.0,1.2117902951715083,10853318,equity_garman_klass_variance,global,observation,2016-01-01,400,raw_history_2714
112,4.0,2.7403241627311954,10853318,equity_garman_klass_variance,global,observation,2016-01-01,400,raw_history_2714
113,1.0,0.6430074377522422,10850662,equity_garman_klass_variance,global,observation,2016-01-01,400,raw_history_2714
113,1.5,0.6496384879487266,10850662,equity_garman_klass_variance,global,observation,2016-01-01,400,raw_history_2714
113,2.0,0.7308994215024226,10850662,equity_garman_klass_variance,global,observation,2016-01-01,400,raw_history_2714
113,3.0,1.2127334001555157,10850662,equity_garman_klass_variance,global,observation,2016-01-01,400,raw_history_2714
113,4.0,2.744258438123341,10850662,equity_garman_klass_variance,global,observation,2016-01-01,400,raw_history_2714
114,1.0,0.6427433919323625,10848007,equity_garman_klass_variance,global,observation,2016-01-01,400,raw_history_2714
114,1.5,0.6493922992075204,10848007,equity_garman_klass_variance,global,observation,2016-01-01,400,raw_history_2714
114,2.0,0.7307166458802731,10848007,equity_garman_klass_variance,global,observation,2016-01-01,400,raw_history_2714
114,3.0,1.212876017102149,10848007,equity_garman_klass_variance,global,observation,2016-01-01,400,raw_history_2714
114,4.0,2.7458107831323426,10848007,equity_garman_klass_variance,global,observation,2016-01-01,400,raw_history_2714
115,1.0,0.6430418642500513,10845352,equity_garman_klass_variance,global,observation,2016-01-01,400,raw_history_2714
115,1.5,0.6498181772808069,10845352,equity_garman_klass_variance,global,observation,2016-01-01,400,raw_history_2714
115,2.0,0.7313003439260403,10845352,equity_garman_klass_variance,global,observation,2016-01-01,400,raw_history_2714
115,3.0,1.2141262318615917,10845352,equity_garman_klass_variance,global,observation,2016-01-01,400,raw_history_2714
115,4.0,2.7492586607339407,10845352,equity_garman_klass_variance,global,observation,2016-01-01,400,raw_history_2714
116,1.0,0.6435771186151279,10842697,equity_garman_klass_variance,global,observation,2016-01-01,400,raw_history_2714
116,1.5,0.6505515349345344,10842697,equity_garman_klass_variance,global,observation,2016-01-01,400,raw_history_2714
116,2.0,0.7322811987532766,10842697,equity_garman_klass_variance,global,observation,2016-01-01,400,raw_history_2714
116,3.0,1.2156073850014297,10842697,equity_garman_klass_variance,global,observation,2016-01-01,400,raw_history_2714
116,4.0,2.7488456939967265,10842697,equity_garman_klass_variance,global,observation,2016-01-01,400,raw_history_2714
117,1.0,0.6437692921596335,10840043,equity_garman_klass_variance,global,observation,2016-01-01,400,raw_history_2714
117,1.5,0.650716541083981,10840043,equity_garman_klass_variance,global,observation,2016-01-01,400,raw_history_2714
117,2.0,0.7323345514565431,10840043,equity_garman_klass_variance,global,observation,2016-01-01,400,raw_history_2714
117,3.0,1.214847572804923,10840043,equity_garman_klass_variance,global,observation,2016-01-01,400,raw_history_2714
117,4.0,2.7449475437905466,10840043,equity_garman_klass_variance,global,observation,2016-01-01,400,raw_history_2714
118,1.0,0.643968170850473,10837392,equity_garman_klass_variance,global,observation,2016-01-01,400,raw_history_2714
118,1.5,0.651055729556558,10837392,equity_garman_klass_variance,global,observation,2016-01-01,400,raw_history_2714
118,2.0,0.7328901950506422,10837392,equity_garman_klass_variance,global,observation,2016-01-01,400,raw_history_2714
118,3.0,1.2165371899437485,10837392,equity_garman_klass_variance,global,observation,2016-01-01,400,raw_history_2714
118,4.0,2.750738120507505,10837392,equity_garman_klass_variance,global,observation,2016-01-01,400,raw_history_2714
119,1.0,0.6441255722832665,10834743,equity_garman_klass_variance,global,observation,2016-01-01,400,raw_history_2714
119,1.5,0.6513366956682497,10834743,equity_garman_klass_variance,global,observation,2016-01-01,400,raw_history_2714
119,2.0,0.733349667258183,10834743,equity_garman_klass_variance,global,observation,2016-01-01,400,raw_history_2714
119,3.0,1.2176637309190703,10834743,equity_garman_klass_variance,global,observation,2016-01-01,400,raw_history_2714
119,4.0,2.7539001630865516,10834743,equity_garman_klass_variance,global,observation,2016-01-01,400,raw_history_2714
120,1.0,0.6441865552500982,10832094,equity_garman_klass_variance,global,observation,2016-01-01,400,raw_history_2714
120,1.5,0.6515236754790429,10832094,equity_garman_klass_variance,global,observation,2016-01-01,400,raw_history_2714
120,2.0,0.7337090152455978,10832094,equity_garman_klass_variance,global,observation,2016-01-01,400,raw_history_2714
120,3.0,1.2185760200124445,10832094,equity_garman_klass_variance,global,observation,2016-01-01,400,raw_history_2714
120,4.0,2.756048722976608,10832094,equity_garman_klass_variance,global,observation,2016-01-01,400,raw_history_2714
121,1.0,0.6445607268695956,10829445,equity_garman_klass_variance,global,observation,2016-01-01,400,raw_history_2714
121,1.5,0.6520147713748395,10829445,equity_garman_klass_variance,global,observation,2016-01-01,400,raw_history_2714
121,2.0,0.7343790664288239,10829445,equity_garman_klass_variance,global,observation,2016-01-01,400,raw_history_2714
121,3.0,1.2202075306190567,10829445,equity_garman_klass_variance,global,observation,2016-01-01,400,raw_history_2714
121,4.0,2.761417758995556,10829445,equity_garman_klass_variance,global,observation,2016-01-01,400,raw_history_2714
122,1.0,0.6448985314270906,10826796,equity_garman_klass_variance,global,observation,2016-01-01,400,raw_history_2714
122,1.5,0.6523972011213629,10826796,equity_garman_klass_variance,global,observation,2016-01-01,400,raw_history_2714
122,2.0,0.734773553401862,10826796,equity_garman_klass_variance,global,observation,2016-01-01,400,raw_history_2714
122,3.0,1.2202935839955988,10826796,equity_garman_klass_variance,global,observation,2016-01-01,400,raw_history_2714
122,4.0,2.758854234759715,10826796,equity_garman_klass_variance,global,observation,2016-01-01,400,raw_history_2714
123,1.0,0.6450627839546086,10824147,equity_garman_klass_variance,global,observation,2016-01-01,400,raw_history_2714
123,1.5,0.6526815980505954,10824147,equity_garman_klass_variance,global,observation,2016-01-01,400,raw_history_2714
123,2.0,0.7352660258519949,10824147,equity_garman_klass_variance,global,observation,2016-01-01,400,raw_history_2714
123,3.0,1.222157883726782,10824147,equity_garman_klass_variance,global,observation,2016-01-01,400,raw_history_2714
123,4.0,2.768664998148623,10824147,equity_garman_klass_variance,global,observation,2016-01-01,400,raw_history_2714
124,1.0,0.6451553808677378,10821498,equity_garman_klass_variance,global,observation,2016-01-01,400,raw_history_2714
124,1.5,0.6528956832573625,10821498,equity_garman_klass_variance,global,observation,2016-01-01,400,raw_history_2714
124,2.0,0.7356809745000464,10821498,equity_garman_klass_variance,global,observation,2016-01-01,400,raw_history_2714
124,3.0,1.2231092573472486,10821498,equity_garman_klass_variance,global,observation,2016-01-01,400,raw_history_2714
124,4.0,2.7679354311788917,10821498,equity_garman_klass_variance,global,observation,2016-01-01,400,raw_history_2714
125,1.0,0.6451207617676593,10818850,equity_garman_klass_variance,global,observation,2016-01-01,400,raw_history_2714
125,1.5,0.6528939931673781,10818850,equity_garman_klass_variance,global,observation,2016-01-01,400,raw_history_2714
125,2.0,0.735780874831787,10818850,equity_garman_klass_variance,global,observation,2016-01-01,400,raw_history_2714
125,3.0,1.2242882589190816,10818850,equity_garman_klass_variance,global,observation,2016-01-01,400,raw_history_2714
125,4.0,2.7764514572947814,10818850,equity_garman_klass_variance,global,observation,2016-01-01,400,raw_history_2714
126,1.0,0.6455265797545704,10816203,equity_garman_klass_variance,global,observation,2016-01-01,400,raw_history_2714
126,1.5,0.6533392535279652,10816203,equity_garman_klass_variance,global,observation,2016-01-01,400,raw_history_2714
126,2.0,0.7361636401427155,10816203,equity_garman_klass_variance,global,observation,2016-01-01,400,raw_history_2714
126,3.0,1.2235023281451776,10816203,equity_garman_klass_variance,global,observation,2016-01-01,400,raw_history_2714
126,4.0,2.7672382401786497,10816203,equity_garman_klass_variance,global,observation,2016-01-01,400,raw_history_2714
127,1.0,0.6457686025345393,10813559,equity_garman_klass_variance,global,observation,2016-01-01,400,raw_history_2714
127,1.5,0.6537265837857748,10813559,equity_garman_klass_variance,global,observation,2016-01-01,400,raw_history_2714
127,2.0,0.7367574526029427,10813559,equity_garman_klass_variance,global,observation,2016-01-01,400,raw_history_2714
127,3.0,1.2252273829087896,10813559,equity_garman_klass_variance,global,observation,2016-01-01,400,raw_history_2714
127,4.0,2.775648679103534,10813559,equity_garman_klass_variance,global,observation,2016-01-01,400,raw_history_2714
128,1.0,0.6464906054879928,10810917,equity_garman_klass_variance,global,observation,2016-01-01,400,raw_history_2714
128,1.5,0.654693145685439,10810917,equity_garman_klass_variance,global,observation,2016-01-01,400,raw_history_2714
128,2.0,0.7380656072666842,10810917,equity_garman_klass_variance,global,observation,2016-01-01,400,raw_history_2714
128,3.0,1.228013473164832,10810917,equity_garman_klass_variance,global,observation,2016-01-01,400,raw_history_2714
128,4.0,2.7824943647426434,10810917,equity_garman_klass_variance,global,observation,2016-01-01,400,raw_history_2714
129,1.0,0.6467941442811881,10808277,equity_garman_klass_variance,global,observation,2016-01-01,400,raw_history_2714
129,1.5,0.6550944712709349,10808277,equity_garman_klass_variance,global,observation,2016-01-01,400,raw_history_2714
129,2.0,0.738581313850515,10808277,equity_garman_klass_variance,global,observation,2016-01-01,400,raw_history_2714
129,3.0,1.2287970855189545,10808277,equity_garman_klass_variance,global,observation,2016-01-01,400,raw_history_2714
129,4.0,2.78337969795805,10808277,equity_garman_klass_variance,global,observation,2016-01-01,400,raw_history_2714
130,1.0,0.6474555503938405,10805637,equity_garman_klass_variance,global,observation,2016-01-01,400,raw_history_2714
130,1.5,0.6559931394408798,10805637,equity_garman_klass_variance,global,observation,2016-01-01,400,raw_history_2714
130,2.0,0.7397641632097255,10805637,equity_garman_klass_variance,global,observation,2016-01-01,400,raw_history_2714
130,3.0,1.2307627825125613,10805637,equity_garman_klass_variance,global,observation,2016-01-01,400,raw_history_2714
130,4.0,2.7851306940457707,10805637,equity_garman_klass_variance,global,observation,2016-01-01,400,raw_history_2714
131,1.0,0.6482360768055061,10802997,equity_garman_klass_variance,global,observation,2016-01-01,400,raw_history_2714
131,1.5,0.6570458006998716,10802997,equity_garman_klass_variance,global,observation,2016-01-01,400,raw_history_2714
131,2.0,0.7411163794349587,10802997,equity_garman_klass_variance,global,observation,2016-01-01,400,raw_history_2714
131,3.0,1.2330173196286813,10802997,equity_garman_klass_variance,global,observation,2016-01-01,400,raw_history_2714
131,4.0,2.7893184221838725,10802997,equity_garman_klass_variance,global,observation,2016-01-01,400,raw_history_2714
132,1.0,0.6486836308927234,10800361,equity_garman_klass_variance,global,observation,2016-01-01,400,raw_history_2714
132,1.5,0.6576576234143819,10800361,equity_garman_klass_variance,global,observation,2016-01-01,400,raw_history_2714
132,2.0,0.7419689337394746,10800361,equity_garman_klass_variance,global,observation,2016-01-01,400,raw_history_2714
132,3.0,1.2346824579506928,10800361,equity_garman_klass_variance,global,observation,2016-01-01,400,raw_history_2714
132,4.0,2.790955104367811,10800361,equity_garman_klass_variance,global,observation,2016-01-01,400,raw_history_2714
133,1.0,0.6489040389895144,10797729,equity_garman_klass_variance,global,observation,2016-01-01,400,raw_history_2714
133,1.5,0.6580765476000953,10797729,equity_garman_klass_variance,global,observation,2016-01-01,400,raw_history_2714
133,2.0,0.7426565515430321,10797729,equity_garman_klass_variance,global,observation,2016-01-01,400,raw_history_2714
133,3.0,1.2366479167410496,10797729,equity_garman_klass_variance,global,observation,2016-01-01,400,raw_history_2714
133,4.0,2.7991402068294424,10797729,equity_garman_klass_variance,global,observation,2016-01-01,400,raw_history_2714
134,1.0,0.6490596532221793,10795098,equity_garman_klass_variance,global,observation,2016-01-01,400,raw_history_2714
134,1.5,0.6582543380275211,10795098,equity_garman_klass_variance,global,observation,2016-01-01,400,raw_history_2714
134,2.0,0.7428636975499627,10795098,equity_garman_klass_variance,global,observation,2016-01-01,400,raw_history_2714
134,3.0,1.2369222797048567,10795098,equity_garman_klass_variance,global,observation,2016-01-01,400,raw_history_2714
134,4.0,2.799094817471521,10795098,equity_garman_klass_variance,global,observation,2016-01-01,400,raw_history_2714
135,1.0,0.6493839309074607,10792467,equity_garman_klass_variance,global,observation,2016-01-01,400,raw_history_2714
135,1.5,0.6588014362195641,10792467,equity_garman_klass_variance,global,observation,2016-01-01,400,raw_history_2714
135,2.0,0.7437607115011725,10792467,equity_garman_klass_variance,global,observation,2016-01-01,400,raw_history_2714
135,3.0,1.2394300436395391,10792467,equity_garman_klass_variance,global,observation,2016-01-01,400,raw_history_2714
135,4.0,2.8074497193721832,10792467,equity_garman_klass_variance,global,observation,2016-01-01,400,raw_history_2714
136,1.0,0.6499625628851831,10789837,equity_garman_klass_variance,global,observation,2016-01-01,400,raw_history_2714
136,1.5,0.6595738958700599,10789837,equity_garman_klass_variance,global,observation,2016-01-01,400,raw_history_2714
136,2.0,0.7447225095612092,10789837,equity_garman_klass_variance,global,observation,2016-01-01,400,raw_history_2714
136,3.0,1.24072762526382,10789837,equity_garman_klass_variance,global,observation,2016-01-01,400,raw_history_2714
136,4.0,2.808513738823677,10789837,equity_garman_klass_variance,global,observation,2016-01-01,400,raw_history_2714
137,1.0,0.650474528680227,10787209,equity_garman_klass_variance,global,observation,2016-01-01,400,raw_history_2714
137,1.5,0.6602466743357178,10787209,equity_garman_klass_variance,global,observation,2016-01-01,400,raw_history_2714
137,2.0,0.7456785009999719,10787209,equity_garman_klass_variance,global,observation,2016-01-01,400,raw_history_2714
137,3.0,1.2432655170326128,10787209,equity_garman_klass_variance,global,observation,2016-01-01,400,raw_history_2714
137,4.0,2.816791434502057,10787209,equity_garman_klass_variance,global,observation,2016-01-01,400,raw_history_2714
138,1.0,0.6507371060178316,10784583,equity_garman_klass_variance,global,observation,2016-01-01,400,raw_history_2714
138,1.5,0.6605167658444268,10784583,equity_garman_klass_variance,global,observation,2016-01-01,400,raw_history_2714
138,2.0,0.7458001070697462,10784583,equity_garman_klass_variance,global,observation,2016-01-01,400,raw_history_2714
138,3.0,1.2414668022363322,10784583,equity_garman_klass_variance,global,observation,2016-01-01,400,raw_history_2714
138,4.0,2.8023449624165946,10784583,equity_garman_klass_variance,global,observation,2016-01-01,400,raw_history_2714
139,1.0,0.6510327644694367,10781958,equity_garman_klass_variance,global,observation,2016-01-01,400,raw_history_2714
139,1.5,0.6610270190605094,10781958,equity_garman_klass_variance,global,observation,2016-01-01,400,raw_history_2714
139,2.0,0.7466749389230423,10781958,equity_garman_klass_variance,global,observation,2016-01-01,400,raw_history_2714
139,3.0,1.2444697390046038,10781958,equity_garman_klass_variance,global,observation,2016-01-01,400,raw_history_2714
139,4.0,2.815275937394617,10781958,equity_garman_klass_variance,global,observation,2016-01-01,400,raw_history_2714
140,1.0,0.6510565319715607,10779334,equity_garman_klass_variance,global,observation,2016-01-01,400,raw_history_2714
140,1.5,0.6609930259806581,10779334,equity_garman_klass_variance,global,observation,2016-01-01,400,raw_history_2714
140,2.0,0.7465694188291536,10779334,equity_garman_klass_variance,global,observation,2016-01-01,400,raw_history_2714
140,3.0,1.2442612712132064,10779334,equity_garman_klass_variance,global,observation,2016-01-01,400,raw_history_2714
140,4.0,2.817199458816619,10779334,equity_garman_klass_variance,global,observation,2016-01-01,400,raw_history_2714
141,1.0,0.6513680450276111,10776710,equity_garman_klass_variance,global,observation,2016-01-01,400,raw_history_2714
141,1.5,0.6613918306200105,10776710,equity_garman_klass_variance,global,observation,2016-01-01,400,raw_history_2714
141,2.0,0.747037331831624,10776710,equity_garman_klass_variance,global,observation,2016-01-01,400,raw_history_2714
141,3.0,1.2445325544340649,10776710,equity_garman_klass_variance,global,observation,2016-01-01,400,raw_history_2714
141,4.0,2.8135991514068652,10776710,equity_garman_klass_variance,global,observation,2016-01-01,400,raw_history_2714
142,1.0,0.6518949768146874,10774088,equity_garman_klass_variance,global,observation,2016-01-01,400,raw_history_2714
142,1.5,0.6620993581996576,10774088,equity_garman_klass_variance,global,observation,2016-01-01,400,raw_history_2714
142,2.0,0.7479769754370101,10774088,equity_garman_klass_variance,global,observation,2016-01-01,400,raw_history_2714
142,3.0,1.2467210173348968,10774088,equity_garman_klass_variance,global,observation,2016-01-01,400,raw_history_2714
142,4.0,2.822489333918576,10774088,equity_garman_klass_variance,global,observation,2016-01-01,400,raw_history_2714
143,1.0,0.6522294721588734,10771466,equity_garman_klass_variance,global,observation,2016-01-01,400,raw_history_2714
143,1.5,0.6626234505304816,10771466,equity_garman_klass_variance,global,observation,2016-01-01,400,raw_history_2714
143,2.0,0.7487239330633523,10771466,equity_garman_klass_variance,global,observation,2016-01-01,400,raw_history_2714
143,3.0,1.2476536758561627,10771466,equity_garman_klass_variance,global,observation,2016-01-01,400,raw_history_2714
143,4.0,2.818507924467673,10771466,equity_garman_klass_variance,global,observation,2016-01-01,400,raw_history_2714
144,1.0,0.6523453528649171,10768845,equity_garman_klass_variance,global,observation,2016-01-01,400,raw_history_2714
144,1.5,0.6626598021171406,10768845,equity_garman_klass_variance,global,observation,2016-01-01,400,raw_history_2714
144,2.0,0.748604655848363,10768845,equity_garman_klass_variance,global,observation,2016-01-01,400,raw_history_2714
144,3.0,1.2466026078078207,10768845,equity_garman_klass_variance,global,observation,2016-01-01,400,raw_history_2714
144,4.0,2.8141503085650776,10768845,equity_garman_klass_variance,global,observation,2016-01-01,400,raw_history_2714
145,1.0,0.6524816937144399,10766224,equity_garman_klass_variance,global,observation,2016-01-01,400,raw_history_2714
145,1.5,0.6629070827707443,10766224,equity_garman_klass_variance,global,observation,2016-01-01,400,raw_history_2714
145,2.0,0.7491206830012952,10766224,equity_garman_klass_variance,global,observation,2016-01-01,400,raw_history_2714
145,3.0,1.2491834452674322,10766224,equity_garman_klass_variance,global,observation,2016-01-01,400,raw_history_2714
145,4.0,2.8268702382867317,10766224,equity_garman_klass_variance,global,observation,2016-01-01,400,raw_history_2714
146,1.0,0.6528925734337488,10763603,equity_garman_klass_variance,global,observation,2016-01-01,400,raw_history_2714
146,1.5,0.6634550465629243,10763603,equity_garman_klass_variance,global,observation,2016-01-01,400,raw_history_2714
146,2.0,0.7497960885074382,10763603,equity_garman_klass_variance,global,observation,2016-01-01,400,raw_history_2714
146,3.0,1.2501029984377034,10763603,equity_garman_klass_variance,global,observation,2016-01-01,400,raw_history_2714
146,4.0,2.827552170613241,10763603,equity_garman_klass_variance,global,observation,2016-01-01,400,raw_history_2714
147,1.0,0.6531299110502125,10760983,equity_garman_klass_variance,global,observation,2016-01-01,400,raw_history_2714
147,1.5,0.6638501403422322,10760983,equity_garman_klass_variance,global,observation,2016-01-01,400,raw_history_2714
147,2.0,0.7504310716913107,10760983,equity_garman_klass_variance,global,observation,2016-01-01,400,raw_history_2714
147,3.0,1.2518085882939134,10760983,equity_garman_klass_variance,global,observation,2016-01-01,400,raw_history_2714
147,4.0,2.8338088852634,10760983,equity_garman_klass_variance,global,observation,2016-01-01,400,raw_history_2714
148,1.0,0.6531127272014343,10758363,equity_garman_klass_variance,global,observation,2016-01-01,400,raw_history_2714
148,1.5,0.6638784674248916,10758363,equity_garman_klass_variance,global,observation,2016-01-01,400,raw_history_2714
148,2.0,0.7505526795047501,10758363,equity_garman_klass_variance,global,observation,2016-01-01,400,raw_history_2714
148,3.0,1.2525554949084685,10758363,equity_garman_klass_variance,global,observation,2016-01-01,400,raw_history_2714
148,4.0,2.837968244144015,10758363,equity_garman_klass_variance,global,observation,2016-01-01,400,raw_history_2714
149,1.0,0.653327532894144,10755743,equity_garman_klass_variance,global,observation,2016-01-01,400,raw_history_2714
149,1.5,0.6641614046755383,10755743,equity_garman_klass_variance,global,observation,2016-01-01,400,raw_history_2714
149,2.0,0.7508515385535963,10755743,equity_garman_klass_variance,global,observation,2016-01-01,400,raw_history_2714
149,3.0,1.252315496875371,10755743,equity_garman_klass_variance,global,observation,2016-01-01,400,raw_history_2714
149,4.0,2.8340427979689857,10755743,equity_garman_klass_variance,global,observation,2016-01-01,400,raw_history_2714
150,1.0,0.6538189572196619,10753125,equity_garman_klass_variance,global,observation,2016-01-01,400,raw_history_2714
150,1.5,0.6648503792299382,10753125,equity_garman_klass_variance,global,observation,2016-01-01,400,raw_history_2714
150,2.0,0.7518753032390242,10753125,equity_garman_klass_variance,global,observation,2016-01-01,400,raw_history_2714
150,3.0,1.2550993528327508,10753125,equity_garman_klass_variance,global,observation,2016-01-01,400,raw_history_2714
150,4.0,2.84217016249197,10753125,equity_garman_klass_variance,global,observation,2016-01-01,400,raw_history_2714
151,1.0,0.6542775396376541,10750507,equity_garman_klass_variance,global,observation,2016-01-01,400,raw_history_2714
151,1.5,0.665517544626288,10750507,equity_garman_klass_variance,global,observation,2016-01-01,400,raw_history_2714
151,2.0,0.7527658453697095,10750507,equity_garman_klass_variance,global,observation,2016-01-01,400,raw_history_2714
151,3.0,1.2564722182035548,10750507,equity_garman_klass_variance,global,observation,2016-01-01,400,raw_history_2714
151,4.0,2.8442693680512803,10750507,equity_garman_klass_variance,global,observation,2016-01-01,400,raw_history_2714
152,1.0,0.6545891401395291,10747889,equity_garman_klass_variance,global,observation,2016-01-01,400,raw_history_2714
152,1.5,0.6660149012635659,10747889,equity_garman_klass_variance,global,observation,2016-01-01,400,raw_history_2714
152,2.0,0.7535111463884954,10747889,equity_garman_klass_variance,global,observation,2016-01-01,400,raw_history_2714
152,3.0,1.2581660249442501,10747889,equity_garman_klass_variance,global,observation,2016-01-01,400,raw_history_2714
152,4.0,2.848596918697838,10747889,equity_garman_klass_variance,global,observation,2016-01-01,400,raw_history_2714
153,1.0,0.6546746397279978,10745271,equity_garman_klass_variance,global,observation,2016-01-01,400,raw_history_2714
153,1.5,0.6661813119710317,10745271,equity_garman_klass_variance,global,observation,2016-01-01,400,raw_history_2714
153,2.0,0.7538194573956204,10745271,equity_garman_klass_variance,global,observation,2016-01-01,400,raw_history_2714
153,3.0,1.259108618271503,10745271,equity_garman_klass_variance,global,observation,2016-01-01,400,raw_history_2714
153,4.0,2.851941888730459,10745271,equity_garman_klass_variance,global,observation,2016-01-01,400,raw_history_2714
154,1.0,0.6544345802169875,10742654,equity_garman_klass_variance,global,observation,2016-01-01,400,raw_history_2714
154,1.5,0.6658622962950369,10742654,equity_garman_klass_variance,global,observation,2016-01-01,400,raw_history_2714
154,2.0,0.7533869917856283,10742654,equity_garman_klass_variance,global,observation,2016-01-01,400,raw_history_2714
154,3.0,1.2580885579374381,10742654,equity_garman_klass_variance,global,observation,2016-01-01,400,raw_history_2714
154,4.0,2.847726708172612,10742654,equity_garman_klass_variance,global,observation,2016-01-01,400,raw_history_2714
155,1.0,0.6546191928584757,10740037,equity_garman_klass_variance,global,observation,2016-01-01,400,raw_history_2714
155,1.5,0.6660722565799043,10740037,equity_garman_klass_variance,global,observation,2016-01-01,400,raw_history_2714
155,2.0,0.7536321239172347,10740037,equity_garman_klass_variance,global,observation,2016-01-01,400,raw_history_2714
155,3.0,1.258549878739855,10740037,equity_garman_klass_variance,global,observation,2016-01-01,400,raw_history_2714
155,4.0,2.849277502519605,10740037,equity_garman_klass_variance,global,observation,2016-01-01,400,raw_history_2714
156,1.0,0.6545890590675717,10737421,equity_garman_klass_variance,global,observation,2016-01-01,400,raw_history_2714
156,1.5,0.6660601396535445,10737421,equity_garman_klass_variance,global,observation,2016-01-01,400,raw_history_2714
156,2.0,0.753608253376753,10737421,equity_garman_klass_variance,global,observation,2016-01-01,400,raw_history_2714
156,3.0,1.2580704518208496,10737421,equity_garman_klass_variance,global,observation,2016-01-01,400,raw_history_2714
156,4.0,2.844385098018113,10737421,equity_garman_klass_variance,global,observation,2016-01-01,400,raw_history_2714
157,1.0,0.6549711622044303,10734807,equity_garman_klass_variance,global,observation,2016-01-01,400,raw_history_2714
157,1.5,0.6665437649424356,10734807,equity_garman_klass_variance,global,observation,2016-01-01,400,raw_history_2714
157,2.0,0.7542768879060483,10734807,equity_garman_klass_variance,global,observation,2016-01-01,400,raw_history_2714
157,3.0,1.2600933967399084,10734807,equity_garman_klass_variance,global,observation,2016-01-01,400,raw_history_2714
157,4.0,2.8552743510669525,10734807,equity_garman_klass_variance,global,observation,2016-01-01,400,raw_history_2714
158,1.0,0.6552803899753441,10732193,equity_garman_klass_variance,global,observation,2016-01-01,400,raw_history_2714
158,1.5,0.6669712690544748,10732193,equity_garman_klass_variance,global,observation,2016-01-01,400,raw_history_2714
158,2.0,0.7549148604151171,10732193,equity_garman_klass_variance,global,observation,2016-01-01,400,raw_history_2714
158,3.0,1.2618444627043042,10732193,equity_garman_klass_variance,global,observation,2016-01-01,400,raw_history_2714
158,4.0,2.8611127803084635,10732193,equity_garman_klass_variance,global,observation,2016-01-01,400,raw_history_2714
159,1.0,0.6551250575658631,10729581,equity_garman_klass_variance,global,observation,2016-01-01,400,raw_history_2714
159,1.5,0.6667453055201541,10729581,equity_garman_klass_variance,global,observation,2016-01-01,400,raw_history_2714
159,2.0,0.7545009109072374,10729581,equity_garman_klass_variance,global,observation,2016-01-01,400,raw_history_2714
159,3.0,1.2597999904443389,10729581,equity_garman_klass_variance,global,observation,2016-01-01,400,raw_history_2714
159,4.0,2.8492467263077614,10729581,equity_garman_klass_variance,global,observation,2016-01-01,400,raw_history_2714
160,1.0,0.6551505871692657,10726970,equity_garman_klass_variance,global,observation,2016-01-01,400,raw_history_2714
160,1.5,0.6668904839181647,10726970,equity_garman_klass_variance,global,observation,2016-01-01,400,raw_history_2714
160,2.0,0.7548929770914304,10726970,equity_garman_klass_variance,global,observation,2016-01-01,400,raw_history_2714
160,3.0,1.262151686043783,10726970,equity_garman_klass_variance,global,observation,2016-01-01,400,raw_history_2714
160,4.0,2.8647034450936855,10726970,equity_garman_klass_variance,global,observation,2016-01-01,400,raw_history_2714
161,1.0,0.6557616414307124,10724361,equity_garman_klass_variance,global,observation,2016-01-01,400,raw_history_2714
161,1.5,0.6676620401475915,10724361,equity_garman_klass_variance,global,observation,2016-01-01,400,raw_history_2714
161,2.0,0.7558322189918553,10724361,equity_garman_klass_variance,global,observation,2016-01-01,400,raw_history_2714
161,3.0,1.2631719120371094,10724361,equity_garman_klass_variance,global,observation,2016-01-01,400,raw_history_2714
161,4.0,2.8608270047398894,10724361,equity_garman_klass_variance,global,observation,2016-01-01,400,raw_history_2714
162,1.0,0.6559716035381599,10721753,equity_garman_klass_variance,global,observation,2016-01-01,400,raw_history_2714
162,1.5,0.6680948812411612,10721753,equity_garman_klass_variance,global,observation,2016-01-01,400,raw_history_2714
162,2.0,0.756585884018702,10721753,equity_garman_klass_variance,global,observation,2016-01-01,400,raw_history_2714
162,3.0,1.2652493782694116,10721753,equity_garman_klass_variance,global,observation,2016-01-01,400,raw_history_2714
162,4.0,2.8663497570816747,10721753,equity_garman_klass_variance,global,observation,2016-01-01,400,raw_history_2714
163,1.0,0.6560497111448633,10719145,equity_garman_klass_variance,global,observation,2016-01-01,400,raw_history_2714
163,1.5,0.6681448032669138,10719145,equity_garman_klass_variance,global,observation,2016-01-01,400,raw_history_2714
163,2.0,0.7566240013894978,10719145,equity_garman_klass_variance,global,observation,2016-01-01,400,raw_history_2714
163,3.0,1.2653137950827016,10719145,equity_garman_klass_variance,global,observation,2016-01-01,400,raw_history_2714
163,4.0,2.8667042685899045,10719145,equity_garman_klass_variance,global,observation,2016-01-01,400,raw_history_2714
164,1.0,0.6563413945778576,10716537,equity_garman_klass_variance,global,observation,2016-01-01,400,raw_history_2714
164,1.5,0.6684648176582965,10716537,equity_garman_klass_variance,global,observation,2016-01-01,400,raw_history_2714
164,2.0,0.7569167030039523,10716537,equity_garman_klass_variance,global,observation,2016-01-01,400,raw_history_2714
164,3.0,1.2654238676116214,10716537,equity_garman_klass_variance,global,observation,2016-01-01,400,raw_history_2714
164,4.0,2.866925867748816,10716537,equity_garman_klass_variance,global,observation,2016-01-01,400,raw_history_2714
165,1.0,0.6562609336766212,10713929,equity_garman_klass_variance,global,observation,2016-01-01,400,raw_history_2714
165,1.5,0.6684759852140495,10713929,equity_garman_klass_variance,global,observation,2016-01-01,400,raw_history_2714
165,2.0,0.7570758809900923,10713929,equity_garman_klass_variance,global,observation,2016-01-01,400,raw_history_2714
165,3.0,1.2662316994940408,10713929,equity_garman_klass_variance,global,observation,2016-01-01,400,raw_history_2714
165,4.0,2.8704534025301625,10713929,equity_garman_klass_variance,global,observation,2016-01-01,400,raw_history_2714
166,1.0,0.6565984812270639,10711322,equity_garman_klass_variance,global,observation,2016-01-01,400,raw_history_2714
166,1.5,0.6687576448088087,10711322,equity_garman_klass_variance,global,observation,2016-01-01,400,raw_history_2714
166,2.0,0.7572222489043372,10711322,equity_garman_klass_variance,global,observation,2016-01-01,400,raw_history_2714
166,3.0,1.26544170888451,10711322,equity_garman_klass_variance,global,observation,2016-01-01,400,raw_history_2714
166,4.0,2.864839813327912,10711322,equity_garman_klass_variance,global,observation,2016-01-01,400,raw_history_2714
167,1.0,0.6566566535108211,10708716,equity_garman_klass_variance,global,observation,2016-01-01,400,raw_history_2714
167,1.5,0.6689282316870189,10708716,equity_garman_klass_variance,global,observation,2016-01-01,400,raw_history_2714
167,2.0,0.7575594805960559,10708716,equity_garman_klass_variance,global,observation,2016-01-01,400,raw_history_2714
167,3.0,1.2667806995714277,10708716,equity_garman_klass_variance,global,observation,2016-01-01,400,raw_history_2714
167,4.0,2.872460926608344,10708716,equity_garman_klass_variance,global,observation,2016-01-01,400,raw_history_2714
168,1.0,0.6568134610919336,10706110,equity_garman_klass_variance,global,observation,2016-01-01,400,raw_history_2714
168,1.5,0.6691780002287775,10706110,equity_garman_klass_variance,global,observation,2016-01-01,400,raw_history_2714
168,2.0,0.7580075712618158,10706110,equity_garman_klass_variance,global,observation,2016-01-01,400,raw_history_2714
168,3.0,1.2683677332778354,10706110,equity_garman_klass_variance,global,observation,2016-01-01,400,raw_history_2714
168,4.0,2.877389198066515,10706110,equity_garman_klass_variance,global,observation,2016-01-01,400,raw_history_2714
169,1.0,0.6573161377520822,10703505,equity_garman_klass_variance,global,observation,2016-01-01,400,raw_history_2714
169,1.5,0.6697849637835918,10703505,equity_garman_klass_variance,global,observation,2016-01-01,400,raw_history_2714
169,2.0,0.7586828937940309,10703505,equity_garman_klass_variance,global,observation,2016-01-01,400,raw_history_2714
169,3.0,1.268907667904512,10703505,equity_garman_klass_variance,global,observation,2016-01-01,400,raw_history_2714
169,4.0,2.876126294937279,10703505,equity_garman_klass_variance,global,observation,2016-01-01,400,raw_history_2714
170,1.0,0.6571807651470096,10700900,equity_garman_klass_variance,global,observation,2016-01-01,400,raw_history_2714
170,1.5,0.6696157858116634,10700900,equity_garman_klass_variance,global,observation,2016-01-01,400,raw_history_2714
170,2.0,0.7584779439930518,10700900,equity_garman_klass_variance,global,observation,2016-01-01,400,raw_history_2714
170,3.0,1.2685280244876564,10700900,equity_garman_klass_variance,global,observation,2016-01-01,400,raw_history_2714
170,4.0,2.8739092856010577,10700900,equity_garman_klass_variance,global,observation,2016-01-01,400,raw_history_2714
171,1.0,0.6572350830542478,10698295,equity_garman_klass_variance,global,observation,2016-01-01,400,raw_history_2714
171,1.5,0.669707702824593,10698295,equity_garman_klass_variance,global,observation,2016-01-01,400,raw_history_2714
171,2.0,0.7585812869977074,10698295,equity_garman_klass_variance,global,observation,2016-01-01,400,raw_history_2714
171,3.0,1.2686516733143145,10698295,equity_garman_klass_variance,global,observation,2016-01-01,400,raw_history_2714
171,4.0,2.8764155823527626,10698295,equity_garman_klass_variance,global,observation,2016-01-01,400,raw_history_2714
172,1.0,0.6573628796458393,10695690,equity_garman_klass_variance,global,observation,2016-01-01,400,raw_history_2714
172,1.5,0.6698244632815027,10695690,equity_garman_klass_variance,global,observation,2016-01-01,400,raw_history_2714
172,2.0,0.7586953029690964,10695690,equity_garman_klass_variance,global,observation,2016-01-01,400,raw_history_2714
172,3.0,1.2685733640492771,10695690,equity_garman_klass_variance,global,observation,2016-01-01,400,raw_history_2714
172,4.0,2.8725332473158622,10695690,equity_garman_klass_variance,global,observation,2016-01-01,400,raw_history_2714
173,1.0,0.6572859436804181,10693086,equity_garman_klass_variance,global,observation,2016-01-01,400,raw_history_2714
173,1.5,0.6697859326383647,10693086,equity_garman_klass_variance,global,observation,2016-01-01,400,raw_history_2714
173,2.0,0.7587307451695582,10693086,equity_garman_klass_variance,global,observation,2016-01-01,400,raw_history_2714
173,3.0,1.269054695843357,10693086,equity_garman_klass_variance,global,observation,2016-01-01,400,raw_history_2714
173,4.0,2.8746565926975247,10693086,equity_garman_klass_variance,global,observation,2016-01-01,400,raw_history_2714
174,1.0,0.6577560350317108,10690482,equity_garman_klass_variance,global,observation,2016-01-01,400,raw_history_2714
174,1.5,0.6703240485633346,10690482,equity_garman_klass_variance,global,observation,2016-01-01,400,raw_history_2714
174,2.0,0.7593425158448689,10690482,equity_garman_klass_variance,global,observation,2016-01-01,400,raw_history_2714
174,3.0,1.2700889621838118,10690482,equity_garman_klass_variance,global,observation,2016-01-01,400,raw_history_2714
174,4.0,2.878750678042082,10690482,equity_garman_klass_variance,global,observation,2016-01-01,400,raw_history_2714
175,1.0,0.6572075671477875,10687878,equity_garman_klass_variance,global,observation,2016-01-01,400,raw_history_2714
175,1.5,0.6695836531909729,10687878,equity_garman_klass_variance,global,observation,2016-01-01,400,raw_history_2714
175,2.0,0.7583301240849227,10687878,equity_garman_klass_variance,global,observation,2016-01-01,400,raw_history_2714
175,3.0,1.2677573192712093,10687878,equity_garman_klass_variance,global,observation,2016-01-01,400,raw_history_2714
175,4.0,2.871354529598487,10687878,equity_garman_klass_variance,global,observation,2016-01-01,400,raw_history_2714
176,1.0,0.6574205775622269,10685276,equity_garman_klass_variance,global,observation,2016-01-01,400,raw_history_2714
176,1.5,0.6700535134574553,10685276,equity_garman_klass_variance,global,observation,2016-01-01,400,raw_history_2714
176,2.0,0.759184877512796,10685276,equity_garman_klass_variance,global,observation,2016-01-01,400,raw_history_2714
176,3.0,1.270223062431017,10685276,equity_garman_klass_variance,global,observation,2016-01-01,400,raw_history_2714
176,4.0,2.8787347700137342,10685276,equity_garman_klass_variance,global,observation,2016-01-01,400,raw_history_2714
177,1.0,0.6574142184094207,10682674,equity_garman_klass_variance,global,observation,2016-01-01,400,raw_history_2714
177,1.5,0.6700292084745499,10682674,equity_garman_klass_variance,global,observation,2016-01-01,400,raw_history_2714
177,2.0,0.7591864894690812,10682674,equity_garman_klass_variance,global,observation,2016-01-01,400,raw_history_2714
177,3.0,1.270846802600307,10682674,equity_garman_klass_variance,global,observation,2016-01-01,400,raw_history_2714
177,4.0,2.884101773411605,10682674,equity_garman_klass_variance,global,observation,2016-01-01,400,raw_history_2714
178,1.0,0.6573458924256586,10680072,equity_garman_klass_variance,global,observation,2016-01-01,400,raw_history_2714
178,1.5,0.669864344444626,10680072,equity_garman_klass_variance,global,observation,2016-01-01,400,raw_history_2714
178,2.0,0.758844397390568,10680072,equity_garman_klass_variance,global,observation,2016-01-01,400,raw_history_2714
178,3.0,1.2693332619798232,10680072,equity_garman_klass_variance,global,observation,2016-01-01,400,raw_history_2714
178,4.0,2.8757409934744564,10680072,equity_garman_klass_variance,global,observation,2016-01-01,400,raw_history_2714
179,1.0,0.657677173020329,10677470,equity_garman_klass_variance,global,observation,2016-01-01,400,raw_history_2714
179,1.5,0.6703177870705107,10677470,equity_garman_klass_variance,global,observation,2016-01-01,400,raw_history_2714
179,2.0,0.759426512283099,10677470,equity_garman_klass_variance,global,observation,2016-01-01,400,raw_history_2714
179,3.0,1.270279660484314,10677470,equity_garman_klass_variance,global,observation,2016-01-01,400,raw_history_2714
179,4.0,2.877508641469902,10677470,equity_garman_klass_variance,global,observation,2016-01-01,400,raw_history_2714
180,1.0,0.6579137061202455,10674869,equity_garman_klass_variance,global,observation,2016-01-01,400,raw_history_2714
180,1.5,0.6706244498443561,10674869,equity_garman_klass_variance,global,observation,2016-01-01,400,raw_history_2714
180,2.0,0.759858697761261,10674869,equity_garman_klass_variance,global,observation,2016-01-01,400,raw_history_2714
180,3.0,1.2710033498044266,10674869,equity_garman_klass_variance,global,observation,2016-01-01,400,raw_history_2714
180,4.0,2.8759664355180323,10674869,equity_garman_klass_variance,global,observation,2016-01-01,400,raw_history_2714
181,1.0,0.657533025955782,10672269,equity_garman_klass_variance,global,observation,2016-01-01,400,raw_history_2714
181,1.5,0.670147585192888,10672269,equity_garman_klass_variance,global,observation,2016-01-01,400,raw_history_2714
181,2.0,0.7592722974054398,10672269,equity_garman_klass_variance,global,observation,2016-01-01,400,raw_history_2714
181,3.0,1.2702946421196566,10672269,equity_garman_klass_variance,global,observation,2016-01-01,400,raw_history_2714
181,4.0,2.8787514107200143,10672269,equity_garman_klass_variance,global,observation,2016-01-01,400,raw_history_2714
182,1.0,0.6574975079474997,10669671,equity_garman_klass_variance,global,observation,2016-01-01,400,raw_history_2714
182,1.5,0.6701371126628782,10669671,equity_garman_klass_variance,global,observation,2016-01-01,400,raw_history_2714
182,2.0,0.759362979321432,10669671,equity_garman_klass_variance,global,observation,2016-01-01,400,raw_history_2714
182,3.0,1.2714101384636871,10669671,equity_garman_klass_variance,global,observation,2016-01-01,400,raw_history_2714
182,4.0,2.885163076225984,10669671,equity_garman_klass_variance,global,observation,2016-01-01,400,raw_history_2714
183,1.0,0.6576104958159711,10667076,equity_garman_klass_variance,global,observation,2016-01-01,400,raw_history_2714
183,1.5,0.6703724499351927,10667076,equity_garman_klass_variance,global,observation,2016-01-01,400,raw_history_2714
183,2.0,0.7597966967101992,10667076,equity_garman_klass_variance,global,observation,2016-01-01,400,raw_history_2714
183,3.0,1.2727499223728174,10667076,equity_garman_klass_variance,global,observation,2016-01-01,400,raw_history_2714
183,4.0,2.889581469272072,10667076,equity_garman_klass_variance,global,observation,2016-01-01,400,raw_history_2714
184,1.0,0.657727787601815,10664482,equity_garman_klass_variance,global,observation,2016-01-01,400,raw_history_2714
184,1.5,0.6704822674685557,10664482,equity_garman_klass_variance,global,observation,2016-01-01,400,raw_history_2714
184,2.0,0.7599013473724292,10664482,equity_garman_klass_variance,global,observation,2016-01-01,400,raw_history_2714
184,3.0,1.2728688814304352,10664482,equity_garman_klass_variance,global,observation,2016-01-01,400,raw_history_2714
184,4.0,2.889061725470859,10664482,equity_garman_klass_variance,global,observation,2016-01-01,400,raw_history_2714
185,1.0,0.6578550255218268,10661888,equity_garman_klass_variance,global,observation,2016-01-01,400,raw_history_2714
185,1.5,0.6707884199842576,10661888,equity_garman_klass_variance,global,observation,2016-01-01,400,raw_history_2714
185,2.0,0.7604762491769682,10661888,equity_garman_klass_variance,global,observation,2016-01-01,400,raw_history_2714
185,3.0,1.2744769338970123,10661888,equity_garman_klass_variance,global,observation,2016-01-01,400,raw_history_2714
185,4.0,2.8925504919085605,10661888,equity_garman_klass_variance,global,observation,2016-01-01,400,raw_history_2714
186,1.0,0.6578016948379987,10659294,equity_garman_klass_variance,global,observation,2016-01-01,400,raw_history_2714
186,1.5,0.6706663359772248,10659294,equity_garman_klass_variance,global,observation,2016-01-01,400,raw_history_2714
186,2.0,0.7602150161130499,10659294,equity_garman_klass_variance,global,observation,2016-01-01,400,raw_history_2714
186,3.0,1.273497776364073,10659294,equity_garman_klass_variance,global,observation,2016-01-01,400,raw_history_2714
186,4.0,2.8902200951951413,10659294,equity_garman_klass_variance,global,observation,2016-01-01,400,raw_history_2714
187,1.0,0.6576647713333602,10656701,equity_garman_klass_variance,global,observation,2016-01-01,400,raw_history_2714
187,1.5,0.6704258954404428,10656701,equity_garman_klass_variance,global,observation,2016-01-01,400,raw_history_2714
187,2.0,0.7597827640270938,10656701,equity_garman_klass_variance,global,observation,2016-01-01,400,raw_history_2714
187,3.0,1.2718572853871755,10656701,equity_garman_klass_variance,global,observation,2016-01-01,400,raw_history_2714
187,4.0,2.882759864863777,10656701,equity_garman_klass_variance,global,observation,2016-01-01,400,raw_history_2714
188,1.0,0.6577055967099126,10654108,equity_garman_klass_variance,global,observation,2016-01-01,400,raw_history_2714
188,1.5,0.670540045478818,10654108,equity_garman_klass_variance,global,observation,2016-01-01,400,raw_history_2714
188,2.0,0.7600254539924471,10654108,equity_garman_klass_variance,global,observation,2016-01-01,400,raw_history_2714
188,3.0,1.2727540878395325,10654108,equity_garman_klass_variance,global,observation,2016-01-01,400,raw_history_2714
188,4.0,2.8864178277786094,10654108,equity_garman_klass_variance,global,observation,2016-01-01,400,raw_history_2714
189,1.0,0.6583928374851219,10651515,equity_garman_klass_variance,global,observation,2016-01-01,400,raw_history_2714
189,1.5,0.6714111581020341,10651515,equity_garman_klass_variance,global,observation,2016-01-01,400,raw_history_2714
189,2.0,0.7610542078284115,10651515,equity_garman_klass_variance,global,observation,2016-01-01,400,raw_history_2714
189,3.0,1.2740276229122984,10651515,equity_garman_klass_variance,global,observation,2016-01-01,400,raw_history_2714
189,4.0,2.8881929646854783,10651515,equity_garman_klass_variance,global,observation,2016-01-01,400,raw_history_2714
190,1.0,0.6590847522158637,10648922,equity_garman_klass_variance,global,observation,2016-01-01,400,raw_history_2714
190,1.5,0.6724358858958942,10648922,equity_garman_klass_variance,global,observation,2016-01-01,400,raw_history_2714
190,2.0,0.7625854169031484,10648922,equity_garman_klass_variance,global,observation,2016-01-01,400,raw_history_2714
190,3.0,1.277823523520509,10648922,equity_garman_klass_variance,global,observation,2016-01-01,400,raw_history_2714
190,4.0,2.898455881700475,10648922,equity_garman_klass_variance,global,observation,2016-01-01,400,raw_history_2714
191,1.0,0.659681072831145,10646330,equity_garman_klass_variance,global,observation,2016-01-01,400,raw_history_2714
191,1.5,0.6732233073624276,10646330,equity_garman_klass_variance,global,observation,2016-01-01,400,raw_history_2714
191,2.0,0.7636032624344139,10646330,equity_garman_klass_variance,global,observation,2016-01-01,400,raw_history_2714
191,3.0,1.279490919433861,10646330,equity_garman_klass_variance,global,observation,2016-01-01,400,raw_history_2714
191,4.0,2.9005761488677964,10646330,equity_garman_klass_variance,global,observation,2016-01-01,400,raw_history_2714
192,1.0,0.6599237405853774,10643739,equity_garman_klass_variance,global,observation,2016-01-01,400,raw_history_2714
192,1.5,0.6736809451371313,10643739,equity_garman_klass_variance,global,observation,2016-01-01,400,raw_history_2714
192,2.0,0.7644059385289276,10643739,equity_garman_klass_variance,global,observation,2016-01-01,400,raw_history_2714
192,3.0,1.2820387464208922,10643739,equity_garman_klass_variance,global,observation,2016-01-01,400,raw_history_2714
192,4.0,2.909897220332655,10643739,equity_garman_klass_variance,global,observation,2016-01-01,400,raw_history_2714
193,1.0,0.6602076539990089,10641148,equity_garman_klass_variance,global,observation,2016-01-01,400,raw_history_2714
193,1.5,0.6740849406090628,10641148,equity_garman_klass_variance,global,observation,2016-01-01,400,raw_history_2714
193,2.0,0.7649584005513987,10641148,equity_garman_klass_variance,global,observation,2016-01-01,400,raw_history_2714
193,3.0,1.282763355538052,10641148,equity_garman_klass_variance,global,observation,2016-01-01,400,raw_history_2714
193,4.0,2.9082124412399635,10641148,equity_garman_klass_variance,global,observation,2016-01-01,400,raw_history_2714
194,1.0,0.6606724932780068,10638559,equity_garman_klass_variance,global,observation,2016-01-01,400,raw_history_2714
194,1.5,0.6746794851888379,10638559,equity_garman_klass_variance,global,observation,2016-01-01,400,raw_history_2714
194,2.0,0.7657238557228991,10638559,equity_garman_klass_variance,global,observation,2016-01-01,400,raw_history_2714
194,3.0,1.284591745848972,10638559,equity_garman_klass_variance,global,observation,2016-01-01,400,raw_history_2714
194,4.0,2.9164909163120503,10638559,equity_garman_klass_variance,global,observation,2016-01-01,400,raw_history_2714
195,1.0,0.6614409844473209,10635971,equity_garman_klass_variance,global,observation,2016-01-01,400,raw_history_2714
195,1.5,0.6758089281025069,10635971,equity_garman_klass_variance,global,observation,2016-01-01,400,raw_history_2714
195,2.0,0.7672710904174485,10635971,equity_garman_klass_variance,global,observation,2016-01-01,400,raw_history_2714
195,3.0,1.2868591319577645,10635971,equity_garman_klass_variance,global,observation,2016-01-01,400,raw_history_2714
195,4.0,2.9147896761654253,10635971,equity_garman_klass_variance,global,observation,2016-01-01,400,raw_history_2714
196,1.0,0.6618611990930401,10633384,equity_garman_klass_variance,global,observation,2016-01-01,400,raw_history_2714
196,1.5,0.676440420464295,10633384,equity_garman_klass_variance,global,observation,2016-01-01,400,raw_history_2714
196,2.0,0.7682168256434173,10633384,equity_garman_klass_variance,global,observation,2016-01-01,400,raw_history_2714
196,3.0,1.289392842220074,10633384,equity_garman_klass_variance,global,observation,2016-01-01,400,raw_history_2714
196,4.0,2.9247844943128682,10633384,equity_garman_klass_variance,global,observation,2016-01-01,400,raw_history_2714
197,1.0,0.6620892581562002,10630798,equity_garman_klass_variance,global,observation,2016-01-01,400,raw_history_2714
197,1.5,0.6767795966735173,10630798,equity_garman_klass_variance,global,observation,2016-01-01,400,raw_history_2714
197,2.0,0.7686774528805884,10630798,equity_garman_klass_variance,global,observation,2016-01-01,400,raw_history_2714
197,3.0,1.2900235893909657,10630798,equity_garman_klass_variance,global,observation,2016-01-01,400,raw_history_2714
197,4.0,2.924648033737108,10630798,equity_garman_klass_variance,global,observation,2016-01-01,400,raw_history_2714
198,1.0,0.6621987462941265,10628213,equity_garman_klass_variance,global,observation,2016-01-01,400,raw_history_2714
198,1.5,0.6769917731691895,10628213,equity_garman_klass_variance,global,observation,2016-01-01,400,raw_history_2714
198,2.0,0.7690874088818532,10628213,equity_garman_klass_variance,global,observation,2016-01-01,400,raw_history_2714
198,3.0,1.2917950921336843,10628213,equity_garman_klass_variance,global,observation,2016-01-01,400,raw_history_2714
198,4.0,2.9332463928882273,10628213,equity_garman_klass_variance,global,observation,2016-01-01,400,raw_history_2714
199,1.0,0.6625887938702261,10625628,equity_garman_klass_variance,global,observation,2016-01-01,400,raw_history_2714
199,1.5,0.6776352277521429,10625628,equity_garman_klass_variance,global,observation,2016-01-01,400,raw_history_2714
199,2.0,0.7701158509936106,10625628,equity_garman_klass_variance,global,observation,2016-01-01,400,raw_history_2714
199,3.0,1.2942234522826905,10625628,equity_garman_klass_variance,global,observation,2016-01-01,400,raw_history_2714
199,4.0,2.9376827238777725,10625628,equity_garman_klass_variance,global,observation,2016-01-01,400,raw_history_2714
200,1.0,0.6626932753369487,10623043,equity_garman_klass_variance,global,observation,2016-01-01,400,raw_history_2714
200,1.5,0.6777617294489428,10623043,equity_garman_klass_variance,global,observation,2016-01-01,400,raw_history_2714
200,2.0,0.7702287939670031,10623043,equity_garman_klass_variance,global,observation,2016-01-01,400,raw_history_2714
200,3.0,1.2942064849222825,10623043,equity_garman_klass_variance,global,observation,2016-01-01,400,raw_history_2714
200,4.0,2.938572943321638,10623043,equity_garman_klass_variance,global,observation,2016-01-01,400,raw_history_2714
201,1.0,0.6630310220395245,10620459,equity_garman_klass_variance,global,observation,2016-01-01,400,raw_history_2714
201,1.5,0.6782178292566973,10620459,equity_garman_klass_variance,global,observation,2016-01-01,400,raw_history_2714
201,2.0,0.7708171696086156,10620459,equity_garman_klass_variance,global,observation,2016-01-01,400,raw_history_2714
201,3.0,1.2951592698509324,10620459,equity_garman_klass_variance,global,observation,2016-01-01,400,raw_history_2714
201,4.0,2.9389283806628814,10620459,equity_garman_klass_variance,global,observation,2016-01-01,400,raw_history_2714
202,1.0,0.6631458196978623,10617875,equity_garman_klass_variance,global,observation,2016-01-01,400,raw_history_2714
202,1.5,0.6784696191018074,10617875,equity_garman_klass_variance,global,observation,2016-01-01,400,raw_history_2714
202,2.0,0.7713425446166685,10617875,equity_garman_klass_variance,global,observation,2016-01-01,400,raw_history_2714
202,3.0,1.297478302833339,10617875,equity_garman_klass_variance,global,observation,2016-01-01,400,raw_history_2714
202,4.0,2.9507407615905876,10617875,equity_garman_klass_variance,global,observation,2016-01-01,400,raw_history_2714
203,1.0,0.6633403120597569,10615291,equity_garman_klass_variance,global,observation,2016-01-01,400,raw_history_2714
203,1.5,0.6788157257303741,10615291,equity_garman_klass_variance,global,observation,2016-01-01,400,raw_history_2714
203,2.0,0.7718797470622245,10615291,equity_garman_klass_variance,global,observation,2016-01-01,400,raw_history_2714
203,3.0,1.2988562321197585,10615291,equity_garman_klass_variance,global,observation,2016-01-01,400,raw_history_2714
203,4.0,2.9573697787779145,10615291,equity_garman_klass_variance,global,observation,2016-01-01,400,raw_history_2714
204,1.0,0.663595386441625,10612707,equity_garman_klass_variance,global,observation,2016-01-01,400,raw_history_2714
204,1.5,0.6791226613043582,10612707,equity_garman_klass_variance,global,observation,2016-01-01,400,raw_history_2714
204,2.0,0.7722180502611234,10612707,equity_garman_klass_variance,global,observation,2016-01-01,400,raw_history_2714
204,3.0,1.298675668282981,10612707,equity_garman_klass_variance,global,observation,2016-01-01,400,raw_history_2714
204,4.0,2.950559078121849,10612707,equity_garman_klass_variance,global,observation,2016-01-01,400,raw_history_2714
205,1.0,0.6640480255773945,10610123,equity_garman_klass_variance,global,observation,2016-01-01,400,raw_history_2714
205,1.5,0.679589909803667,10610123,equity_garman_klass_variance,global,observation,2016-01-01,400,raw_history_2714
205,2.0,0.7726069102988662,10610123,equity_garman_klass_variance,global,observation,2016-01-01,400,raw_history_2714
205,3.0,1.2982231990302573,10610123,equity_garman_klass_variance,global,observation,2016-01-01,400,raw_history_2714
205,4.0,2.9449818838466695,10610123,equity_garman_klass_variance,global,observation,2016-01-01,400,raw_history_2714
206,1.0,0.6642314642489812,10607539,equity_garman_klass_variance,global,observation,2016-01-01,400,raw_history_2714
206,1.5,0.67988652796833,10607539,equity_garman_klass_variance,global,observation,2016-01-01,400,raw_history_2714
206,2.0,0.7730509965104906,10607539,equity_garman_klass_variance,global,observation,2016-01-01,400,raw_history_2714
206,3.0,1.299095501600575,10607539,equity_garman_klass_variance,global,observation,2016-01-01,400,raw_history_2714
206,4.0,2.9463578330969833,10607539,equity_garman_klass_variance,global,observation,2016-01-01,400,raw_history_2714
207,1.0,0.6647580906689973,10604956,equity_garman_klass_variance,global,observation,2016-01-01,400,raw_history_2714
207,1.5,0.6807255046007628,10604956,equity_garman_klass_variance,global,observation,2016-01-01,400,raw_history_2714
207,2.0,0.7743925809638214,10604956,equity_garman_klass_variance,global,observation,2016-01-01,400,raw_history_2714
207,3.0,1.303020553833714,10604956,equity_garman_klass_variance,global,observation,2016-01-01,400,raw_history_2714
207,4.0,2.9601031277924736,10604956,equity_garman_klass_variance,global,observation,2016-01-01,400,raw_history_2714
208,1.0,0.6647778577994221,10602374,equity_garman_klass_variance,global,observation,2016-01-01,400,raw_history_2714
208,1.5,0.6807409274758567,10602374,equity_garman_klass_variance,global,observation,2016-01-01,400,raw_history_2714
208,2.0,0.7743508191087065,10602374,equity_garman_klass_variance,global,observation,2016-01-01,400,raw_history_2714
208,3.0,1.3022153869319926,10602374,equity_garman_klass_variance,global,observation,2016-01-01,400,raw_history_2714
208,4.0,2.9550014841474637,10602374,equity_garman_klass_variance,global,observation,2016-01-01,400,raw_history_2714
209,1.0,0.6651795090338425,10599792,equity_garman_klass_variance,global,observation,2016-01-01,400,raw_history_2714
209,1.5,0.6812511465973135,10599792,equity_garman_klass_variance,global,observation,2016-01-01,400,raw_history_2714
209,2.0,0.7749909654075129,10599792,equity_garman_klass_variance,global,observation,2016-01-01,400,raw_history_2714
209,3.0,1.3033444297034054,10599792,equity_garman_klass_variance,global,observation,2016-01-01,400,raw_history_2714
209,4.0,2.9573327529873072,10599792,equity_garman_klass_variance,global,observation,2016-01-01,400,raw_history_2714
210,1.0,0.6658805761820522,10597210,equity_garman_klass_variance,global,observation,2016-01-01,400,raw_history_2714
210,1.5,0.6821074664244968,10597210,equity_garman_klass_variance,global,observation,2016-01-01,400,raw_history_2714
210,2.0,0.7759683574257499,10597210,equity_garman_klass_variance,global,observation,2016-01-01,400,raw_history_2714
210,3.0,1.3043717642680077,10597210,equity_garman_klass_variance,global,observation,2016-01-01,400,raw_history_2714
210,4.0,2.956750481134213,10597210,equity_garman_klass_variance,global,observation,2016-01-01,400,raw_history_2714
211,1.0,0.665687713143095,10594628,equity_garman_klass_variance,global,observation,2016-01-01,400,raw_history_2714
211,1.5,0.681873212571437,10594628,equity_garman_klass_variance,global,observation,2016-01-01,400,raw_history_2714
211,2.0,0.7756950694888037,10594628,equity_garman_klass_variance,global,observation,2016-01-01,400,raw_history_2714
211,3.0,1.304095803173285,10594628,equity_garman_klass_variance,global,observation,2016-01-01,400,raw_history_2714
211,4.0,2.957073345812386,10594628,equity_garman_klass_variance,global,observation,2016-01-01,400,raw_history_2714
212,1.0,0.6659477516777774,10592046,equity_garman_klass_variance,global,observation,2016-01-01,400,raw_history_2714
212,1.5,0.6823298828898345,10592046,equity_garman_klass_variance,global,observation,2016-01-01,400,raw_history_2714
212,2.0,0.7764507583038448,10592046,equity_garman_klass_variance,global,observation,2016-01-01,400,raw_history_2714
212,3.0,1.3061130161245549,10592046,equity_garman_klass_variance,global,observation,2016-01-01,400,raw_history_2714
212,4.0,2.962960195444309,10592046,equity_garman_klass_variance,global,observation,2016-01-01,400,raw_history_2714
213,1.0,0.6663080628435335,10589465,equity_garman_klass_variance,global,observation,2016-01-01,400,raw_history_2714
213,1.5,0.6827518435654811,10589465,equity_garman_klass_variance,global,observation,2016-01-01,400,raw_history_2714
213,2.0,0.7769219221423377,10589465,equity_garman_klass_variance,global,observation,2016-01-01,400,raw_history_2714
213,3.0,1.3065356365810912,10589465,equity_garman_klass_variance,global,observation,2016-01-01,400,raw_history_2714
213,4.0,2.9623945769670987,10589465,equity_garman_klass_variance,global,observation,2016-01-01,400,raw_history_2714
214,1.0,0.6664773040044955,10586884,equity_garman_klass_variance,global,observation,2016-01-01,400,raw_history_2714
214,1.5,0.6829451260423246,10586884,equity_garman_klass_variance,global,observation,2016-01-01,400,raw_history_2714
214,2.0,0.7771473713042607,10586884,equity_garman_klass_variance,global,observation,2016-01-01,400,raw_history_2714
214,3.0,1.3071498099397316,10586884,equity_garman_klass_variance,global,observation,2016-01-01,400,raw_history_2714
214,4.0,2.965832347858117,10586884,equity_garman_klass_variance,global,observation,2016-01-01,400,raw_history_2714
215,1.0,0.6665265254586258,10584303,equity_garman_klass_variance,global,observation,2016-01-01,400,raw_history_2714
215,1.5,0.6831173163173668,10584303,equity_garman_klass_variance,global,observation,2016-01-01,400,raw_history_2714
215,2.0,0.7774930101082664,10584303,equity_garman_klass_variance,global,observation,2016-01-01,400,raw_history_2714
215,3.0,1.3077254751735676,10584303,equity_garman_klass_variance,global,observation,2016-01-01,400,raw_history_2714
215,4.0,2.9626790300845776,10584303,equity_garman_klass_variance,global,observation,2016-01-01,400,raw_history_2714
216,1.0,0.6666444394575679,10581722,equity_garman_klass_variance,global,observation,2016-01-01,400,raw_history_2714
216,1.5,0.6833008526129802,10581722,equity_garman_klass_variance,global,observation,2016-01-01,400,raw_history_2714
216,2.0,0.777776361297557,10581722,equity_garman_klass_variance,global,observation,2016-01-01,400,raw_history_2714
216,3.0,1.30878992180324,10581722,equity_garman_klass_variance,global,observation,2016-01-01,400,raw_history_2714
216,4.0,2.970481892230512,10581722,equity_garman_klass_variance,global,observation,2016-01-01,400,raw_history_2714
217,1.0,0.6666658105612405,10579141,equity_garman_klass_variance,global,observation,2016-01-01,400,raw_history_2714
217,1.5,0.6833363862498095,10579141,equity_garman_klass_variance,global,observation,2016-01-01,400,raw_history_2714
217,2.0,0.7778375048462862,10579141,equity_garman_klass_variance,global,observation,2016-01-01,400,raw_history_2714
217,3.0,1.3088947900268566,10579141,equity_garman_klass_variance,global,observation,2016-01-01,400,raw_history_2714
217,4.0,2.9696625111108212,10579141,equity_garman_klass_variance,global,observation,2016-01-01,400,raw_history_2714
218,1.0,0.6666614478547005,10576560,equity_garman_klass_variance,global,observation,2016-01-01,400,raw_history_2714
218,1.5,0.6832941366980984,10576560,equity_garman_klass_variance,global,observation,2016-01-01,400,raw_history_2714
218,2.0,0.7777777268428243,10576560,equity_garman_klass_variance,global,observation,2016-01-01,400,raw_history_2714
218,3.0,1.3091901927735985,10576560,equity_garman_klass_variance,global,observation,2016-01-01,400,raw_history_2714
218,4.0,2.9729950790159987,10576560,equity_garman_klass_variance,global,observation,2016-01-01,400,raw_history_2714
219,1.0,0.6668202300776186,10573979,equity_garman_klass_variance,global,observation,2016-01-01,400,raw_history_2714
219,1.5,0.6835843411467658,10573979,equity_garman_klass_variance,global,observation,2016-01-01,400,raw_history_2714
219,2.0,0.7782125674517282,10573979,equity_garman_klass_variance,global,observation,2016-01-01,400,raw_history_2714
219,3.0,1.3098889317371991,10573979,equity_garman_klass_variance,global,observation,2016-01-01,400,raw_history_2714
219,4.0,2.9729570790554956,10573979,equity_garman_klass_variance,global,observation,2016-01-01,400,raw_history_2714
220,1.0,0.6675449397391547,10571398,equity_garman_klass_variance,global,observation,2016-01-01,400,raw_history_2714
220,1.5,0.6845501735189683,10571398,equity_garman_klass_variance,global,observation,2016-01-01,400,raw_history_2714
220,2.0,0.7794921202848789,10571398,equity_garman_klass_variance,global,observation,2016-01-01,400,raw_history_2714
220,3.0,1.3122371446287597,10571398,equity_garman_klass_variance,global,observation,2016-01-01,400,raw_history_2714
220,4.0,2.9771882917007084,10571398,equity_garman_klass_variance,global,observation,2016-01-01,400,raw_history_2714
221,1.0,0.6677423189947206,10568817,equity_garman_klass_variance,global,observation,2016-01-01,400,raw_history_2714
221,1.5,0.6847519229547088,10568817,equity_garman_klass_variance,global,observation,2016-01-01,400,raw_history_2714
221,2.0,0.779682114477926,10568817,equity_garman_klass_variance,global,observation,2016-01-01,400,raw_history_2714
221,3.0,1.3124250020060146,10568817,equity_garman_klass_variance,global,observation,2016-01-01,400,raw_history_2714
221,4.0,2.978430631795486,10568817,equity_garman_klass_variance,global,observation,2016-01-01,400,raw_history_2714
222,1.0,0.6682308710148055,10566237,equity_garman_klass_variance,global,observation,2016-01-01,400,raw_history_2714
222,1.5,0.6854546631692432,10566237,equity_garman_klass_variance,global,observation,2016-01-01,400,raw_history_2714
222,2.0,0.7807090101380878,10566237,equity_garman_klass_variance,global,observation,2016-01-01,400,raw_history_2714
222,3.0,1.3150705129807259,10566237,equity_garman_klass_variance,global,observation,2016-01-01,400,raw_history_2714
222,4.0,2.9872376141563315,10566237,equity_garman_klass_variance,global,observation,2016-01-01,400,raw_history_2714
223,1.0,0.6683799880031127,10563657,equity_garman_klass_variance,global,observation,2016-01-01,400,raw_history_2714
223,1.5,0.685709895519518,10563657,equity_garman_klass_variance,global,observation,2016-01-01,400,raw_history_2714
223,2.0,0.7811417091870247,10563657,equity_garman_klass_variance,global,observation,2016-01-01,400,raw_history_2714
223,3.0,1.3163281927673935,10563657,equity_garman_klass_variance,global,observation,2016-01-01,400,raw_history_2714
223,4.0,2.9905781263975357,10563657,equity_garman_klass_variance,global,observation,2016-01-01,400,raw_history_2714
224,1.0,0.6685939317103805,10561077,equity_garman_klass_variance,global,observation,2016-01-01,400,raw_history_2714
224,1.5,0.6860247385542032,10561077,equity_garman_klass_variance,global,observation,2016-01-01,400,raw_history_2714
224,2.0,0.7815688668839222,10561077,equity_garman_klass_variance,global,observation,2016-01-01,400,raw_history_2714
224,3.0,1.3169080751255242,10561077,equity_garman_klass_variance,global,observation,2016-01-01,400,raw_history_2714
224,4.0,2.990254385959123,10561077,equity_garman_klass_variance,global,observation,2016-01-01,400,raw_history_2714
225,1.0,0.668964460022475,10558497,equity_garman_klass_variance,global,observation,2016-01-01,400,raw_history_2714
225,1.5,0.6865795784532155,10558497,equity_garman_klass_variance,global,observation,2016-01-01,400,raw_history_2714
225,2.0,0.7823003199211176,10558497,equity_garman_klass_variance,global,observation,2016-01-01,400,raw_history_2714
225,3.0,1.3178477491234133,10558497,equity_garman_klass_variance,global,observation,2016-01-01,400,raw_history_2714
225,4.0,2.989952173652784,10558497,equity_garman_klass_variance,global,observation,2016-01-01,400,raw_history_2714
226,1.0,0.6690083803785299,10555917,equity_garman_klass_variance,global,observation,2016-01-01,400,raw_history_2714
226,1.5,0.686677481215567,10555917,equity_garman_klass_variance,global,observation,2016-01-01,400,raw_history_2714
226,2.0,0.7825155460423041,10555917,equity_garman_klass_variance,global,observation,2016-01-01,400,raw_history_2714
226,3.0,1.3186558136138782,10555917,equity_garman_klass_variance,global,observation,2016-01-01,400,raw_history_2714
226,4.0,2.9921892236647905,10555917,equity_garman_klass_variance,global,observation,2016-01-01,400,raw_history_2714
227,1.0,0.6693770339196379,10553337,equity_garman_klass_variance,global,observation,2016-01-01,400,raw_history_2714
227,1.5,0.6872011506257416,10553337,equity_garman_klass_variance,global,observation,2016-01-01,400,raw_history_2714
227,2.0,0.7832377868365252,10553337,equity_garman_klass_variance,global,observation,2016-01-01,400,raw_history_2714
227,3.0,1.3200980441534231,10553337,equity_garman_klass_variance,global,observation,2016-01-01,400,raw_history_2714
227,4.0,2.995204118604494,10553337,equity_garman_klass_variance,global,observation,2016-01-01,400,raw_history_2714
228,1.0,0.6694572520009877,10550757,equity_garman_klass_variance,global,observation,2016-01-01,400,raw_history_2714
228,1.5,0.687358140170155,10550757,equity_garman_klass_variance,global,observation,2016-01-01,400,raw_history_2714
228,2.0,0.7835757371977817,10550757,equity_garman_klass_variance,global,observation,2016-01-01,400,raw_history_2714
228,3.0,1.3218734338373832,10550757,equity_garman_klass_variance,global,observation,2016-01-01,400,raw_history_2714
228,4.0,3.005830394233929,10550757,equity_garman_klass_variance,global,observation,2016-01-01,400,raw_history_2714
229,1.0,0.6695683205976294,10548178,equity_garman_klass_variance,global,observation,2016-01-01,400,raw_history_2714
229,1.5,0.6875680032677417,10548178,equity_garman_klass_variance,global,observation,2016-01-01,400,raw_history_2714
229,2.0,0.7838418057707166,10548178,equity_garman_klass_variance,global,observation,2016-01-01,400,raw_history_2714
229,3.0,1.321527292019855,10548178,equity_garman_klass_variance,global,observation,2016-01-01,400,raw_history_2714
229,4.0,2.998598944732278,10548178,equity_garman_klass_variance,global,observation,2016-01-01,400,raw_history_2714
230,1.0,0.6694018497705329,10545599,equity_garman_klass_variance,global,observation,2016-01-01,400,raw_history_2714
230,1.5,0.6873570899848781,10545599,equity_garman_klass_variance,global,observation,2016-01-01,400,raw_history_2714
230,2.0,0.7836090315024453,10545599,equity_garman_klass_variance,global,observation,2016-01-01,400,raw_history_2714
230,3.0,1.3213408822104407,10545599,equity_garman_klass_variance,global,observation,2016-01-01,400,raw_history_2714
230,4.0,2.9992315400485436,10545599,equity_garman_klass_variance,global,observation,2016-01-01,400,raw_history_2714
231,1.0,0.6695008815193737,10543023,equity_garman_klass_variance,global,observation,2016-01-01,400,raw_history_2714
231,1.5,0.6875051405389998,10543023,equity_garman_klass_variance,global,observation,2016-01-01,400,raw_history_2714
231,2.0,0.7837880884580039,10543023,equity_garman_klass_variance,global,observation,2016-01-01,400,raw_history_2714
231,3.0,1.3214568311238277,10543023,equity_garman_klass_variance,global,observation,2016-01-01,400,raw_history_2714
231,4.0,2.998567533572737,10543023,equity_garman_klass_variance,global,observation,2016-01-01,400,raw_history_2714
232,1.0,0.6699987744762161,10540447,equity_garman_klass_variance,global,observation,2016-01-01,400,raw_history_2714
232,1.5,0.6880608375185775,10540447,equity_garman_klass_variance,global,observation,2016-01-01,400,raw_history_2714
232,2.0,0.7844000662755933,10540447,equity_garman_klass_variance,global,observation,2016-01-01,400,raw_history_2714
232,3.0,1.3223773123726092,10540447,equity_garman_klass_variance,global,observation,2016-01-01,400,raw_history_2714
232,4.0,3.00094139024297,10540447,equity_garman_klass_variance,global,observation,2016-01-01,400,raw_history_2714
233,1.0,0.6702670511444102,10537871,equity_garman_klass_variance,global,observation,2016-01-01,400,raw_history_2714
233,1.5,0.6884630777753362,10537871,equity_garman_klass_variance,global,observation,2016-01-01,400,raw_history_2714
233,2.0,0.7849849836598856,10537871,equity_garman_klass_variance,global,observation,2016-01-01,400,raw_history_2714
233,3.0,1.3238602912988358,10537871,equity_garman_klass_variance,global,observation,2016-01-01,400,raw_history_2714
233,4.0,3.006645915022025,10537871,equity_garman_klass_variance,global,observation,2016-01-01,400,raw_history_2714
234,1.0,0.6703310568381764,10535296,equity_garman_klass_variance,global,observation,2016-01-01,400,raw_history_2714
234,1.5,0.6886370497163453,10535296,equity_garman_klass_variance,global,observation,2016-01-01,400,raw_history_2714
234,2.0,0.7853734687560102,10535296,equity_garman_klass_variance,global,observation,2016-01-01,400,raw_history_2714
234,3.0,1.3254243716510692,10535296,equity_garman_klass_variance,global,observation,2016-01-01,400,raw_history_2714
234,4.0,3.0131964565123606,10535296,equity_garman_klass_variance,global,observation,2016-01-01,400,raw_history_2714
235,1.0,0.6705260628661095,10532722,equity_garman_klass_variance,global,observation,2016-01-01,400,raw_history_2714
235,1.5,0.6888228135506826,10532722,equity_garman_klass_variance,global,observation,2016-01-01,400,raw_history_2714
235,2.0,0.7854443528943569,10532722,equity_garman_klass_variance,global,observation,2016-01-01,400,raw_history_2714
235,3.0,1.3242806517490235,10532722,equity_garman_klass_variance,global,observation,2016-01-01,400,raw_history_2714
235,4.0,3.004275170558836,10532722,equity_garman_klass_variance,global,observation,2016-01-01,400,raw_history_2714
236,1.0,0.6706745107540579,10530149,equity_garman_klass_variance,global,observation,2016-01-01,400,raw_history_2714
236,1.5,0.6891405669926853,10530149,equity_garman_klass_variance,global,observation,2016-01-01,400,raw_history_2714
236,2.0,0.786096677488585,10530149,equity_garman_klass_variance,global,observation,2016-01-01,400,raw_history_2714
236,3.0,1.3269352508845211,10530149,equity_garman_klass_variance,global,observation,2016-01-01,400,raw_history_2714
236,4.0,3.015525710303851,10530149,equity_garman_klass_variance,global,observation,2016-01-01,400,raw_history_2714
237,1.0,0.6706020208138344,10527577,equity_garman_klass_variance,global,observation,2016-01-01,400,raw_history_2714
237,1.5,0.6890946078133376,10527577,equity_garman_klass_variance,global,observation,2016-01-01,400,raw_history_2714
237,2.0,0.7860812673152123,10527577,equity_garman_klass_variance,global,observation,2016-01-01,400,raw_history_2714
237,3.0,1.3267374910635745,10527577,equity_garman_klass_variance,global,observation,2016-01-01,400,raw_history_2714
237,4.0,3.0130707492656175,10527577,equity_garman_klass_variance,global,observation,2016-01-01,400,raw_history_2714
238,1.0,0.6706929337190677,10525006,equity_garman_klass_variance,global,observation,2016-01-01,400,raw_history_2714
238,1.5,0.6892539155920304,10525006,equity_garman_klass_variance,global,observation,2016-01-01,400,raw_history_2714
238,2.0,0.7863463871241628,10525006,equity_garman_klass_variance,global,observation,2016-01-01,400,raw_history_2714
238,3.0,1.327638118487959,10525006,equity_garman_klass_variance,global,observation,2016-01-01,400,raw_history_2714
238,4.0,3.0173315308442454,10525006,equity_garman_klass_variance,global,observation,2016-01-01,400,raw_history_2714
239,1.0,0.6709392523825557,10522436,equity_garman_klass_variance,global,observation,2016-01-01,400,raw_history_2714
239,1.5,0.6895244596214734,10522436,equity_garman_klass_variance,global,observation,2016-01-01,400,raw_history_2714
239,2.0,0.7866349343621759,10522436,equity_garman_klass_variance,global,observation,2016-01-01,400,raw_history_2714
239,3.0,1.3276845278220069,10522436,equity_garman_klass_variance,global,observation,2016-01-01,400,raw_history_2714
239,4.0,3.0136831004299975,10522436,equity_garman_klass_variance,global,observation,2016-01-01,400,raw_history_2714
240,1.0,0.6711364760499037,10519866,equity_garman_klass_variance,global,observation,2016-01-01,400,raw_history_2714
240,1.5,0.6899128228822641,10519866,equity_garman_klass_variance,global,observation,2016-01-01,400,raw_history_2714
240,2.0,0.7872952006088689,10519866,equity_garman_klass_variance,global,observation,2016-01-01,400,raw_history_2714
240,3.0,1.3295560700196394,10519866,equity_garman_klass_variance,global,observation,2016-01-01,400,raw_history_2714
240,4.0,3.020312439283432,10519866,equity_garman_klass_variance,global,observation,2016-01-01,400,raw_history_2714
241,1.0,0.6710533139945,10517296,equity_garman_klass_variance,global,observation,2016-01-01,400,raw_history_2714
241,1.5,0.6897133534133434,10517296,equity_garman_klass_variance,global,observation,2016-01-01,400,raw_history_2714
241,2.0,0.7868889438810223,10517296,equity_garman_klass_variance,global,observation,2016-01-01,400,raw_history_2714
241,3.0,1.3278760354978707,10517296,equity_garman_klass_variance,global,observation,2016-01-01,400,raw_history_2714
241,4.0,3.01209121553406,10517296,equity_garman_klass_variance,global,observation,2016-01-01,400,raw_history_2714
242,1.0,0.671273781216493,10514729,equity_garman_klass_variance,global,observation,2016-01-01,400,raw_history_2714
242,1.5,0.6900622081590607,10514729,equity_garman_klass_variance,global,observation,2016-01-01,400,raw_history_2714
242,2.0,0.7874826917678559,10514729,equity_garman_klass_variance,global,observation,2016-01-01,400,raw_history_2714
242,3.0,1.3300388232550084,10514729,equity_garman_klass_variance,global,observation,2016-01-01,400,raw_history_2714
242,4.0,3.022259116689935,10514729,equity_garman_klass_variance,global,observation,2016-01-01,400,raw_history_2714
243,1.0,0.6714871992210631,10512162,equity_garman_klass_variance,global,observation,2016-01-01,400,raw_history_2714
243,1.5,0.6903909627394239,10512162,equity_garman_klass_variance,global,observation,2016-01-01,400,raw_history_2714
243,2.0,0.7879189522981244,10512162,equity_garman_klass_variance,global,observation,2016-01-01,400,raw_history_2714
243,3.0,1.3305079354306562,10512162,equity_garman_klass_variance,global,observation,2016-01-01,400,raw_history_2714
243,4.0,3.0207436498786686,10512162,equity_garman_klass_variance,global,observation,2016-01-01,400,raw_history_2714
244,1.0,0.671396091564881,10509596,equity_garman_klass_variance,global,observation,2016-01-01,400,raw_history_2714
244,1.5,0.690303443161459,10509596,equity_garman_klass_variance,global,observation,2016-01-01,400,raw_history_2714
244,2.0,0.787905379081236,10509596,equity_garman_klass_variance,global,observation,2016-01-01,400,raw_history_2714
244,3.0,1.3314166342560718,10509596,equity_garman_klass_variance,global,observation,2016-01-01,400,raw_history_2714
244,4.0,3.028155150155945,10509596,equity_garman_klass_variance,global,observation,2016-01-01,400,raw_history_2714
245,1.0,0.6712806750387066,10507030,equity_garman_klass_variance,global,observation,2016-01-01,400,raw_history_2714
245,1.5,0.6901761438164091,10507030,equity_garman_klass_variance,global,observation,2016-01-01,400,raw_history_2714
245,2.0,0.7877434288036547,10507030,equity_garman_klass_variance,global,observation,2016-01-01,400,raw_history_2714
245,3.0,1.3307300566234193,10507030,equity_garman_klass_variance,global,observation,2016-01-01,400,raw_history_2714
245,4.0,3.0236705056051676,10507030,equity_garman_klass_variance,global,observation,2016-01-01,400,raw_history_2714
246,1.0,0.671159554478257,10504464,equity_garman_klass_variance,global,observation,2016-01-01,400,raw_history_2714
246,1.5,0.6900867768537468,10504464,equity_garman_klass_variance,global,observation,2016-01-01,400,raw_history_2714
246,2.0,0.7877379968507844,10504464,equity_garman_klass_variance,global,observation,2016-01-01,400,raw_history_2714
246,3.0,1.3314575766713599,10504464,equity_garman_klass_variance,global,observation,2016-01-01,400,raw_history_2714
246,4.0,3.028875028884125,10504464,equity_garman_klass_variance,global,observation,2016-01-01,400,raw_history_2714
247,1.0,0.6708818761172651,10501898,equity_garman_klass_variance,global,observation,2016-01-01,400,raw_history_2714
247,1.5,0.6896953410655496,10501898,equity_garman_klass_variance,global,observation,2016-01-01,400,raw_history_2714
247,2.0,0.7872086521210667,10501898,equity_garman_klass_variance,global,observation,2016-01-01,400,raw_history_2714
247,3.0,1.3300975028040116,10501898,equity_garman_klass_variance,global,observation,2016-01-01,400,raw_history_2714
247,4.0,3.0212839627220904,10501898,equity_garman_klass_variance,global,observation,2016-01-01,400,raw_history_2714
248,1.0,0.6709405419761649,10499332,equity_garman_klass_variance,global,observation,2016-01-01,400,raw_history_2714
248,1.5,0.6897912692784545,10499332,equity_garman_klass_variance,global,observation,2016-01-01,400,raw_history_2714
248,2.0,0.7873687678731979,10499332,equity_garman_klass_variance,global,observation,2016-01-01,400,raw_history_2714
248,3.0,1.330604865721773,10499332,equity_garman_klass_variance,global,observation,2016-01-01,400,raw_history_2714
248,4.0,3.023029178629035,10499332,equity_garman_klass_variance,global,observation,2016-01-01,400,raw_history_2714
249,1.0,0.670220278341255,10496766,equity_garman_klass_variance,global,observation,2016-01-01,400,raw_history_2714
249,1.5,0.6887749689372599,10496766,equity_garman_klass_variance,global,observation,2016-01-01,400,raw_history_2714
249,2.0,0.7859804620232183,10496766,equity_garman_klass_variance,global,observation,2016-01-01,400,raw_history_2714
249,3.0,1.327837856728246,10496766,equity_garman_klass_variance,global,observation,2016-01-01,400,raw_history_2714
249,4.0,3.016506750423988,10496766,equity_garman_klass_variance,global,observation,2016-01-01,400,raw_history_2714
250,1.0,0.669524292271362,10494200,equity_garman_klass_variance,global,observation,2016-01-01,400,raw_history_2714
250,1.5,0.6878097552362635,10494200,equity_garman_klass_variance,global,observation,2016-01-01,400,raw_history_2714
250,2.0,0.7846829058514788,10494200,equity_garman_klass_variance,global,observation,2016-01-01,400,raw_history_2714
250,3.0,1.3252513536615338,10494200,equity_garman_klass_variance,global,observation,2016-01-01,400,raw_history_2714
250,4.0,3.0091957963914724,10494200,equity_garman_klass_variance,global,observation,2016-01-01,400,raw_history_2714
251,1.0,0.6686420218758391,10491635,equity_garman_klass_variance,global,observation,2016-01-01,400,raw_history_2714
251,1.5,0.6868101609824069,10491635,equity_garman_klass_variance,global,observation,2016-01-01,400,raw_history_2714
251,2.0,0.7836843485815858,10491635,equity_garman_klass_variance,global,observation,2016-01-01,400,raw_history_2714
251,3.0,1.325026102455903,10491635,equity_garman_klass_variance,global,observation,2016-01-01,400,raw_history_2714
251,4.0,3.013766197095683,10491635,equity_garman_klass_variance,global,observation,2016-01-01,400,raw_history_2714
252,1.0,0.6698511886306996,10489070,equity_garman_klass_variance,global,observation,2016-01-01,400,raw_history_2714
252,1.5,0.6883846444521406,10489070,equity_garman_klass_variance,global,observation,2016-01-01,400,raw_history_2714
252,2.0,0.7856894846351641,10489070,equity_garman_klass_variance,global,observation,2016-01-01,400,raw_history_2714
252,3.0,1.3287456277181777,10489070,equity_garman_klass_variance,global,observation,2016-01-01,400,raw_history_2714
252,4.0,3.0237864408960085,10489070,equity_garman_klass_variance,global,observation,2016-01-01,400,raw_history_2714
253,1.0,0.6714622679287606,10486506,equity_garman_klass_variance,global,observation,2016-01-01,400,raw_history_2714
253,1.5,0.6905712259927794,10486506,equity_garman_klass_variance,global,observation,2016-01-01,400,raw_history_2714
253,2.0,0.7885968212400178,10486506,equity_garman_klass_variance,global,observation,2016-01-01,400,raw_history_2714
253,3.0,1.3341213471097964,10486506,equity_garman_klass_variance,global,observation,2016-01-01,400,raw_history_2714
253,4.0,3.0346876874506226,10486506,equity_garman_klass_variance,global,observation,2016-01-01,400,raw_history_2714
254,1.0,0.6725073612837488,10483942,equity_garman_klass_variance,global,observation,2016-01-01,400,raw_history_2714
254,1.5,0.6920909096084331,10483942,equity_garman_klass_variance,global,observation,2016-01-01,400,raw_history_2714
254,2.0,0.7907067155579247,10483942,equity_garman_klass_variance,global,observation,2016-01-01,400,raw_history_2714
254,3.0,1.3382950993565592,10483942,equity_garman_klass_variance,global,observation,2016-01-01,400,raw_history_2714
254,4.0,3.0440667595992217,10483942,equity_garman_klass_variance,global,observation,2016-01-01,400,raw_history_2714
255,1.0,0.6731992988764803,10481378,equity_garman_klass_variance,global,observation,2016-01-01,400,raw_history_2714
255,1.5,0.6931141974496987,10481378,equity_garman_klass_variance,global,observation,2016-01-01,400,raw_history_2714
255,2.0,0.7921682964207419,10481378,equity_garman_klass_variance,global,observation,2016-01-01,400,raw_history_2714
255,3.0,1.341214826378901,10481378,equity_garman_klass_variance,global,observation,2016-01-01,400,raw_history_2714
255,4.0,3.049464561111484,10481378,equity_garman_klass_variance,global,observation,2016-01-01,400,raw_history_2714
256,1.0,0.6736673330656628,10478814,equity_garman_klass_variance,global,observation,2016-01-01,400,raw_history_2714
256,1.5,0.6936837451658922,10478814,equity_garman_klass_variance,global,observation,2016-01-01,400,raw_history_2714
256,2.0,0.7927965840909574,10478814,equity_garman_klass_variance,global,observation,2016-01-01,400,raw_history_2714
256,3.0,1.341748739201196,10478814,equity_garman_klass_variance,global,observation,2016-01-01,400,raw_history_2714
256,4.0,3.049821901424052,10478814,equity_garman_klass_variance,global,observation,2016-01-01,400,raw_history_2714
257,1.0,0.6745655650032306,10476250,equity_garman_klass_variance,global,observation,2016-01-01,400,raw_history_2714
257,1.5,0.6949266845307666,10476250,equity_garman_klass_variance,global,observation,2016-01-01,400,raw_history_2714
257,2.0,0.7945374389913832,10476250,equity_garman_klass_variance,global,observation,2016-01-01,400,raw_history_2714
257,3.0,1.345606279241902,10476250,equity_garman_klass_variance,global,observation,2016-01-01,400,raw_history_2714
257,4.0,3.059639592367793,10476250,equity_garman_klass_variance,global,observation,2016-01-01,400,raw_history_2714
258,1.0,0.6753732775538291,10473686,equity_garman_klass_variance,global,observation,2016-01-01,400,raw_history_2714
258,1.5,0.6959904047145206,10473686,equity_garman_klass_variance,global,observation,2016-01-01,400,raw_history_2714
258,2.0,0.7958870234196681,10473686,equity_garman_klass_variance,global,observation,2016-01-01,400,raw_history_2714
258,3.0,1.3477398528778473,10473686,equity_garman_klass_variance,global,observation,2016-01-01,400,raw_history_2714
258,4.0,3.06236717526299,10473686,equity_garman_klass_variance,global,observation,2016-01-01,400,raw_history_2714
259,1.0,0.6754693583955088,10471122,equity_garman_klass_variance,global,observation,2016-01-01,400,raw_history_2714
259,1.5,0.696200298663318,10471122,equity_garman_klass_variance,global,observation,2016-01-01,400,raw_history_2714
259,2.0,0.7962917939150173,10471122,equity_garman_klass_variance,global,observation,2016-01-01,400,raw_history_2714
259,3.0,1.3490664279586693,10471122,equity_garman_klass_variance,global,observation,2016-01-01,400,raw_history_2714
259,4.0,3.066864196154777,10471122,equity_garman_klass_variance,global,observation,2016-01-01,400,raw_history_2714
260,1.0,0.675790745517942,10468558,equity_garman_klass_variance,global,observation,2016-01-01,400,raw_history_2714
260,1.5,0.6966455998274638,10468558,equity_garman_klass_variance,global,observation,2016-01-01,400,raw_history_2714
260,2.0,0.7968357078293524,10468558,equity_garman_klass_variance,global,observation,2016-01-01,400,raw_history_2714
260,3.0,1.3495611033170123,10468558,equity_garman_klass_variance,global,observation,2016-01-01,400,raw_history_2714
260,4.0,3.0645577925733742,10468558,equity_garman_klass_variance,global,observation,2016-01-01,400,raw_history_2714
261,1.0,0.6758570455411796,10465994,equity_garman_klass_variance,global,observation,2016-01-01,400,raw_history_2714
261,1.5,0.6968233761524596,10465994,equity_garman_klass_variance,global,observation,2016-01-01,400,raw_history_2714
261,2.0,0.7971645864336118,10465994,equity_garman_klass_variance,global,observation,2016-01-01,400,raw_history_2714
261,3.0,1.3502886497473283,10465994,equity_garman_klass_variance,global,observation,2016-01-01,400,raw_history_2714
261,4.0,3.0658614505629127,10465994,equity_garman_klass_variance,global,observation,2016-01-01,400,raw_history_2714
262,1.0,0.6762025086192847,10463431,equity_garman_klass_variance,global,observation,2016-01-01,400,raw_history_2714
262,1.5,0.6972463421257783,10463431,equity_garman_klass_variance,global,observation,2016-01-01,400,raw_history_2714
262,2.0,0.797662116436455,10463431,equity_garman_klass_variance,global,observation,2016-01-01,400,raw_history_2714
262,3.0,1.3509864954203359,10463431,equity_garman_klass_variance,global,observation,2016-01-01,400,raw_history_2714
262,4.0,3.067675774052246,10463431,equity_garman_klass_variance,global,observation,2016-01-01,400,raw_history_2714
263,1.0,0.6765583570833194,10460868,equity_garman_klass_variance,global,observation,2016-01-01,400,raw_history_2714
263,1.5,0.6979631604818579,10460868,equity_garman_klass_variance,global,observation,2016-01-01,400,raw_history_2714
263,2.0,0.798984663350171,10460868,equity_garman_klass_variance,global,observation,2016-01-01,400,raw_history_2714
263,3.0,1.3552092632564412,10460868,equity_garman_klass_variance,global,observation,2016-01-01,400,raw_history_2714
263,4.0,3.0805185804503408,10460868,equity_garman_klass_variance,global,observation,2016-01-01,400,raw_history_2714
264,1.0,0.6768484164082985,10458305,equity_garman_klass_variance,global,observation,2016-01-01,400,raw_history_2714
264,1.5,0.6983259469123165,10458305,equity_garman_klass_variance,global,observation,2016-01-01,400,raw_history_2714
264,2.0,0.7994139149393766,10458305,equity_garman_klass_variance,global,observation,2016-01-01,400,raw_history_2714
264,3.0,1.3556546449912716,10458305,equity_garman_klass_variance,global,observation,2016-01-01,400,raw_history_2714
264,4.0,3.080614962630362,10458305,equity_garman_klass_variance,global,observation,2016-01-01,400,raw_history_2714
265,1.0,0.6771699707900636,10455742,equity_garman_klass_variance,global,observation,2016-01-01,400,raw_history_2714
265,1.5,0.6988227660000884,10455742,equity_garman_klass_variance,global,observation,2016-01-01,400,raw_history_2714
265,2.0,0.8001217679433695,10455742,equity_garman_klass_variance,global,observation,2016-01-01,400,raw_history_2714
265,3.0,1.3569652781130037,10455742,equity_garman_klass_variance,global,observation,2016-01-01,400,raw_history_2714
265,4.0,3.082454999825321,10455742,equity_garman_klass_variance,global,observation,2016-01-01,400,raw_history_2714
266,1.0,0.677453573039605,10453182,equity_garman_klass_variance,global,observation,2016-01-01,400,raw_history_2714
266,1.5,0.6992067745720629,10453182,equity_garman_klass_variance,global,observation,2016-01-01,400,raw_history_2714
266,2.0,0.800708377463988,10453182,equity_garman_klass_variance,global,observation,2016-01-01,400,raw_history_2714
266,3.0,1.3589795643147566,10453182,equity_garman_klass_variance,global,observation,2016-01-01,400,raw_history_2714
266,4.0,3.0908929763622495,10453182,equity_garman_klass_variance,global,observation,2016-01-01,400,raw_history_2714
267,1.0,0.6777371581659206,10450625,equity_garman_klass_variance,global,observation,2016-01-01,400,raw_history_2714
267,1.5,0.6996212432353023,10450625,equity_garman_klass_variance,global,observation,2016-01-01,400,raw_history_2714
267,2.0,0.8011839645075661,10450625,equity_garman_klass_variance,global,observation,2016-01-01,400,raw_history_2714
267,3.0,1.3585073246274955,10450625,equity_garman_klass_variance,global,observation,2016-01-01,400,raw_history_2714
267,4.0,3.0826251789800914,10450625,equity_garman_klass_variance,global,observation,2016-01-01,400,raw_history_2714
268,1.0,0.6781315755597388,10448068,equity_garman_klass_variance,global,observation,2016-01-01,400,raw_history_2714
268,1.5,0.7001687929508498,10448068,equity_garman_klass_variance,global,observation,2016-01-01,400,raw_history_2714
268,2.0,0.8019655963404274,10448068,equity_garman_klass_variance,global,observation,2016-01-01,400,raw_history_2714
268,3.0,1.3605794134417772,10448068,equity_garman_klass_variance,global,observation,2016-01-01,400,raw_history_2714
268,4.0,3.0901810712631277,10448068,equity_garman_klass_variance,global,observation,2016-01-01,400,raw_history_2714
269,1.0,0.6781046977315612,10445512,equity_garman_klass_variance,global,observation,2016-01-01,400,raw_history_2714
269,1.5,0.7001432068655192,10445512,equity_garman_klass_variance,global,observation,2016-01-01,400,raw_history_2714
269,2.0,0.8019078856654327,10445512,equity_garman_klass_variance,global,observation,2016-01-01,400,raw_history_2714
269,3.0,1.3599572877784394,10445512,equity_garman_klass_variance,global,observation,2016-01-01,400,raw_history_2714
269,4.0,3.0853603190094385,10445512,equity_garman_klass_variance,global,observation,2016-01-01,400,raw_history_2714
270,1.0,0.6781839497951283,10442956,equity_garman_klass_variance,global,observation,2016-01-01,400,raw_history_2714
270,1.5,0.7003064287574442,10442956,equity_garman_klass_variance,global,observation,2016-01-01,400,raw_history_2714
270,2.0,0.8022186446561427,10442956,equity_garman_klass_variance,global,observation,2016-01-01,400,raw_history_2714
270,3.0,1.3612171183063537,10442956,equity_garman_klass_variance,global,observation,2016-01-01,400,raw_history_2714
270,4.0,3.0914345798769913,10442956,equity_garman_klass_variance,global,observation,2016-01-01,400,raw_history_2714
271,1.0,0.6781069058852955,10440400,equity_garman_klass_variance,global,observation,2016-01-01,400,raw_history_2714
271,1.5,0.7002449281320244,10440400,equity_garman_klass_variance,global,observation,2016-01-01,400,raw_history_2714
271,2.0,0.8022074565045101,10440400,equity_garman_klass_variance,global,observation,2016-01-01,400,raw_history_2714
271,3.0,1.3615557214818164,10440400,equity_garman_klass_variance,global,observation,2016-01-01,400,raw_history_2714
271,4.0,3.0938448010240234,10440400,equity_garman_klass_variance,global,observation,2016-01-01,400,raw_history_2714
272,1.0,0.6781957795982662,10437844,equity_garman_klass_variance,global,observation,2016-01-01,400,raw_history_2714
272,1.5,0.7004492284525687,10437844,equity_garman_klass_variance,global,observation,2016-01-01,400,raw_history_2714
272,2.0,0.8026203135664136,10437844,equity_garman_klass_variance,global,observation,2016-01-01,400,raw_history_2714
272,3.0,1.3631942797950505,10437844,equity_garman_klass_variance,global,observation,2016-01-01,400,raw_history_2714
272,4.0,3.1009718372252584,10437844,equity_garman_klass_variance,global,observation,2016-01-01,400,raw_history_2714
273,1.0,0.6781273501716971,10435288,equity_garman_klass_variance,global,observation,2016-01-01,400,raw_history_2714
273,1.5,0.7004742410972005,10435288,equity_garman_klass_variance,global,observation,2016-01-01,400,raw_history_2714
273,2.0,0.8027677613622121,10435288,equity_garman_klass_variance,global,observation,2016-01-01,400,raw_history_2714
273,3.0,1.36343946403943,10435288,equity_garman_klass_variance,global,observation,2016-01-01,400,raw_history_2714
273,4.0,3.0995275269580573,10435288,equity_garman_klass_variance,global,observation,2016-01-01,400,raw_history_2714
274,1.0,0.6782466152315874,10432732,equity_garman_klass_variance,global,observation,2016-01-01,400,raw_history_2714
274,1.5,0.7006037384729557,10432732,equity_garman_klass_variance,global,observation,2016-01-01,400,raw_history_2714
274,2.0,0.8029320536557781,10432732,equity_garman_klass_variance,global,observation,2016-01-01,400,raw_history_2714
274,3.0,1.3638021766636268,10432732,equity_garman_klass_variance,global,observation,2016-01-01,400,raw_history_2714
274,4.0,3.099565825138079,10432732,equity_garman_klass_variance,global,observation,2016-01-01,400,raw_history_2714
275,1.0,0.6784801366745432,10430176,equity_garman_klass_variance,global,observation,2016-01-01,400,raw_history_2714
275,1.5,0.7009636259785441,10430176,equity_garman_klass_variance,global,observation,2016-01-01,400,raw_history_2714
275,2.0,0.8034721585266934,10430176,equity_garman_klass_variance,global,observation,2016-01-01,400,raw_history_2714
275,3.0,1.3649341534564832,10430176,equity_garman_klass_variance,global,observation,2016-01-01,400,raw_history_2714
275,4.0,3.10097897718458,10430176,equity_garman_klass_variance,global,observation,2016-01-01,400,raw_history_2714
276,1.0,0.6785287951370865,10427620,equity_garman_klass_variance,global,observation,2016-01-01,400,raw_history_2714
276,1.5,0.7009911951434795,10427620,equity_garman_klass_variance,global,observation,2016-01-01,400,raw_history_2714
276,2.0,0.8034504127595982,10427620,equity_garman_klass_variance,global,observation,2016-01-01,400,raw_history_2714
276,3.0,1.364650703179313,10427620,equity_garman_klass_variance,global,observation,2016-01-01,400,raw_history_2714
276,4.0,3.0990147859650197,10427620,equity_garman_klass_variance,global,observation,2016-01-01,400,raw_history_2714
277,1.0,0.6786064427403021,10425065,equity_garman_klass_variance,global,observation,2016-01-01,400,raw_history_2714
277,1.5,0.7011330688860568,10425065,equity_garman_klass_variance,global,observation,2016-01-01,400,raw_history_2714
277,2.0,0.8037210273068734,10425065,equity_garman_klass_variance,global,observation,2016-01-01,400,raw_history_2714
277,3.0,1.3659808419318957,10425065,equity_garman_klass_variance,global,observation,2016-01-01,400,raw_history_2714
277,4.0,3.108023605699858,10425065,equity_garman_klass_variance,global,observation,2016-01-01,400,raw_history_2714
278,1.0,0.6788931628299164,10422510,equity_garman_klass_variance,global,observation,2016-01-01,400,raw_history_2714
278,1.5,0.7015049412432872,10422510,equity_garman_klass_variance,global,observation,2016-01-01,400,raw_history_2714
278,2.0,0.8041235556525349,10422510,equity_garman_klass_variance,global,observation,2016-01-01,400,raw_history_2714
278,3.0,1.3660047115973788,10422510,equity_garman_klass_variance,global,observation,2016-01-01,400,raw_history_2714
278,4.0,3.1060266433978225,10422510,equity_garman_klass_variance,global,observation,2016-01-01,400,raw_history_2714
279,1.0,0.678845074785194,10419955,equity_garman_klass_variance,global,observation,2016-01-01,400,raw_history_2714
279,1.5,0.7014361968105859,10419955,equity_garman_klass_variance,global,observation,2016-01-01,400,raw_history_2714
279,2.0,0.8040814282233432,10419955,equity_garman_klass_variance,global,observation,2016-01-01,400,raw_history_2714
279,3.0,1.3661509487983283,10419955,equity_garman_klass_variance,global,observation,2016-01-01,400,raw_history_2714
279,4.0,3.1046091241727063,10419955,equity_garman_klass_variance,global,observation,2016-01-01,400,raw_history_2714
280,1.0,0.6788714038234568,10417401,equity_garman_klass_variance,global,observation,2016-01-01,400,raw_history_2714
280,1.5,0.701408304067924,10417401,equity_garman_klass_variance,global,observation,2016-01-01,400,raw_history_2714
280,2.0,0.8039375722202007,10417401,equity_garman_klass_variance,global,observation,2016-01-01,400,raw_history_2714
280,3.0,1.3653230848740918,10417401,equity_garman_klass_variance,global,observation,2016-01-01,400,raw_history_2714
280,4.0,3.1019309866689495,10417401,equity_garman_klass_variance,global,observation,2016-01-01,400,raw_history_2714
281,1.0,0.6791109576289129,10414847,equity_garman_klass_variance,global,observation,2016-01-01,400,raw_history_2714
281,1.5,0.7017848965735932,10414847,equity_garman_klass_variance,global,observation,2016-01-01,400,raw_history_2714
281,2.0,0.8044989592820029,10414847,equity_garman_klass_variance,global,observation,2016-01-01,400,raw_history_2714
281,3.0,1.3666151037445884,10414847,equity_garman_klass_variance,global,observation,2016-01-01,400,raw_history_2714
281,4.0,3.1047492748173475,10414847,equity_garman_klass_variance,global,observation,2016-01-01,400,raw_history_2714
282,1.0,0.6794895990477233,10412295,equity_garman_klass_variance,global,observation,2016-01-01,400,raw_history_2714
282,1.5,0.7023000825660723,10412295,equity_garman_klass_variance,global,observation,2016-01-01,400,raw_history_2714
282,2.0,0.8052241855939335,10412295,equity_garman_klass_variance,global,observation,2016-01-01,400,raw_history_2714
282,3.0,1.368524604788178,10412295,equity_garman_klass_variance,global,observation,2016-01-01,400,raw_history_2714
282,4.0,3.112527248397998,10412295,equity_garman_klass_variance,global,observation,2016-01-01,400,raw_history_2714
283,1.0,0.6796540707418074,10409743,equity_garman_klass_variance,global,observation,2016-01-01,400,raw_history_2714
283,1.5,0.7024956534693166,10409743,equity_garman_klass_variance,global,observation,2016-01-01,400,raw_history_2714
283,2.0,0.8054222763292123,10409743,equity_garman_klass_variance,global,observation,2016-01-01,400,raw_history_2714
283,3.0,1.3684775750438882,10409743,equity_garman_klass_variance,global,observation,2016-01-01,400,raw_history_2714
283,4.0,3.110563231138121,10409743,equity_garman_klass_variance,global,observation,2016-01-01,400,raw_history_2714
284,1.0,0.6797395694890884,10407191,equity_garman_klass_variance,global,observation,2016-01-01,400,raw_history_2714
284,1.5,0.7025650002857105,10407191,equity_garman_klass_variance,global,observation,2016-01-01,400,raw_history_2714
284,2.0,0.8054469749823081,10407191,equity_garman_klass_variance,global,observation,2016-01-01,400,raw_history_2714
284,3.0,1.3681161220981894,10407191,equity_garman_klass_variance,global,observation,2016-01-01,400,raw_history_2714
284,4.0,3.1081854513981906,10407191,equity_garman_klass_variance,global,observation,2016-01-01,400,raw_history_2714
285,1.0,0.6796618385892536,10404641,equity_garman_klass_variance,global,observation,2016-01-01,400,raw_history_2714
285,1.5,0.7024647299306953,10404641,equity_garman_klass_variance,global,observation,2016-01-01,400,raw_history_2714
285,2.0,0.805349456249212,10404641,equity_garman_klass_variance,global,observation,2016-01-01,400,raw_history_2714
285,3.0,1.3686599791098932,10404641,equity_garman_klass_variance,global,observation,2016-01-01,400,raw_history_2714
285,4.0,3.1153472244534157,10404641,equity_garman_klass_variance,global,observation,2016-01-01,400,raw_history_2714
286,1.0,0.6801314957984113,10402092,equity_garman_klass_variance,global,observation,2016-01-01,400,raw_history_2714
286,1.5,0.7030346646480211,10402092,equity_garman_klass_variance,global,observation,2016-01-01,400,raw_history_2714
286,2.0,0.8059687654308115,10402092,equity_garman_klass_variance,global,observation,2016-01-01,400,raw_history_2714
286,3.0,1.3688206867128923,10402092,equity_garman_klass_variance,global,observation,2016-01-01,400,raw_history_2714
286,4.0,3.110382403004891,10402092,equity_garman_klass_variance,global,observation,2016-01-01,400,raw_history_2714
287,1.0,0.6802712541039585,10399546,equity_garman_klass_variance,global,observation,2016-01-01,400,raw_history_2714
287,1.5,0.7032571135613246,10399546,equity_garman_klass_variance,global,observation,2016-01-01,400,raw_history_2714
287,2.0,0.8063128281734835,10399546,equity_garman_klass_variance,global,observation,2016-01-01,400,raw_history_2714
287,3.0,1.3695460290064174,10399546,equity_garman_klass_variance,global,observation,2016-01-01,400,raw_history_2714
287,4.0,3.110863726534613,10399546,equity_garman_klass_variance,global,observation,2016-01-01,400,raw_history_2714
288,1.0,0.6805484392873545,10397000,equity_garman_klass_variance,global,observation,2016-01-01,400,raw_history_2714
288,1.5,0.7036443755779348,10397000,equity_garman_klass_variance,global,observation,2016-01-01,400,raw_history_2714
288,2.0,0.8068447788330695,10397000,equity_garman_klass_variance,global,observation,2016-01-01,400,raw_history_2714
288,3.0,1.3708054185119205,10397000,equity_garman_klass_variance,global,observation,2016-01-01,400,raw_history_2714
288,4.0,3.116116408132452,10397000,equity_garman_klass_variance,global,observation,2016-01-01,400,raw_history_2714
289,1.0,0.6804686702820867,10394454,equity_garman_klass_variance,global,observation,2016-01-01,400,raw_history_2714
289,1.5,0.7035326931481506,10394454,equity_garman_klass_variance,global,observation,2016-01-01,400,raw_history_2714
289,2.0,0.8066803265747043,10394454,equity_garman_klass_variance,global,observation,2016-01-01,400,raw_history_2714
289,3.0,1.3704002064265253,10394454,equity_garman_klass_variance,global,observation,2016-01-01,400,raw_history_2714
289,4.0,3.114619035849875,10394454,equity_garman_klass_variance,global,observation,2016-01-01,400,raw_history_2714
290,1.0,0.6804907559198999,10391911,equity_garman_klass_variance,global,observation,2016-01-01,400,raw_history_2714
290,1.5,0.7035407660097134,10391911,equity_garman_klass_variance,global,observation,2016-01-01,400,raw_history_2714
290,2.0,0.8066459136860579,10391911,equity_garman_klass_variance,global,observation,2016-01-01,400,raw_history_2714
290,3.0,1.3698189839762356,10391911,equity_garman_klass_variance,global,observation,2016-01-01,400,raw_history_2714
290,4.0,3.10917778233631,10391911,equity_garman_klass_variance,global,observation,2016-01-01,400,raw_history_2714
291,1.0,0.6809086980795783,10389369,equity_garman_klass_variance,global,observation,2016-01-01,400,raw_history_2714
291,1.5,0.7041042812967924,10389369,equity_garman_klass_variance,global,observation,2016-01-01,400,raw_history_2714
291,2.0,0.8074351490495766,10389369,equity_garman_klass_variance,global,observation,2016-01-01,400,raw_history_2714
291,3.0,1.3717878129942365,10389369,equity_garman_klass_variance,global,observation,2016-01-01,400,raw_history_2714
291,4.0,3.11634019317469,10389369,equity_garman_klass_variance,global,observation,2016-01-01,400,raw_history_2714
292,1.0,0.6813067261294146,10386829,equity_garman_klass_variance,global,observation,2016-01-01,400,raw_history_2714
292,1.5,0.7047061784193652,10386829,equity_garman_klass_variance,global,observation,2016-01-01,400,raw_history_2714
292,2.0,0.8082999118989419,10386829,equity_garman_klass_variance,global,observation,2016-01-01,400,raw_history_2714
292,3.0,1.3735232489774665,10386829,equity_garman_klass_variance,global,observation,2016-01-01,400,raw_history_2714
292,4.0,3.119969814102876,10386829,equity_garman_klass_variance,global,observation,2016-01-01,400,raw_history_2714
293,1.0,0.6811501817365742,10384290,equity_garman_klass_variance,global,observation,2016-01-01,400,raw_history_2714
293,1.5,0.7045732378720503,10384290,equity_garman_klass_variance,global,observation,2016-01-01,400,raw_history_2714
293,2.0,0.808289832956653,10384290,equity_garman_klass_variance,global,observation,2016-01-01,400,raw_history_2714
293,3.0,1.374506191945555,10384290,equity_garman_klass_variance,global,observation,2016-01-01,400,raw_history_2714
293,4.0,3.126163575995116,10384290,equity_garman_klass_variance,global,observation,2016-01-01,400,raw_history_2714
294,1.0,0.6812319641114974,10381752,equity_garman_klass_variance,global,observation,2016-01-01,400,raw_history_2714
294,1.5,0.7047403886605108,10381752,equity_garman_klass_variance,global,observation,2016-01-01,400,raw_history_2714
294,2.0,0.8085852200523683,10381752,equity_garman_klass_variance,global,observation,2016-01-01,400,raw_history_2714
294,3.0,1.3757013199633876,10381752,equity_garman_klass_variance,global,observation,2016-01-01,400,raw_history_2714
294,4.0,3.1320530870236665,10381752,equity_garman_klass_variance,global,observation,2016-01-01,400,raw_history_2714
295,1.0,0.6809245169984853,10379214,equity_garman_klass_variance,global,observation,2016-01-01,400,raw_history_2714
295,1.5,0.7042963940231587,10379214,equity_garman_klass_variance,global,observation,2016-01-01,400,raw_history_2714
295,2.0,0.8078921252747131,10379214,equity_garman_klass_variance,global,observation,2016-01-01,400,raw_history_2714
295,3.0,1.3731780163466594,10379214,equity_garman_klass_variance,global,observation,2016-01-01,400,raw_history_2714
295,4.0,3.1195149735069374,10379214,equity_garman_klass_variance,global,observation,2016-01-01,400,raw_history_2714
296,1.0,0.6814877435156821,10376677,equity_garman_klass_variance,global,observation,2016-01-01,400,raw_history_2714
296,1.5,0.7050493879636491,10376677,equity_garman_klass_variance,global,observation,2016-01-01,400,raw_history_2714
296,2.0,0.8089227912703268,10376677,equity_garman_klass_variance,global,observation,2016-01-01,400,raw_history_2714
296,3.0,1.3755893769536696,10376677,equity_garman_klass_variance,global,observation,2016-01-01,400,raw_history_2714
296,4.0,3.1268521617510676,10376677,equity_garman_klass_variance,global,observation,2016-01-01,400,raw_history_2714
297,1.0,0.6817840962783188,10374140,equity_garman_klass_variance,global,observation,2016-01-01,400,raw_history_2714
297,1.5,0.7055020621584254,10374140,equity_garman_klass_variance,global,observation,2016-01-01,400,raw_history_2714
297,2.0,0.8096159427584965,10374140,equity_garman_klass_variance,global,observation,2016-01-01,400,raw_history_2714
297,3.0,1.3774731405888128,10374140,equity_garman_klass_variance,global,observation,2016-01-01,400,raw_history_2714
297,4.0,3.134111088677,10374140,equity_garman_klass_variance,global,observation,2016-01-01,400,raw_history_2714
298,1.0,0.681803449614021,10371603,equity_garman_klass_variance,global,observation,2016-01-01,400,raw_history_2714
298,1.5,0.7055663414430383,10371603,equity_garman_klass_variance,global,observation,2016-01-01,400,raw_history_2714
298,2.0,0.8097755814878506,10371603,equity_garman_klass_variance,global,observation,2016-01-01,400,raw_history_2714
298,3.0,1.3784059337452874,10371603,equity_garman_klass_variance,global,observation,2016-01-01,400,raw_history_2714
298,4.0,3.1406604401095986,10371603,equity_garman_klass_variance,global,observation,2016-01-01,400,raw_history_2714
299,1.0,0.6817268327902535,10369066,equity_garman_klass_variance,global,observation,2016-01-01,400,raw_history_2714
299,1.5,0.7053238076758391,10369066,equity_garman_klass_variance,global,observation,2016-01-01,400,raw_history_2714
299,2.0,0.8092668218317833,10369066,equity_garman_klass_variance,global,observation,2016-01-01,400,raw_history_2714
299,3.0,1.3763940772316503,10369066,equity_garman_klass_variance,global,observation,2016-01-01,400,raw_history_2714
299,4.0,3.1305335750180694,10369066,equity_garman_klass_variance,global,observation,2016-01-01,400,raw_history_2714
300,1.0,0.6817849248187942,10366529,equity_garman_klass_variance,global,observation,2016-01-01,400,raw_history_2714
300,1.5,0.7055089208169188,10366529,equity_garman_klass_variance,global,observation,2016-01-01,400,raw_history_2714
300,2.0,0.8096092324353835,10366529,equity_garman_klass_variance,global,observation,2016-01-01,400,raw_history_2714
300,3.0,1.3768008817822794,10366529,equity_garman_klass_variance,global,observation,2016-01-01,400,raw_history_2714
300,4.0,3.1276854343903984,10366529,equity_garman_klass_variance,global,observation,2016-01-01,400,raw_history_2714
301,1.0,0.6819519191149662,10363992,equity_garman_klass_variance,global,observation,2016-01-01,400,raw_history_2714
301,1.5,0.7057919020271065,10363992,equity_garman_klass_variance,global,observation,2016-01-01,400,raw_history_2714
301,2.0,0.8101130962123341,10363992,equity_garman_klass_variance,global,observation,2016-01-01,400,raw_history_2714
301,3.0,1.3786745468644663,10363992,equity_garman_klass_variance,global,observation,2016-01-01,400,raw_history_2714
301,4.0,3.1355515641301777,10363992,equity_garman_klass_variance,global,observation,2016-01-01,400,raw_history_2714
302,1.0,0.6820447567633225,10361457,equity_garman_klass_variance,global,observation,2016-01-01,400,raw_history_2714
302,1.5,0.7058674782277649,10361457,equity_garman_klass_variance,global,observation,2016-01-01,400,raw_history_2714
302,2.0,0.8100784793497185,10361457,equity_garman_klass_variance,global,observation,2016-01-01,400,raw_history_2714
302,3.0,1.3777224913536605,10361457,equity_garman_klass_variance,global,observation,2016-01-01,400,raw_history_2714
302,4.0,3.12956567734724,10361457,equity_garman_klass_variance,global,observation,2016-01-01,400,raw_history_2714
303,1.0,0.6821230908382931,10358922,equity_garman_klass_variance,global,observation,2016-01-01,400,raw_history_2714
303,1.5,0.7060038947128532,10358922,equity_garman_klass_variance,global,observation,2016-01-01,400,raw_history_2714
303,2.0,0.8103481819046239,10358922,equity_garman_klass_variance,global,observation,2016-01-01,400,raw_history_2714
303,3.0,1.3790587625742674,10358922,equity_garman_klass_variance,global,observation,2016-01-01,400,raw_history_2714
303,4.0,3.137145655395325,10358922,equity_garman_klass_variance,global,observation,2016-01-01,400,raw_history_2714
304,1.0,0.6821821461371967,10356388,equity_garman_klass_variance,global,observation,2016-01-01,400,raw_history_2714
304,1.5,0.706179125582515,10356388,equity_garman_klass_variance,global,observation,2016-01-01,400,raw_history_2714
304,2.0,0.8106873457238968,10356388,equity_garman_klass_variance,global,observation,2016-01-01,400,raw_history_2714
304,3.0,1.3799126142539433,10356388,equity_garman_klass_variance,global,observation,2016-01-01,400,raw_history_2714
304,4.0,3.1382855127244067,10356388,equity_garman_klass_variance,global,observation,2016-01-01,400,raw_history_2714
305,1.0,0.682303657449464,10353854,equity_garman_klass_variance,global,observation,2016-01-01,400,raw_history_2714
305,1.5,0.7063570355752486,10353854,equity_garman_klass_variance,global,observation,2016-01-01,400,raw_history_2714
305,2.0,0.8109488290022722,10353854,equity_garman_klass_variance,global,observation,2016-01-01,400,raw_history_2714
305,3.0,1.380367944569524,10353854,equity_garman_klass_variance,global,observation,2016-01-01,400,raw_history_2714
305,4.0,3.139163740158176,10353854,equity_garman_klass_variance,global,observation,2016-01-01,400,raw_history_2714
306,1.0,0.6821547494509365,10351321,equity_garman_klass_variance,global,observation,2016-01-01,400,raw_history_2714
306,1.5,0.7062075021354732,10351321,equity_garman_klass_variance,global,observation,2016-01-01,400,raw_history_2714
306,2.0,0.8108289732010778,10351321,equity_garman_klass_variance,global,observation,2016-01-01,400,raw_history_2714
306,3.0,1.3805182254380266,10351321,equity_garman_klass_variance,global,observation,2016-01-01,400,raw_history_2714
306,4.0,3.140404906789275,10351321,equity_garman_klass_variance,global,observation,2016-01-01,400,raw_history_2714
307,1.0,0.6821796945056419,10348788,equity_garman_klass_variance,global,observation,2016-01-01,400,raw_history_2714
307,1.5,0.7064354658931775,10348788,equity_garman_klass_variance,global,observation,2016-01-01,400,raw_history_2714
307,2.0,0.8114245409322318,10348788,equity_garman_klass_variance,global,observation,2016-01-01,400,raw_history_2714
307,3.0,1.3831309631054525,10348788,equity_garman_klass_variance,global,observation,2016-01-01,400,raw_history_2714
307,4.0,3.1512487904383213,10348788,equity_garman_klass_variance,global,observation,2016-01-01,400,raw_history_2714
308,1.0,0.6819803452435179,10346257,equity_garman_klass_variance,global,observation,2016-01-01,400,raw_history_2714
308,1.5,0.7061863303861526,10346257,equity_garman_klass_variance,global,observation,2016-01-01,400,raw_history_2714
308,2.0,0.8111686189650054,10346257,equity_garman_klass_variance,global,observation,2016-01-01,400,raw_history_2714
308,3.0,1.3833661989008061,10346257,equity_garman_klass_variance,global,observation,2016-01-01,400,raw_history_2714
308,4.0,3.155273621866587,10346257,equity_garman_klass_variance,global,observation,2016-01-01,400,raw_history_2714
309,1.0,0.6816205858003964,10343726,equity_garman_klass_variance,global,observation,2016-01-01,400,raw_history_2714
309,1.5,0.7056412647564759,10343726,equity_garman_klass_variance,global,observation,2016-01-01,400,raw_history_2714
309,2.0,0.8103135130994755,10343726,equity_garman_klass_variance,global,observation,2016-01-01,400,raw_history_2714
309,3.0,1.380710300629169,10343726,equity_garman_klass_variance,global,observation,2016-01-01,400,raw_history_2714
309,4.0,3.1446227932825774,10343726,equity_garman_klass_variance,global,observation,2016-01-01,400,raw_history_2714
310,1.0,0.6818679065523228,10341197,equity_garman_klass_variance,global,observation,2016-01-01,400,raw_history_2714
310,1.5,0.7059630783946195,10341197,equity_garman_klass_variance,global,observation,2016-01-01,400,raw_history_2714
310,2.0,0.8107071802180992,10341197,equity_garman_klass_variance,global,observation,2016-01-01,400,raw_history_2714
310,3.0,1.3811328321296046,10341197,equity_garman_klass_variance,global,observation,2016-01-01,400,raw_history_2714
310,4.0,3.1444998013317638,10341197,equity_garman_klass_variance,global,observation,2016-01-01,400,raw_history_2714
311,1.0,0.6820906957470129,10338670,equity_garman_klass_variance,global,observation,2016-01-01,400,raw_history_2714
311,1.5,0.7063262750336179,10338670,equity_garman_klass_variance,global,observation,2016-01-01,400,raw_history_2714
311,2.0,0.811287529548015,10338670,equity_garman_klass_variance,global,observation,2016-01-01,400,raw_history_2714
311,3.0,1.3827204246071705,10338670,equity_garman_klass_variance,global,observation,2016-01-01,400,raw_history_2714
311,4.0,3.1490770915569217,10338670,equity_garman_klass_variance,global,observation,2016-01-01,400,raw_history_2714
312,1.0,0.6818827844717721,10336144,equity_garman_klass_variance,global,observation,2016-01-01,400,raw_history_2714
312,1.5,0.7061371333947836,10336144,equity_garman_klass_variance,global,observation,2016-01-01,400,raw_history_2714
312,2.0,0.8112174103823997,10336144,equity_garman_klass_variance,global,observation,2016-01-01,400,raw_history_2714
312,3.0,1.3837668461934354,10336144,equity_garman_klass_variance,global,observation,2016-01-01,400,raw_history_2714
312,4.0,3.1558773720023297,10336144,equity_garman_klass_variance,global,observation,2016-01-01,400,raw_history_2714
313,1.0,0.6818016626751423,10333618,equity_garman_klass_variance,global,observation,2016-01-01,400,raw_history_2714
313,1.5,0.7060395730021722,10333618,equity_garman_klass_variance,global,observation,2016-01-01,400,raw_history_2714
313,2.0,0.8110234519195998,10333618,equity_garman_klass_variance,global,observation,2016-01-01,400,raw_history_2714
313,3.0,1.3823081298283004,10333618,equity_garman_klass_variance,global,observation,2016-01-01,400,raw_history_2714
313,4.0,3.145676414616348,10333618,equity_garman_klass_variance,global,observation,2016-01-01,400,raw_history_2714
314,1.0,0.6815378089321877,10331092,equity_garman_klass_variance,global,observation,2016-01-01,400,raw_history_2714
314,1.5,0.7056448980118222,10331092,equity_garman_klass_variance,global,observation,2016-01-01,400,raw_history_2714
314,2.0,0.8104725383898093,10331092,equity_garman_klass_variance,global,observation,2016-01-01,400,raw_history_2714
314,3.0,1.381327173580129,10331092,equity_garman_klass_variance,global,observation,2016-01-01,400,raw_history_2714
314,4.0,3.1439890096855727,10331092,equity_garman_klass_variance,global,observation,2016-01-01,400,raw_history_2714
315,1.0,0.6815634725438503,10328566,equity_garman_klass_variance,global,observation,2016-01-01,400,raw_history_2714
315,1.5,0.7057834120977537,10328566,equity_garman_klass_variance,global,observation,2016-01-01,400,raw_history_2714
315,2.0,0.8107598571218189,10328566,equity_garman_klass_variance,global,observation,2016-01-01,400,raw_history_2714
315,3.0,1.3821873105104772,10328566,equity_garman_klass_variance,global,observation,2016-01-01,400,raw_history_2714
315,4.0,3.148046223776762,10328566,equity_garman_klass_variance,global,observation,2016-01-01,400,raw_history_2714
316,1.0,0.6822219736977512,10326042,equity_garman_klass_variance,global,observation,2016-01-01,400,raw_history_2714
316,1.5,0.7066073332651527,10326042,equity_garman_klass_variance,global,observation,2016-01-01,400,raw_history_2714
316,2.0,0.8117312325295852,10326042,equity_garman_klass_variance,global,observation,2016-01-01,400,raw_history_2714
316,3.0,1.3830679262308172,10326042,equity_garman_klass_variance,global,observation,2016-01-01,400,raw_history_2714
316,4.0,3.144008519770297,10326042,equity_garman_klass_variance,global,observation,2016-01-01,400,raw_history_2714
317,1.0,0.6824709014263638,10323518,equity_garman_klass_variance,global,observation,2016-01-01,400,raw_history_2714
317,1.5,0.7070135637942734,10323518,equity_garman_klass_variance,global,observation,2016-01-01,400,raw_history_2714
317,2.0,0.8124272578474617,10323518,equity_garman_klass_variance,global,observation,2016-01-01,400,raw_history_2714
317,3.0,1.385562891974199,10323518,equity_garman_klass_variance,global,observation,2016-01-01,400,raw_history_2714
317,4.0,3.1552301016621453,10323518,equity_garman_klass_variance,global,observation,2016-01-01,400,raw_history_2714
318,1.0,0.6829135292790385,10320995,equity_garman_klass_variance,global,observation,2016-01-01,400,raw_history_2714
318,1.5,0.7076533828473316,10320995,equity_garman_klass_variance,global,observation,2016-01-01,400,raw_history_2714
318,2.0,0.8133714938688222,10320995,equity_garman_klass_variance,global,observation,2016-01-01,400,raw_history_2714
318,3.0,1.3882179687753886,10320995,equity_garman_klass_variance,global,observation,2016-01-01,400,raw_history_2714
318,4.0,3.1659939223698386,10320995,equity_garman_klass_variance,global,observation,2016-01-01,400,raw_history_2714
319,1.0,0.6830772596057704,10318473,equity_garman_klass_variance,global,observation,2016-01-01,400,raw_history_2714
319,1.5,0.7078690254644773,10318473,equity_garman_klass_variance,global,observation,2016-01-01,400,raw_history_2714
319,2.0,0.8136083249096584,10318473,equity_garman_klass_variance,global,observation,2016-01-01,400,raw_history_2714
319,3.0,1.3880447288953313,10318473,equity_garman_klass_variance,global,observation,2016-01-01,400,raw_history_2714
319,4.0,3.161567151754469,10318473,equity_garman_klass_variance,global,observation,2016-01-01,400,raw_history_2714
320,1.0,0.6834729579140422,10315952,equity_garman_klass_variance,global,observation,2016-01-01,400,raw_history_2714
320,1.5,0.7085029571374569,10315952,equity_garman_klass_variance,global,observation,2016-01-01,400,raw_history_2714
320,2.0,0.8146253305186075,10315952,equity_garman_klass_variance,global,observation,2016-01-01,400,raw_history_2714
320,3.0,1.3911628430788596,10315952,equity_garman_klass_variance,global,observation,2016-01-01,400,raw_history_2714
320,4.0,3.173839933089297,10315952,equity_garman_klass_variance,global,observation,2016-01-01,400,raw_history_2714
321,1.0,0.6840189464961185,10313431,equity_garman_klass_variance,global,observation,2016-01-01,400,raw_history_2714
321,1.5,0.709132783590355,10313431,equity_garman_klass_variance,global,observation,2016-01-01,400,raw_history_2714
321,2.0,0.8152056183750718,10313431,equity_garman_klass_variance,global,observation,2016-01-01,400,raw_history_2714
321,3.0,1.3902453369503824,10313431,equity_garman_klass_variance,global,observation,2016-01-01,400,raw_history_2714
321,4.0,3.162731551690018,10313431,equity_garman_klass_variance,global,observation,2016-01-01,400,raw_history_2714
322,1.0,0.6842320026814578,10310912,equity_garman_klass_variance,global,observation,2016-01-01,400,raw_history_2714
322,1.5,0.7095178440252903,10310912,equity_garman_klass_variance,global,observation,2016-01-01,400,raw_history_2714
322,2.0,0.8158280623669891,10310912,equity_garman_klass_variance,global,observation,2016-01-01,400,raw_history_2714
322,3.0,1.3919156856383448,10310912,equity_garman_klass_variance,global,observation,2016-01-01,400,raw_history_2714
322,4.0,3.167993054558715,10310912,equity_garman_klass_variance,global,observation,2016-01-01,400,raw_history_2714
323,1.0,0.6845738185273361,10308394,equity_garman_klass_variance,global,observation,2016-01-01,400,raw_history_2714
323,1.5,0.7099503513794143,10308394,equity_garman_klass_variance,global,observation,2016-01-01,400,raw_history_2714
323,2.0,0.8163536862613748,10308394,equity_garman_klass_variance,global,observation,2016-01-01,400,raw_history_2714
323,3.0,1.3925522472265375,10308394,equity_garman_klass_variance,global,observation,2016-01-01,400,raw_history_2714
323,4.0,3.1680257535986636,10308394,equity_garman_klass_variance,global,observation,2016-01-01,400,raw_history_2714
324,1.0,0.6849016645368512,10305876,equity_garman_klass_variance,global,observation,2016-01-01,400,raw_history_2714
324,1.5,0.7103839367145433,10305876,equity_garman_klass_variance,global,observation,2016-01-01,400,raw_history_2714
324,2.0,0.8169564609353477,10305876,equity_garman_klass_variance,global,observation,2016-01-01,400,raw_history_2714
324,3.0,1.3939278893232547,10305876,equity_garman_klass_variance,global,observation,2016-01-01,400,raw_history_2714
324,4.0,3.1721979024420195,10305876,equity_garman_klass_variance,global,observation,2016-01-01,400,raw_history_2714
325,1.0,0.6848976996070899,10303359,equity_garman_klass_variance,global,observation,2016-01-01,400,raw_history_2714
325,1.5,0.7104745588939964,10303359,equity_garman_klass_variance,global,observation,2016-01-01,400,raw_history_2714
325,2.0,0.8171700529235439,10303359,equity_garman_klass_variance,global,observation,2016-01-01,400,raw_history_2714
325,3.0,1.3944019439890687,10303359,equity_garman_klass_variance,global,observation,2016-01-01,400,raw_history_2714
325,4.0,3.171513474402619,10303359,equity_garman_klass_variance,global,observation,2016-01-01,400,raw_history_2714
326,1.0,0.685164063445326,10300844,equity_garman_klass_variance,global,observation,2016-01-01,400,raw_history_2714
326,1.5,0.7109223153975796,10300844,equity_garman_klass_variance,global,observation,2016-01-01,400,raw_history_2714
326,2.0,0.8178824033836913,10300844,equity_garman_klass_variance,global,observation,2016-01-01,400,raw_history_2714
326,3.0,1.3961776205357097,10300844,equity_garman_klass_variance,global,observation,2016-01-01,400,raw_history_2714
326,4.0,3.17674737260448,10300844,equity_garman_klass_variance,global,observation,2016-01-01,400,raw_history_2714
327,1.0,0.6858089266732168,10298330,equity_garman_klass_variance,global,observation,2016-01-01,400,raw_history_2714
327,1.5,0.7117508964351155,10298330,equity_garman_klass_variance,global,observation,2016-01-01,400,raw_history_2714
327,2.0,0.8189232840995092,10298330,equity_garman_klass_variance,global,observation,2016-01-01,400,raw_history_2714
327,3.0,1.3981429442370534,10298330,equity_garman_klass_variance,global,observation,2016-01-01,400,raw_history_2714
327,4.0,3.183325323708493,10298330,equity_garman_klass_variance,global,observation,2016-01-01,400,raw_history_2714
328,1.0,0.685970153199973,10295817,equity_garman_klass_variance,global,observation,2016-01-01,400,raw_history_2714
328,1.5,0.7121258019362771,10295817,equity_garman_klass_variance,global,observation,2016-01-01,400,raw_history_2714
328,2.0,0.8195972549109493,10295817,equity_garman_klass_variance,global,observation,2016-01-01,400,raw_history_2714
328,3.0,1.399764068387994,10295817,equity_garman_klass_variance,global,observation,2016-01-01,400,raw_history_2714
328,4.0,3.185668033920322,10295817,equity_garman_klass_variance,global,observation,2016-01-01,400,raw_history_2714
329,1.0,0.6865049520982197,10293304,equity_garman_klass_variance,global,observation,2016-01-01,400,raw_history_2714
329,1.5,0.7129713583222717,10293304,equity_garman_klass_variance,global,observation,2016-01-01,400,raw_history_2714
329,2.0,0.8209349505434113,10293304,equity_garman_klass_variance,global,observation,2016-01-01,400,raw_history_2714
329,3.0,1.4036579350575602,10293304,equity_garman_klass_variance,global,observation,2016-01-01,400,raw_history_2714
329,4.0,3.200117196071346,10293304,equity_garman_klass_variance,global,observation,2016-01-01,400,raw_history_2714
330,1.0,0.6866597058169236,10290792,equity_garman_klass_variance,global,observation,2016-01-01,400,raw_history_2714
330,1.5,0.7131175159663357,10290792,equity_garman_klass_variance,global,observation,2016-01-01,400,raw_history_2714
330,2.0,0.8210541946131831,10290792,equity_garman_klass_variance,global,observation,2016-01-01,400,raw_history_2714
330,3.0,1.403515036867253,10290792,equity_garman_klass_variance,global,observation,2016-01-01,400,raw_history_2714
330,4.0,3.1980951169996565,10290792,equity_garman_klass_variance,global,observation,2016-01-01,400,raw_history_2714
331,1.0,0.6868922589017799,10288281,equity_garman_klass_variance,global,observation,2016-01-01,400,raw_history_2714
331,1.5,0.7133470874745717,10288281,equity_garman_klass_variance,global,observation,2016-01-01,400,raw_history_2714
331,2.0,0.821179294007303,10288281,equity_garman_klass_variance,global,observation,2016-01-01,400,raw_history_2714
331,3.0,1.402396984767549,10288281,equity_garman_klass_variance,global,observation,2016-01-01,400,raw_history_2714
331,4.0,3.189407038300557,10288281,equity_garman_klass_variance,global,observation,2016-01-01,400,raw_history_2714
332,1.0,0.6869741354489128,10285771,equity_garman_klass_variance,global,observation,2016-01-01,400,raw_history_2714
332,1.5,0.7136075558720995,10285771,equity_garman_klass_variance,global,observation,2016-01-01,400,raw_history_2714
332,2.0,0.8217990587003725,10285771,equity_garman_klass_variance,global,observation,2016-01-01,400,raw_history_2714
332,3.0,1.4052056282887142,10285771,equity_garman_klass_variance,global,observation,2016-01-01,400,raw_history_2714
332,4.0,3.201959341317277,10285771,equity_garman_klass_variance,global,observation,2016-01-01,400,raw_history_2714
333,1.0,0.686992833531689,10283261,equity_garman_klass_variance,global,observation,2016-01-01,400,raw_history_2714
333,1.5,0.7137008466002474,10283261,equity_garman_klass_variance,global,observation,2016-01-01,400,raw_history_2714
333,2.0,0.8219681739692604,10283261,equity_garman_klass_variance,global,observation,2016-01-01,400,raw_history_2714
333,3.0,1.4053062653896855,10283261,equity_garman_klass_variance,global,observation,2016-01-01,400,raw_history_2714
333,4.0,3.199707845030247,10283261,equity_garman_klass_variance,global,observation,2016-01-01,400,raw_history_2714
334,1.0,0.6874881796993182,10280751,equity_garman_klass_variance,global,observation,2016-01-01,400,raw_history_2714
334,1.5,0.7143851101779507,10280751,equity_garman_klass_variance,global,observation,2016-01-01,400,raw_history_2714
334,2.0,0.8228889580817329,10280751,equity_garman_klass_variance,global,observation,2016-01-01,400,raw_history_2714
334,3.0,1.4068660979251213,10280751,equity_garman_klass_variance,global,observation,2016-01-01,400,raw_history_2714
334,4.0,3.2017701691113776,10280751,equity_garman_klass_variance,global,observation,2016-01-01,400,raw_history_2714
335,1.0,0.6876027118500083,10278241,equity_garman_klass_variance,global,observation,2016-01-01,400,raw_history_2714
335,1.5,0.7146094023353067,10278241,equity_garman_klass_variance,global,observation,2016-01-01,400,raw_history_2714
335,2.0,0.8233071226302302,10278241,equity_garman_klass_variance,global,observation,2016-01-01,400,raw_history_2714
335,3.0,1.4083051261541535,10278241,equity_garman_klass_variance,global,observation,2016-01-01,400,raw_history_2714
335,4.0,3.206448805170885,10278241,equity_garman_klass_variance,global,observation,2016-01-01,400,raw_history_2714
336,1.0,0.6877037337808719,10275731,equity_garman_klass_variance,global,observation,2016-01-01,400,raw_history_2714
336,1.5,0.7148093830567619,10275731,equity_garman_klass_variance,global,observation,2016-01-01,400,raw_history_2714
336,2.0,0.8236339686851288,10275731,equity_garman_klass_variance,global,observation,2016-01-01,400,raw_history_2714
336,3.0,1.4089924201991184,10275731,equity_garman_klass_variance,global,observation,2016-01-01,400,raw_history_2714
336,4.0,3.2075293940483367,10275731,equity_garman_klass_variance,global,observation,2016-01-01,400,raw_history_2714
337,1.0,0.6880221172775804,10273221,equity_garman_klass_variance,global,observation,2016-01-01,400,raw_history_2714
337,1.5,0.7152709747608363,10273221,equity_garman_klass_variance,global,observation,2016-01-01,400,raw_history_2714
337,2.0,0.8243144193475143,10273221,equity_garman_klass_variance,global,observation,2016-01-01,400,raw_history_2714
337,3.0,1.4106465847215597,10273221,equity_garman_klass_variance,global,observation,2016-01-01,400,raw_history_2714
337,4.0,3.2113501427892257,10273221,equity_garman_klass_variance,global,observation,2016-01-01,400,raw_history_2714
338,1.0,0.6882661107580084,10270711,equity_garman_klass_variance,global,observation,2016-01-01,400,raw_history_2714
338,1.5,0.7157527103546182,10270711,equity_garman_klass_variance,global,observation,2016-01-01,400,raw_history_2714
338,2.0,0.8251666703039354,10270711,equity_garman_klass_variance,global,observation,2016-01-01,400,raw_history_2714
338,3.0,1.4130323048630093,10270711,equity_garman_klass_variance,global,observation,2016-01-01,400,raw_history_2714
338,4.0,3.218387586542139,10270711,equity_garman_klass_variance,global,observation,2016-01-01,400,raw_history_2714
339,1.0,0.6885035867041264,10268201,equity_garman_klass_variance,global,observation,2016-01-01,400,raw_history_2714
339,1.5,0.7161003123312316,10268201,equity_garman_klass_variance,global,observation,2016-01-01,400,raw_history_2714
339,2.0,0.8256366969668337,10268201,equity_garman_klass_variance,global,observation,2016-01-01,400,raw_history_2714
339,3.0,1.4139923409586126,10268201,equity_garman_klass_variance,global,observation,2016-01-01,400,raw_history_2714
339,4.0,3.2220052145723024,10268201,equity_garman_klass_variance,global,observation,2016-01-01,400,raw_history_2714
340,1.0,0.6886232472627988,10265691,equity_garman_klass_variance,global,observation,2016-01-01,400,raw_history_2714
340,1.5,0.7163798950099551,10265691,equity_garman_klass_variance,global,observation,2016-01-01,400,raw_history_2714
340,2.0,0.8261886157065059,10265691,equity_garman_klass_variance,global,observation,2016-01-01,400,raw_history_2714
340,3.0,1.4158541998621448,10265691,equity_garman_klass_variance,global,observation,2016-01-01,400,raw_history_2714
340,4.0,3.227799077061133,10265691,equity_garman_klass_variance,global,observation,2016-01-01,400,raw_history_2714
341,1.0,0.6890185719234408,10263181,equity_garman_klass_variance,global,observation,2016-01-01,400,raw_history_2714
341,1.5,0.7169835480822998,10263181,equity_garman_klass_variance,global,observation,2016-01-01,400,raw_history_2714
341,2.0,0.8270610442885222,10263181,equity_garman_klass_variance,global,observation,2016-01-01,400,raw_history_2714
341,3.0,1.4176623516449642,10263181,equity_garman_klass_variance,global,observation,2016-01-01,400,raw_history_2714
341,4.0,3.232724684401978,10263181,equity_garman_klass_variance,global,observation,2016-01-01,400,raw_history_2714
342,1.0,0.6889187785658152,10260672,equity_garman_klass_variance,global,observation,2016-01-01,400,raw_history_2714
342,1.5,0.7168381980368844,10260672,equity_garman_klass_variance,global,observation,2016-01-01,400,raw_history_2714
342,2.0,0.8269233907124084,10260672,equity_garman_klass_variance,global,observation,2016-01-01,400,raw_history_2714
342,3.0,1.4180522037606826,10260672,equity_garman_klass_variance,global,observation,2016-01-01,400,raw_history_2714
342,4.0,3.236476532137927,10260672,equity_garman_klass_variance,global,observation,2016-01-01,400,raw_history_2714
343,1.0,0.689609754980771,10258163,equity_garman_klass_variance,global,observation,2016-01-01,400,raw_history_2714
343,1.5,0.7178197984918979,10258163,equity_garman_klass_variance,global,observation,2016-01-01,400,raw_history_2714
343,2.0,0.8282869624136886,10258163,equity_garman_klass_variance,global,observation,2016-01-01,400,raw_history_2714
343,3.0,1.4204964785219796,10258163,equity_garman_klass_variance,global,observation,2016-01-01,400,raw_history_2714
343,4.0,3.2378259267982896,10258163,equity_garman_klass_variance,global,observation,2016-01-01,400,raw_history_2714
344,1.0,0.6896155788543443,10255654,equity_garman_klass_variance,global,observation,2016-01-01,400,raw_history_2714
344,1.5,0.7178786392465484,10255654,equity_garman_klass_variance,global,observation,2016-01-01,400,raw_history_2714
344,2.0,0.8283341136469085,10255654,equity_garman_klass_variance,global,observation,2016-01-01,400,raw_history_2714
344,3.0,1.419834233615113,10255654,equity_garman_klass_variance,global,observation,2016-01-01,400,raw_history_2714
344,4.0,3.232371355602901,10255654,equity_garman_klass_variance,global,observation,2016-01-01,400,raw_history_2714
345,1.0,0.6897865468730993,10253146,equity_garman_klass_variance,global,observation,2016-01-01,400,raw_history_2714
345,1.5,0.7181757401269605,10253146,equity_garman_klass_variance,global,observation,2016-01-01,400,raw_history_2714
345,2.0,0.8288689132981607,10253146,equity_garman_klass_variance,global,observation,2016-01-01,400,raw_history_2714
345,3.0,1.4219039170935344,10253146,equity_garman_klass_variance,global,observation,2016-01-01,400,raw_history_2714
345,4.0,3.2423884331433968,10253146,equity_garman_klass_variance,global,observation,2016-01-01,400,raw_history_2714
346,1.0,0.6898296544970791,10250638,equity_garman_klass_variance,global,observation,2016-01-01,400,raw_history_2714
346,1.5,0.7182971937566214,10250638,equity_garman_klass_variance,global,observation,2016-01-01,400,raw_history_2714
346,2.0,0.8291095014141235,10250638,equity_garman_klass_variance,global,observation,2016-01-01,400,raw_history_2714
346,3.0,1.4221983085902279,10250638,equity_garman_klass_variance,global,observation,2016-01-01,400,raw_history_2714
346,4.0,3.2388851976897715,10250638,equity_garman_klass_variance,global,observation,2016-01-01,400,raw_history_2714
347,1.0,0.6899635657283983,10248130,equity_garman_klass_variance,global,observation,2016-01-01,400,raw_history_2714
347,1.5,0.718522096507482,10248130,equity_garman_klass_variance,global,observation,2016-01-01,400,raw_history_2714
347,2.0,0.8294709533339275,10248130,equity_garman_klass_variance,global,observation,2016-01-01,400,raw_history_2714
347,3.0,1.423283114304717,10248130,equity_garman_klass_variance,global,observation,2016-01-01,400,raw_history_2714
347,4.0,3.2434052781726335,10248130,equity_garman_klass_variance,global,observation,2016-01-01,400,raw_history_2714
348,1.0,0.690204743673632,10245622,equity_garman_klass_variance,global,observation,2016-01-01,400,raw_history_2714
348,1.5,0.7187748123300817,10245622,equity_garman_klass_variance,global,observation,2016-01-01,400,raw_history_2714
348,2.0,0.8297172650626881,10245622,equity_garman_klass_variance,global,observation,2016-01-01,400,raw_history_2714
348,3.0,1.4235498475277673,10245622,equity_garman_klass_variance,global,observation,2016-01-01,400,raw_history_2714
348,4.0,3.245373432630698,10245622,equity_garman_klass_variance,global,observation,2016-01-01,400,raw_history_2714
349,1.0,0.6905598607807327,10243116,equity_garman_klass_variance,global,observation,2016-01-01,400,raw_history_2714
349,1.5,0.7191936239004272,10243116,equity_garman_klass_variance,global,observation,2016-01-01,400,raw_history_2714
349,2.0,0.8301651219107936,10243116,equity_garman_klass_variance,global,observation,2016-01-01,400,raw_history_2714
349,3.0,1.4240771000224997,10243116,equity_garman_klass_variance,global,observation,2016-01-01,400,raw_history_2714
349,4.0,3.2472614228015053,10243116,equity_garman_klass_variance,global,observation,2016-01-01,400,raw_history_2714
350,1.0,0.6908419352580029,10240610,equity_garman_klass_variance,global,observation,2016-01-01,400,raw_history_2714
350,1.5,0.7196262648067147,10240610,equity_garman_klass_variance,global,observation,2016-01-01,400,raw_history_2714
350,2.0,0.8308759902781951,10240610,equity_garman_klass_variance,global,observation,2016-01-01,400,raw_history_2714
350,3.0,1.4262450474675017,10240610,equity_garman_klass_variance,global,observation,2016-01-01,400,raw_history_2714
350,4.0,3.253846594144404,10240610,equity_garman_klass_variance,global,observation,2016-01-01,400,raw_history_2714
351,1.0,0.691115929810549,10238104,equity_garman_klass_variance,global,observation,2016-01-01,400,raw_history_2714
351,1.5,0.7199487250448087,10238104,equity_garman_klass_variance,global,observation,2016-01-01,400,raw_history_2714
351,2.0,0.8311599760050495,10238104,equity_garman_klass_variance,global,observation,2016-01-01,400,raw_history_2714
351,3.0,1.425499521433072,10238104,equity_garman_klass_variance,global,observation,2016-01-01,400,raw_history_2714
351,4.0,3.246166907092296,10238104,equity_garman_klass_variance,global,observation,2016-01-01,400,raw_history_2714
352,1.0,0.6912432847839485,10235598,equity_garman_klass_variance,global,observation,2016-01-01,400,raw_history_2714
352,1.5,0.720159135748231,10235598,equity_garman_klass_variance,global,observation,2016-01-01,400,raw_history_2714
352,2.0,0.8315252506860791,10235598,equity_garman_klass_variance,global,observation,2016-01-01,400,raw_history_2714
352,3.0,1.426768616922027,10235598,equity_garman_klass_variance,global,observation,2016-01-01,400,raw_history_2714
352,4.0,3.251076961795101,10235598,equity_garman_klass_variance,global,observation,2016-01-01,400,raw_history_2714
353,1.0,0.6913632053908754,10233092,equity_garman_klass_variance,global,observation,2016-01-01,400,raw_history_2714
353,1.5,0.7203916706339536,10233092,equity_garman_klass_variance,global,observation,2016-01-01,400,raw_history_2714
353,2.0,0.8318790743594399,10233092,equity_garman_klass_variance,global,observation,2016-01-01,400,raw_history_2714
353,3.0,1.4271756764491927,10233092,equity_garman_klass_variance,global,observation,2016-01-01,400,raw_history_2714
353,4.0,3.249737193194735,10233092,equity_garman_klass_variance,global,observation,2016-01-01,400,raw_history_2714
354,1.0,0.6915040041652368,10230587,equity_garman_klass_variance,global,observation,2016-01-01,400,raw_history_2714
354,1.5,0.7205801419865453,10230587,equity_garman_klass_variance,global,observation,2016-01-01,400,raw_history_2714
354,2.0,0.8320792076132383,10230587,equity_garman_klass_variance,global,observation,2016-01-01,400,raw_history_2714
354,3.0,1.4271181269467808,10230587,equity_garman_klass_variance,global,observation,2016-01-01,400,raw_history_2714
354,4.0,3.2476943747441753,10230587,equity_garman_klass_variance,global,observation,2016-01-01,400,raw_history_2714
355,1.0,0.6918801907954475,10228082,equity_garman_klass_variance,global,observation,2016-01-01,400,raw_history_2714
355,1.5,0.7212124373548929,10228082,equity_garman_klass_variance,global,observation,2016-01-01,400,raw_history_2714
355,2.0,0.8331531043374647,10228082,equity_garman_klass_variance,global,observation,2016-01-01,400,raw_history_2714
355,3.0,1.430785183180245,10228082,equity_garman_klass_variance,global,observation,2016-01-01,400,raw_history_2714
355,4.0,3.263487972779747,10228082,equity_garman_klass_variance,global,observation,2016-01-01,400,raw_history_2714
356,1.0,0.6917857523092199,10225577,equity_garman_klass_variance,global,observation,2016-01-01,400,raw_history_2714
356,1.5,0.7210117798891205,10225577,equity_garman_klass_variance,global,observation,2016-01-01,400,raw_history_2714
356,2.0,0.8327533644695924,10225577,equity_garman_klass_variance,global,observation,2016-01-01,400,raw_history_2714
356,3.0,1.429017068937378,10225577,equity_garman_klass_variance,global,observation,2016-01-01,400,raw_history_2714
356,4.0,3.254067683656381,10225577,equity_garman_klass_variance,global,observation,2016-01-01,400,raw_history_2714
357,1.0,0.6919265153333584,10223072,equity_garman_klass_variance,global,observation,2016-01-01,400,raw_history_2714
357,1.5,0.721194062746321,10223072,equity_garman_klass_variance,global,observation,2016-01-01,400,raw_history_2714
357,2.0,0.8329762633865905,10223072,equity_garman_klass_variance,global,observation,2016-01-01,400,raw_history_2714
357,3.0,1.4292146282078724,10223072,equity_garman_klass_variance,global,observation,2016-01-01,400,raw_history_2714
357,4.0,3.253670336390332,10223072,equity_garman_klass_variance,global,observation,2016-01-01,400,raw_history_2714
358,1.0,0.6919752978549037,10220567,equity_garman_klass_variance,global,observation,2016-01-01,400,raw_history_2714
358,1.5,0.7211941512911454,10220567,equity_garman_klass_variance,global,observation,2016-01-01,400,raw_history_2714
358,2.0,0.8329438763865625,10220567,equity_garman_klass_variance,global,observation,2016-01-01,400,raw_history_2714
358,3.0,1.4294969665032886,10220567,equity_garman_klass_variance,global,observation,2016-01-01,400,raw_history_2714
358,4.0,3.2568721624813923,10220567,equity_garman_klass_variance,global,observation,2016-01-01,400,raw_history_2714
359,1.0,0.692562630444368,10218062,equity_garman_klass_variance,global,observation,2016-01-01,400,raw_history_2714
359,1.5,0.7219802089313183,10218062,equity_garman_klass_variance,global,observation,2016-01-01,400,raw_history_2714
359,2.0,0.8339165076599565,10218062,equity_garman_klass_variance,global,observation,2016-01-01,400,raw_history_2714
359,3.0,1.4304800052194286,10218062,equity_garman_klass_variance,global,observation,2016-01-01,400,raw_history_2714
359,4.0,3.253972895866667,10218062,equity_garman_klass_variance,global,observation,2016-01-01,400,raw_history_2714
360,1.0,0.692609855619408,10215560,equity_garman_klass_variance,global,observation,2016-01-01,400,raw_history_2714
360,1.5,0.7220888550073085,10215560,equity_garman_klass_variance,global,observation,2016-01-01,400,raw_history_2714
360,2.0,0.8341520868699234,10215560,equity_garman_klass_variance,global,observation,2016-01-01,400,raw_history_2714
360,3.0,1.4316349127246402,10215560,equity_garman_klass_variance,global,observation,2016-01-01,400,raw_history_2714
360,4.0,3.2600805106526862,10215560,equity_garman_klass_variance,global,observation,2016-01-01,400,raw_history_2714
361,1.0,0.6930028255698718,10213060,equity_garman_klass_variance,global,observation,2016-01-01,400,raw_history_2714
361,1.5,0.7224871127981289,10213060,equity_garman_klass_variance,global,observation,2016-01-01,400,raw_history_2714
361,2.0,0.8345267746036993,10213060,equity_garman_klass_variance,global,observation,2016-01-01,400,raw_history_2714
361,3.0,1.4317273290028512,10213060,equity_garman_klass_variance,global,observation,2016-01-01,400,raw_history_2714
361,4.0,3.258681368647312,10213060,equity_garman_klass_variance,global,observation,2016-01-01,400,raw_history_2714
362,1.0,0.6927582168079662,10210560,equity_garman_klass_variance,global,observation,2016-01-01,400,raw_history_2714
362,1.5,0.7221545776174747,10210560,equity_garman_klass_variance,global,observation,2016-01-01,400,raw_history_2714
362,2.0,0.8340616113059174,10210560,equity_garman_klass_variance,global,observation,2016-01-01,400,raw_history_2714
362,3.0,1.4306828354797312,10210560,equity_garman_klass_variance,global,observation,2016-01-01,400,raw_history_2714
362,4.0,3.2556804357572884,10210560,equity_garman_klass_variance,global,observation,2016-01-01,400,raw_history_2714
363,1.0,0.6928485774649716,10208062,equity_garman_klass_variance,global,observation,2016-01-01,400,raw_history_2714
363,1.5,0.7223342993919444,10208062,equity_garman_klass_variance,global,observation,2016-01-01,400,raw_history_2714
363,2.0,0.8344812903972886,10208062,equity_garman_klass_variance,global,observation,2016-01-01,400,raw_history_2714
363,3.0,1.4329952869265528,10208062,equity_garman_klass_variance,global,observation,2016-01-01,400,raw_history_2714
363,4.0,3.2671867431085393,10208062,equity_garman_klass_variance,global,observation,2016-01-01,400,raw_history_2714
364,1.0,0.6928395900175037,10205568,equity_garman_klass_variance,global,observation,2016-01-01,400,raw_history_2714
364,1.5,0.7222452967020162,10205568,equity_garman_klass_variance,global,observation,2016-01-01,400,raw_history_2714
364,2.0,0.8342615013410697,10205568,equity_garman_klass_variance,global,observation,2016-01-01,400,raw_history_2714
364,3.0,1.4321774845749358,10205568,equity_garman_klass_variance,global,observation,2016-01-01,400,raw_history_2714
364,4.0,3.264479266161856,10205568,equity_garman_klass_variance,global,observation,2016-01-01,400,raw_history_2714
365,1.0,0.6929593997081602,10203074,equity_garman_klass_variance,global,observation,2016-01-01,400,raw_history_2714
365,1.5,0.7224307873690612,10203074,equity_garman_klass_variance,global,observation,2016-01-01,400,raw_history_2714
365,2.0,0.8344939424398657,10203074,equity_garman_klass_variance,global,observation,2016-01-01,400,raw_history_2714
365,3.0,1.4323347221882117,10203074,equity_garman_klass_variance,global,observation,2016-01-01,400,raw_history_2714
365,4.0,3.263659114522741,10203074,equity_garman_klass_variance,global,observation,2016-01-01,400,raw_history_2714
366,1.0,0.6927686664761016,10200581,equity_garman_klass_variance,global,observation,2016-01-01,400,raw_history_2714
366,1.5,0.7222426620080307,10200581,equity_garman_klass_variance,global,observation,2016-01-01,400,raw_history_2714
366,2.0,0.8343631070731733,10200581,equity_garman_klass_variance,global,observation,2016-01-01,400,raw_history_2714
366,3.0,1.4325668402385003,10200581,equity_garman_klass_variance,global,observation,2016-01-01,400,raw_history_2714
366,4.0,3.2646638252814832,10200581,equity_garman_klass_variance,global,observation,2016-01-01,400,raw_history_2714
367,1.0,0.692976598352148,10198088,equity_garman_klass_variance,global,observation,2016-01-01,400,raw_history_2714
367,1.5,0.7224832477358346,10198088,equity_garman_klass_variance,global,observation,2016-01-01,400,raw_history_2714
367,2.0,0.8346343085200849,10198088,equity_garman_klass_variance,global,observation,2016-01-01,400,raw_history_2714
367,3.0,1.433088238973405,10198088,equity_garman_klass_variance,global,observation,2016-01-01,400,raw_history_2714
367,4.0,3.2670668114544865,10198088,equity_garman_klass_variance,global,observation,2016-01-01,400,raw_history_2714
368,1.0,0.6930213734439753,10195596,equity_garman_klass_variance,global,observation,2016-01-01,400,raw_history_2714
368,1.5,0.7224743820455777,10195596,equity_garman_klass_variance,global,observation,2016-01-01,400,raw_history_2714
368,2.0,0.8344999278480977,10195596,equity_garman_klass_variance,global,observation,2016-01-01,400,raw_history_2714
368,3.0,1.4320244052403335,10195596,equity_garman_klass_variance,global,observation,2016-01-01,400,raw_history_2714
368,4.0,3.2615084991789263,10195596,equity_garman_klass_variance,global,observation,2016-01-01,400,raw_history_2714
369,1.0,0.6928728841651826,10193106,equity_garman_klass_variance,global,observation,2016-01-01,400,raw_history_2714
369,1.5,0.7223896784715012,10193106,equity_garman_klass_variance,global,observation,2016-01-01,400,raw_history_2714
369,2.0,0.8345156260926806,10193106,equity_garman_klass_variance,global,observation,2016-01-01,400,raw_history_2714
369,3.0,1.4325603912701557,10193106,equity_garman_klass_variance,global,observation,2016-01-01,400,raw_history_2714
369,4.0,3.2640139663271155,10193106,equity_garman_klass_variance,global,observation,2016-01-01,400,raw_history_2714
370,1.0,0.6927996321599293,10190616,equity_garman_klass_variance,global,observation,2016-01-01,400,raw_history_2714
370,1.5,0.7222567880138298,10190616,equity_garman_klass_variance,global,observation,2016-01-01,400,raw_history_2714
370,2.0,0.8342836673032475,10190616,equity_garman_klass_variance,global,observation,2016-01-01,400,raw_history_2714
370,3.0,1.4313966550162538,10190616,equity_garman_klass_variance,global,observation,2016-01-01,400,raw_history_2714
370,4.0,3.255794131709331,10190616,equity_garman_klass_variance,global,observation,2016-01-01,400,raw_history_2714
371,1.0,0.6923975364191516,10188127,equity_garman_klass_variance,global,observation,2016-01-01,400,raw_history_2714
371,1.5,0.7216586286839308,10188127,equity_garman_klass_variance,global,observation,2016-01-01,400,raw_history_2714
371,2.0,0.833426860375652,10188127,equity_garman_klass_variance,global,observation,2016-01-01,400,raw_history_2714
371,3.0,1.4299528752575434,10188127,equity_garman_klass_variance,global,observation,2016-01-01,400,raw_history_2714
371,4.0,3.256114332716118,10188127,equity_garman_klass_variance,global,observation,2016-01-01,400,raw_history_2714
372,1.0,0.6926239858276012,10185638,equity_garman_klass_variance,global,observation,2016-01-01,400,raw_history_2714
372,1.5,0.7219692726758715,10185638,equity_garman_klass_variance,global,observation,2016-01-01,400,raw_history_2714
372,2.0,0.8339130862034568,10185638,equity_garman_klass_variance,global,observation,2016-01-01,400,raw_history_2714
372,3.0,1.4317512779341408,10185638,equity_garman_klass_variance,global,observation,2016-01-01,400,raw_history_2714
372,4.0,3.263838388716782,10185638,equity_garman_klass_variance,global,observation,2016-01-01,400,raw_history_2714
373,1.0,0.6926508973272183,10183149,equity_garman_klass_variance,global,observation,2016-01-01,400,raw_history_2714
373,1.5,0.722016042819629,10183149,equity_garman_klass_variance,global,observation,2016-01-01,400,raw_history_2714
373,2.0,0.8340116501678365,10183149,equity_garman_klass_variance,global,observation,2016-01-01,400,raw_history_2714
373,3.0,1.4322086804478509,10183149,equity_garman_klass_variance,global,observation,2016-01-01,400,raw_history_2714
373,4.0,3.266655649554325,10183149,equity_garman_klass_variance,global,observation,2016-01-01,400,raw_history_2714
374,1.0,0.6925192889601417,10180660,equity_garman_klass_variance,global,observation,2016-01-01,400,raw_history_2714
374,1.5,0.7217899014008451,10180660,equity_garman_klass_variance,global,observation,2016-01-01,400,raw_history_2714
374,2.0,0.8336026187807866,10180660,equity_garman_klass_variance,global,observation,2016-01-01,400,raw_history_2714
374,3.0,1.4306072114669426,10180660,equity_garman_klass_variance,global,observation,2016-01-01,400,raw_history_2714
374,4.0,3.2595681263111906,10180660,equity_garman_klass_variance,global,observation,2016-01-01,400,raw_history_2714
375,1.0,0.6923232115623881,10178171,equity_garman_klass_variance,global,observation,2016-01-01,400,raw_history_2714
375,1.5,0.7215648226973674,10178171,equity_garman_klass_variance,global,observation,2016-01-01,400,raw_history_2714
375,2.0,0.833367546729677,10178171,equity_garman_klass_variance,global,observation,2016-01-01,400,raw_history_2714
375,3.0,1.4304025905795874,10178171,equity_garman_klass_variance,global,observation,2016-01-01,400,raw_history_2714
375,4.0,3.2595425013649497,10178171,equity_garman_klass_variance,global,observation,2016-01-01,400,raw_history_2714
376,1.0,0.6924282780536993,10175682,equity_garman_klass_variance,global,observation,2016-01-01,400,raw_history_2714
376,1.5,0.7216545023529338,10175682,equity_garman_klass_variance,global,observation,2016-01-01,400,raw_history_2714
376,2.0,0.8334160168685312,10175682,equity_garman_klass_variance,global,observation,2016-01-01,400,raw_history_2714
376,3.0,1.4304283712767918,10175682,equity_garman_klass_variance,global,observation,2016-01-01,400,raw_history_2714
376,4.0,3.2606716208795716,10175682,equity_garman_klass_variance,global,observation,2016-01-01,400,raw_history_2714
377,1.0,0.6923816065919575,10173195,equity_garman_klass_variance,global,observation,2016-01-01,400,raw_history_2714
377,1.5,0.7214726834483796,10173195,equity_garman_klass_variance,global,observation,2016-01-01,400,raw_history_2714
377,2.0,0.8330526754092443,10173195,equity_garman_klass_variance,global,observation,2016-01-01,400,raw_history_2714
377,3.0,1.4294562262074688,10173195,equity_garman_klass_variance,global,observation,2016-01-01,400,raw_history_2714
377,4.0,3.258147435985694,10173195,equity_garman_klass_variance,global,observation,2016-01-01,400,raw_history_2714
378,1.0,0.6924598822594838,10170708,equity_garman_klass_variance,global,observation,2016-01-01,400,raw_history_2714
378,1.5,0.7216221962364302,10170708,equity_garman_klass_variance,global,observation,2016-01-01,400,raw_history_2714
378,2.0,0.8332475453813611,10170708,equity_garman_klass_variance,global,observation,2016-01-01,400,raw_history_2714
378,3.0,1.4292088837978434,10170708,equity_garman_klass_variance,global,observation,2016-01-01,400,raw_history_2714
378,4.0,3.253239276305045,10170708,equity_garman_klass_variance,global,observation,2016-01-01,400,raw_history_2714
379,1.0,0.6926761425577987,10168221,equity_garman_klass_variance,global,observation,2016-01-01,400,raw_history_2714
379,1.5,0.7220334380630913,10168221,equity_garman_klass_variance,global,observation,2016-01-01,400,raw_history_2714
379,2.0,0.8339316173921523,10168221,equity_garman_klass_variance,global,observation,2016-01-01,400,raw_history_2714
379,3.0,1.4306868520680134,10168221,equity_garman_klass_variance,global,observation,2016-01-01,400,raw_history_2714
379,4.0,3.2550160792266203,10168221,equity_garman_klass_variance,global,observation,2016-01-01,400,raw_history_2714
380,1.0,0.6928488445538774,10165736,equity_garman_klass_variance,global,observation,2016-01-01,400,raw_history_2714
380,1.5,0.7223420376850651,10165736,equity_garman_klass_variance,global,observation,2016-01-01,400,raw_history_2714
380,2.0,0.8344852370301514,10165736,equity_garman_klass_variance,global,observation,2016-01-01,400,raw_history_2714
380,3.0,1.4328523681373315,10165736,equity_garman_klass_variance,global,observation,2016-01-01,400,raw_history_2714
380,4.0,3.265795946059249,10165736,equity_garman_klass_variance,global,observation,2016-01-01,400,raw_history_2714
381,1.0,0.6931758573195979,10163252,equity_garman_klass_variance,global,observation,2016-01-01,400,raw_history_2714
381,1.5,0.7228078851108181,10163252,equity_garman_klass_variance,global,observation,2016-01-01,400,raw_history_2714
381,2.0,0.8351574670846649,10163252,equity_garman_klass_variance,global,observation,2016-01-01,400,raw_history_2714
381,3.0,1.4344269291900995,10163252,equity_garman_klass_variance,global,observation,2016-01-01,400,raw_history_2714
381,4.0,3.269875250721585,10163252,equity_garman_klass_variance,global,observation,2016-01-01,400,raw_history_2714
382,1.0,0.6935069509666214,10160768,equity_garman_klass_variance,global,observation,2016-01-01,400,raw_history_2714
382,1.5,0.7231795544799082,10160768,equity_garman_klass_variance,global,observation,2016-01-01,400,raw_history_2714
382,2.0,0.8355397264264731,10160768,equity_garman_klass_variance,global,observation,2016-01-01,400,raw_history_2714
382,3.0,1.4349432826972364,10160768,equity_garman_klass_variance,global,observation,2016-01-01,400,raw_history_2714
382,4.0,3.2726080906818993,10160768,equity_garman_klass_variance,global,observation,2016-01-01,400,raw_history_2714
383,1.0,0.6939706477771629,10158285,equity_garman_klass_variance,global,observation,2016-01-01,400,raw_history_2714
383,1.5,0.7237392533991797,10158285,equity_garman_klass_variance,global,observation,2016-01-01,400,raw_history_2714
383,2.0,0.8361242621687002,10158285,equity_garman_klass_variance,global,observation,2016-01-01,400,raw_history_2714
383,3.0,1.4347497039718966,10158285,equity_garman_klass_variance,global,observation,2016-01-01,400,raw_history_2714
383,4.0,3.2664770637363594,10158285,equity_garman_klass_variance,global,observation,2016-01-01,400,raw_history_2714
384,1.0,0.6941060195904413,10155803,equity_garman_klass_variance,global,observation,2016-01-01,400,raw_history_2714
384,1.5,0.7239251064288879,10155803,equity_garman_klass_variance,global,observation,2016-01-01,400,raw_history_2714
384,2.0,0.8363477507175514,10155803,equity_garman_klass_variance,global,observation,2016-01-01,400,raw_history_2714
384,3.0,1.4348189053288984,10155803,equity_garman_klass_variance,global,observation,2016-01-01,400,raw_history_2714
384,4.0,3.263686318567277,10155803,equity_garman_klass_variance,global,observation,2016-01-01,400,raw_history_2714
385,1.0,0.6943488380788558,10153323,equity_garman_klass_variance,global,observation,2016-01-01,400,raw_history_2714
385,1.5,0.7242542446767679,10153323,equity_garman_klass_variance,global,observation,2016-01-01,400,raw_history_2714
385,2.0,0.8368442248444351,10153323,equity_garman_klass_variance,global,observation,2016-01-01,400,raw_history_2714
385,3.0,1.4364729018745768,10153323,equity_garman_klass_variance,global,observation,2016-01-01,400,raw_history_2714
385,4.0,3.271498433799186,10153323,equity_garman_klass_variance,global,observation,2016-01-01,400,raw_history_2714
386,1.0,0.6942768096673967,10150844,equity_garman_klass_variance,global,observation,2016-01-01,400,raw_history_2714
386,1.5,0.7242124917682835,10150844,equity_garman_klass_variance,global,observation,2016-01-01,400,raw_history_2714
386,2.0,0.8368767454242888,10150844,equity_garman_klass_variance,global,observation,2016-01-01,400,raw_history_2714
386,3.0,1.437265942677229,10150844,equity_garman_klass_variance,global,observation,2016-01-01,400,raw_history_2714
386,4.0,3.277281667258803,10150844,equity_garman_klass_variance,global,observation,2016-01-01,400,raw_history_2714
387,1.0,0.6944916489076833,10148365,equity_garman_klass_variance,global,observation,2016-01-01,400,raw_history_2714
387,1.5,0.724422694030684,10148365,equity_garman_klass_variance,global,observation,2016-01-01,400,raw_history_2714
387,2.0,0.8369664598376078,10148365,equity_garman_klass_variance,global,observation,2016-01-01,400,raw_history_2714
387,3.0,1.4358876288802,10148365,equity_garman_klass_variance,global,observation,2016-01-01,400,raw_history_2714
387,4.0,3.2667304433698847,10148365,equity_garman_klass_variance,global,observation,2016-01-01,400,raw_history_2714
388,1.0,0.694736420412207,10145887,equity_garman_klass_variance,global,observation,2016-01-01,400,raw_history_2714
388,1.5,0.7248023910303651,10145887,equity_garman_klass_variance,global,observation,2016-01-01,400,raw_history_2714
388,2.0,0.8375222673764025,10145887,equity_garman_klass_variance,global,observation,2016-01-01,400,raw_history_2714
388,3.0,1.4370180132385204,10145887,equity_garman_klass_variance,global,observation,2016-01-01,400,raw_history_2714
388,4.0,3.268987801084165,10145887,equity_garman_klass_variance,global,observation,2016-01-01,400,raw_history_2714
389,1.0,0.6949991924547086,10143413,equity_garman_klass_variance,global,observation,2016-01-01,400,raw_history_2714
389,1.5,0.7251165947001568,10143413,equity_garman_klass_variance,global,observation,2016-01-01,400,raw_history_2714
389,2.0,0.8379086714206462,10143413,equity_garman_klass_variance,global,observation,2016-01-01,400,raw_history_2714
389,3.0,1.4378424715200204,10143413,equity_garman_klass_variance,global,observation,2016-01-01,400,raw_history_2714
389,4.0,3.2722933875170304,10143413,equity_garman_klass_variance,global,observation,2016-01-01,400,raw_history_2714
390,1.0,0.6955736622987191,10140940,equity_garman_klass_variance,global,observation,2016-01-01,400,raw_history_2714
390,1.5,0.725728598928516,10140940,equity_garman_klass_variance,global,observation,2016-01-01,400,raw_history_2714
390,2.0,0.838493187282887,10140940,equity_garman_klass_variance,global,observation,2016-01-01,400,raw_history_2714
390,3.0,1.4379760259015637,10140940,equity_garman_klass_variance,global,observation,2016-01-01,400,raw_history_2714
390,4.0,3.269712650998331,10140940,equity_garman_klass_variance,global,observation,2016-01-01,400,raw_history_2714
391,1.0,0.6958574379545469,10138468,equity_garman_klass_variance,global,observation,2016-01-01,400,raw_history_2714
391,1.5,0.7261800859156234,10138468,equity_garman_klass_variance,global,observation,2016-01-01,400,raw_history_2714
391,2.0,0.8391824925678802,10138468,equity_garman_klass_variance,global,observation,2016-01-01,400,raw_history_2714
391,3.0,1.4398815062300712,10138468,equity_garman_klass_variance,global,observation,2016-01-01,400,raw_history_2714
391,4.0,3.277122657014657,10138468,equity_garman_klass_variance,global,observation,2016-01-01,400,raw_history_2714
392,1.0,0.6961142651841806,10135997,equity_garman_klass_variance,global,observation,2016-01-01,400,raw_history_2714
392,1.5,0.7264765432439972,10135997,equity_garman_klass_variance,global,observation,2016-01-01,400,raw_history_2714
392,2.0,0.8394736925618119,10135997,equity_garman_klass_variance,global,observation,2016-01-01,400,raw_history_2714
392,3.0,1.4397743268025227,10135997,equity_garman_klass_variance,global,observation,2016-01-01,400,raw_history_2714
392,4.0,3.274437464369075,10135997,equity_garman_klass_variance,global,observation,2016-01-01,400,raw_history_2714
393,1.0,0.6962650932146758,10133527,equity_garman_klass_variance,global,observation,2016-01-01,400,raw_history_2714
393,1.5,0.726835746811998,10133527,equity_garman_klass_variance,global,observation,2016-01-01,400,raw_history_2714
393,2.0,0.8401839708024467,10133527,equity_garman_klass_variance,global,observation,2016-01-01,400,raw_history_2714
393,3.0,1.442489209982843,10133527,equity_garman_klass_variance,global,observation,2016-01-01,400,raw_history_2714
393,4.0,3.286568034914343,10133527,equity_garman_klass_variance,global,observation,2016-01-01,400,raw_history_2714
394,1.0,0.6965739788528771,10131057,equity_garman_klass_variance,global,observation,2016-01-01,400,raw_history_2714
394,1.5,0.7271494052572576,10131057,equity_garman_klass_variance,global,observation,2016-01-01,400,raw_history_2714
394,2.0,0.8404793697360678,10131057,equity_garman_klass_variance,global,observation,2016-01-01,400,raw_history_2714
394,3.0,1.4426024119590082,10131057,equity_garman_klass_variance,global,observation,2016-01-01,400,raw_history_2714
394,4.0,3.2858848334457336,10131057,equity_garman_klass_variance,global,observation,2016-01-01,400,raw_history_2714
395,1.0,0.6972436824292989,10128587,equity_garman_klass_variance,global,observation,2016-01-01,400,raw_history_2714
395,1.5,0.7280124397967895,10128587,equity_garman_klass_variance,global,observation,2016-01-01,400,raw_history_2714
395,2.0,0.8414880902208973,10128587,equity_garman_klass_variance,global,observation,2016-01-01,400,raw_history_2714
395,3.0,1.4433891293625902,10128587,equity_garman_klass_variance,global,observation,2016-01-01,400,raw_history_2714
395,4.0,3.281692190516741,10128587,equity_garman_klass_variance,global,observation,2016-01-01,400,raw_history_2714
396,1.0,0.6973166478039022,10126117,equity_garman_klass_variance,global,observation,2016-01-01,400,raw_history_2714
396,1.5,0.7281345283826081,10126117,equity_garman_klass_variance,global,observation,2016-01-01,400,raw_history_2714
396,2.0,0.8417083074639412,10126117,equity_garman_klass_variance,global,observation,2016-01-01,400,raw_history_2714
396,3.0,1.4440128282706393,10126117,equity_garman_klass_variance,global,observation,2016-01-01,400,raw_history_2714
396,4.0,3.282594387823552,10126117,equity_garman_klass_variance,global,observation,2016-01-01,400,raw_history_2714
397,1.0,0.6976146829573018,10123648,equity_garman_klass_variance,global,observation,2016-01-01,400,raw_history_2714
397,1.5,0.7286467460496547,10123648,equity_garman_klass_variance,global,observation,2016-01-01,400,raw_history_2714
397,2.0,0.8424912869595256,10123648,equity_garman_klass_variance,global,observation,2016-01-01,400,raw_history_2714
397,3.0,1.4456534037969282,10123648,equity_garman_klass_variance,global,observation,2016-01-01,400,raw_history_2714
397,4.0,3.2869012046052655,10123648,equity_garman_klass_variance,global,observation,2016-01-01,400,raw_history_2714
398,1.0,0.6976608132251108,10121180,equity_garman_klass_variance,global,observation,2016-01-01,400,raw_history_2714
398,1.5,0.7287356110982964,10121180,equity_garman_klass_variance,global,observation,2016-01-01,400,raw_history_2714
398,2.0,0.8426278856974168,10121180,equity_garman_klass_variance,global,observation,2016-01-01,400,raw_history_2714
398,3.0,1.445986488964186,10121180,equity_garman_klass_variance,global,observation,2016-01-01,400,raw_history_2714
398,4.0,3.2883462076759966,10121180,equity_garman_klass_variance,global,observation,2016-01-01,400,raw_history_2714
399,1.0,0.6979336250992808,10118712,equity_garman_klass_variance,global,observation,2016-01-01,400,raw_history_2714
399,1.5,0.7291503465612782,10118712,equity_garman_klass_variance,global,observation,2016-01-01,400,raw_history_2714
399,2.0,0.8432510555175956,10118712,equity_garman_klass_variance,global,observation,2016-01-01,400,raw_history_2714
399,3.0,1.447658758908985,10118712,equity_garman_klass_variance,global,observation,2016-01-01,400,raw_history_2714
399,4.0,3.2937764435695263,10118712,equity_garman_klass_variance,global,observation,2016-01-01,400,raw_history_2714
400,1.0,0.6982936328620101,10116244,equity_garman_klass_variance,global,observation,2016-01-01,400,raw_history_2714
400,1.5,0.7296196720749969,10116244,equity_garman_klass_variance,global,observation,2016-01-01,400,raw_history_2714
400,2.0,0.8439178411957071,10116244,equity_garman_klass_variance,global,observation,2016-01-01,400,raw_history_2714
400,3.0,1.449507815626753,10116244,equity_garman_klass_variance,global,observation,2016-01-01,400,raw_history_2714
400,4.0,3.301213816265743,10116244,equity_garman_klass_variance,global,observation,2016-01-01,400,raw_history_2714
